"tnved_code"@;@"imp_usd"@;@"exp_usd"@;@"manufacture_usd"@;@"power_usd"@;@"sold_usd"@;@"left_usd"@;@"market_by_tnved"@;@"fm"@;@"pl_2"@;@"coef_gotovnosti"@;@"pl_3"@;@"ilp"
"8452109000"@;@5 437@;@@;@901 667@;@902 412@;@901 464@;@12 125@;@894 979@;@745@;@745@;@0,3@;@223,5@;@0,1
"6204291100"@;@@;@39 130@;@122 239@;@216 076@;@114 696@;@8 276@;@113 963@;@93 837@;@@;@0,6@;@@;@
"8425110000"@;@3 207 373@;@97 801@;@187 727@;@187 727@;@187 407@;@@;@3 297 299@;@0@;@0@;@1@;@0@;@0,69
"5801360000"@;@870 699@;@@;@2 793@;@2 793@;@2 793@;@@;@873 492@;@0@;@0@;@0,3@;@0@;@0,56
"3809930000"@;@1 457 811@;@150 438@;@@;@@;@@;@@;@1 457 811@;@@;@@;@0,3@;@@;@0,56
"8504403008"@;@33 644 501@;@11 830@;@@;@@;@@;@@;@33 644 501@;@@;@@;@0,3@;@@;@0,56
"9004109900"@;@116 467@;@4 376@;@24 191@;@32 255@;@24 191@;@@;@136 282@;@8 064@;@8 064@;@0,6@;@4 838,4@;@0,57
"8544499500"@;@@;@@;@51 456 265@;@57 012 611@;@50 423 434@;@8 988 674@;@50 423 434@;@5 556 346@;@@;@0,3@;@@;@
"8480710000"@;@35 261 959@;@353 784@;@108 976@;@248 775@;@108 976@;@2 535@;@35 014 616@;@139 799@;@139 799@;@0,6@;@83 879,4@;@0,62
"5007903000"@;@787@;@@;@7 726@;@7 726@;@7 726@;@@;@8 513@;@0@;@0@;@0,3@;@0@;@0,11
"7220908009"@;@290 782@;@@;@@;@@;@@;@@;@290 782@;@@;@@;@0@;@@;@0,5
"3002590000"@;@10 497@;@@;@@;@@;@@;@@;@10 497@;@@;@@;@0@;@@;@0,5
"8477300000"@;@19 404 822@;@2 413 706@;@@;@@;@@;@@;@19 404 822@;@@;@@;@0,3@;@@;@0,56
"7326904000"@;@911 137@;@13 421@;@2 282 000@;@2 297 158@;@2 251 426@;@34 101@;@3 159 036@;@15 158@;@15 158@;@1@;@15 158@;@0,35
"4703290009"@;@19 166 603@;@35 048@;@@;@@;@@;@@;@19 166 603@;@@;@@;@0,3@;@@;@0,56
"8704319200"@;@35 125 847@;@174 197@;@13 426 456@;@14 313 654@;@8 576 899@;@4 918 845@;@43 459 261@;@887 198@;@887 198@;@1@;@887 198@;@0,61
"6904100000"@;@1 782 623@;@8 868 030@;@77 695 556@;@85 991 354@;@60 074 860@;@23 341 627@;@56 136 552@;@8 295 798@;@1 782 623@;@1@;@1 782 623@;@1,61
"6214300000"@;@133 824@;@287 064@;@1 185@;@1 185@;@55@;@2 837@;@132 172@;@0@;@0@;@1@;@0@;@0,71
"5911321900"@;@124 708@;@@;@3 541@;@3 541@;@3 541@;@@;@128 249@;@0@;@0@;@0,3@;@0@;@0,55
"8419200000"@;@7 376 816@;@@;@511 593@;@526 346@;@385 141@;@130 680@;@7 757 729@;@14 753@;@14 753@;@0,7@;@10 327,1@;@0,62
"8525819100"@;@80 619@;@2 583@;@@;@@;@@;@@;@80 619@;@@;@@;@0,3@;@@;@0,56
"2933370000"@;@10 543@;@@;@@;@@;@@;@@;@10 543@;@@;@@;@0@;@@;@0,5
"0307299009"@;@1@;@@;@@;@@;@@;@@;@1@;@@;@@;@0@;@@;@0,5
"4816900000"@;@84 497@;@10@;@55 047@;@@;@55 047@;@@;@139 534@;@@;@@;@0,6@;@@;@0,42
"2005800000"@;@5 144 106@;@7 539 323@;@10 889 430@;@11 892 808@;@8 446 704@;@2 460 455@;@13 573 081@;@1 003 378@;@1 003 378@;@0,6@;@602 026,8@;@0,37
"9613800000"@;@675 858@;@1 247@;@@;@@;@@;@@;@675 858@;@@;@@;@0,3@;@@;@0,56
"2202909500"@;@@;@@;@14 297@;@14 297@;@14 297@;@@;@14 297@;@0@;@@;@0,3@;@@;@
"0305420000"@;@50 195@;@@;@@;@@;@@;@@;@50 195@;@@;@@;@0@;@@;@0,5
"8703221097"@;@@;@@;@@;@@;@@;@@;@0@;@@;@@;@0,4@;@@;@
"3102500000"@;@10 836@;@1 299 566@;@2 619 466@;@2 619 466@;@2 650 709@;@227 397@;@2 402 905@;@0@;@0@;@1@;@0@;@0,2
"2008199201"@;@83 412@;@12 535@;@@;@@;@@;@@;@83 412@;@@;@@;@0,3@;@@;@0,56
"7210128000"@;@@;@@;@453 580@;@453 580@;@453 580@;@@;@453 580@;@0@;@@;@0,3@;@@;@
"7217101000"@;@132 604@;@@;@9 275 404@;@9 338 872@;@7 666 487@;@1 909 958@;@7 498 050@;@63 468@;@63 468@;@0,3@;@19 040,4@;@0,21
"9021500000"@;@868 302@;@@;@@;@@;@@;@@;@868 302@;@@;@@;@0@;@@;@0,5
"8421398002"@;@548 593@;@@;@67 287@;@67 998@;@67 287@;@@;@615 880@;@711@;@711@;@0,3@;@213,3@;@0,51
"8526100009"@;@4 715 206@;@415 324@;@1 597 049@;@3 194 098@;@1 455 992@;@502 527@;@5 394 404@;@1 597 049@;@1 597 049@;@0,6@;@958 229,4@;@0,66
"8537101000"@;@6 455 823@;@16 792@;@9 843 170@;@10 936 007@;@9 882 694@;@389 907@;@15 909 086@;@1 092 837@;@1 092 837@;@1@;@1 092 837@;@0,45
"7306304100"@;@314 866@;@@;@@;@@;@@;@@;@314 866@;@@;@@;@0@;@@;@0,5
"9014202000"@;@22 611@;@4 245@;@@;@@;@@;@@;@22 611@;@@;@@;@0,3@;@@;@0,56
"6211431000"@;@105 778@;@99 097@;@2 305 362@;@@;@2 305 362@;@@;@2 411 140@;@@;@@;@1@;@@;@0,22
"8802120001"@;@24 595 975@;@@;@@;@@;@@;@@;@24 595 975@;@@;@@;@0@;@@;@0,5
"2908190000"@;@21 311@;@@;@@;@@;@@;@@;@21 311@;@@;@@;@0@;@@;@0,5
"4102101000"@;@@;@@;@4 417 450@;@4 662 798@;@1 257 393@;@790 014@;@1 257 393@;@245 348@;@@;@0,3@;@@;@
"303311000"@;@@;@@;@163 251@;@163 251@;@163 251@;@@;@163 251@;@0@;@@;@0,3@;@@;@
"8419500000"@;@13 519 082@;@1 572 983@;@18 684 702@;@20 067 123@;@16 395 992@;@2 327 268@;@29 876 516@;@1 382 421@;@1 382 421@;@1@;@1 382 421@;@0,46
"6204631800"@;@1 121 904@;@358 145@;@206@;@206@;@209@;@62@;@763 903@;@0@;@0@;@0,6@;@0@;@0,85
"8407219900"@;@256 042@;@@;@@;@@;@@;@@;@256 042@;@@;@@;@0@;@@;@0,5
"2009611003"@;@3 100@;@@;@@;@@;@@;@@;@3 100@;@@;@@;@0@;@@;@0,5
"5512299000"@;@15 147@;@@;@@;@@;@@;@@;@15 147@;@@;@@;@0@;@@;@0,5
"8528728000"@;@336 338@;@@;@5 663 068@;@5 663 068@;@5 447 005@;@277 113@;@5 722 293@;@0@;@0@;@0,3@;@0@;@0,09
"7019120000"@;@1 693 829@;@@;@@;@@;@@;@@;@1 693 829@;@@;@@;@0@;@@;@0,5
"8515399000"@;@1 157 551@;@8 011@;@5 301@;@5 301@;@4 090@;@1 212@;@1 153 629@;@0@;@0@;@0,6@;@0@;@0,62
"6104310000"@;@18 976@;@7 345@;@417 167@;@417 167@;@417 167@;@@;@436 143@;@0@;@0@;@0,6@;@0@;@0,14
"6403511500"@;@26 286@;@@;@1 795 164@;@1 971 934@;@1 819 543@;@110 819@;@1 710 631@;@176 770@;@26 286@;@0,3@;@7 885,8@;@2,09
"4823908593"@;@1 099@;@15@;@790@;@@;@790@;@@;@1 874@;@@;@@;@0,6@;@@;@0,41
"8433539000"@;@22 643@;@@;@@;@@;@@;@@;@22 643@;@@;@@;@0@;@@;@0,5
"8462110000"@;@32 057 021@;@@;@241 609@;@241 609@;@241 609@;@@;@32 298 630@;@0@;@0@;@0,3@;@0@;@0,56
"2939790000"@;@59 767@;@@;@@;@@;@@;@@;@59 767@;@@;@@;@0@;@@;@0,5
"3920491009"@;@4 895 427@;@40 740@;@690 926@;@690 926@;@692 438@;@1 309@;@5 544 304@;@0@;@0@;@0,6@;@0@;@0,56
"8417209000"@;@1 725 156@;@1 196@;@77 074@;@77 074@;@77 074@;@@;@1 801 034@;@0@;@0@;@0,6@;@0@;@0,6
"7321111000"@;@2 000 625@;@4 707 582@;@22 140 643@;@22 825 060@;@20 990 762@;@2 616 064@;@21 525 204@;@684 417@;@684 417@;@1@;@684 417@;@0,35
"5209410000"@;@14 345@;@@;@@;@@;@@;@@;@14 345@;@@;@@;@0,4@;@@;@0,58
"2710194230"@;@@;@@;@219 615 200@;@219 615 200@;@222 479 850@;@1 236 757@;@222 479 850@;@0@;@@;@0,3@;@@;@
"8711900000"@;@540@;@@;@2 018 134@;@2 328 616@;@1 476 038@;@1 022 558@;@996 116@;@310 482@;@540@;@0,3@;@162@;@100
"2204218900"@;@@;@@;@1 432 849@;@2 675 761@;@1 418 584@;@216 979@;@1 418 584@;@1 242 912@;@@;@0,3@;@@;@
"8474390009"@;@7 651 819@;@84 830@;@94 747@;@94 747@;@94 747@;@@;@7 661 736@;@0@;@0@;@0,6@;@0@;@0,62
"8523493900"@;@25@;@@;@@;@@;@@;@@;@25@;@@;@@;@0@;@@;@0,5
"1104222000"@;@@;@@;@8 815 899@;@9 077 552@;@5 592 673@;@3 397 029@;@5 592 673@;@261 653@;@@;@0,3@;@@;@
"2007101010"@;@37 694@;@@;@11 335@;@11 335@;@11 335@;@@;@49 029@;@0@;@0@;@0,3@;@0@;@0,44
"6403919600"@;@15 230@;@378 628@;@1 108 722@;@1 135 827@;@1 038 093@;@117 522@;@1 006 430@;@27 105@;@15 230@;@1@;@15 230@;@0,74
"7207203200"@;@6 554@;@@;@@;@@;@@;@@;@6 554@;@@;@@;@0@;@@;@0,5
"7318290009"@;@@;@@;@134 651@;@139 252@;@134 098@;@119 067@;@134 098@;@4 601@;@@;@0,3@;@@;@
"8531902000"@;@@;@@;@1 133 969@;@1 133 969@;@1 131 020@;@2 948@;@1 131 020@;@0@;@@;@0,3@;@@;@
"7013499100"@;@5 270@;@227@;@33 749@;@38 941@;@14 213@;@19 536@;@19 483@;@5 192@;@5 192@;@0,6@;@3 115,2@;@0,55
"5514191000"@;@2 568@;@@;@@;@@;@@;@@;@2 568@;@@;@@;@0@;@@;@0,5
"7307931900"@;@1 633 428@;@@;@2 123 980@;@2 141 035@;@1 864 590@;@134 736@;@3 622 672@;@17 055@;@17 055@;@0,7@;@11 938,5@;@0,37
"3605000000"@;@752 455@;@241 214@;@3 827 070@;@4 405 405@;@3 733 177@;@256 507@;@4 323 018@;@578 335@;@578 335@;@0,6@;@347 001@;@0,44
"2001909700"@;@@;@@;@789 612@;@797 314@;@443 023@;@417 177@;@443 023@;@7 702@;@@;@0,3@;@@;@
"8422200009"@;@3 366 081@;@330@;@@;@@;@@;@@;@3 366 081@;@@;@@;@0,3@;@@;@0,56
"8460298000"@;@3 784 715@;@5 000@;@@;@@;@@;@@;@3 784 715@;@@;@@;@0,3@;@@;@0,56
"4407129200"@;@46 840 167@;@@;@@;@@;@@;@@;@46 840 167@;@@;@@;@0@;@@;@0,5
"0403909300"@;@1 026 222@;@@;@@;@@;@@;@@;@1 026 222@;@@;@@;@0,4@;@@;@0,58
"2008111000"@;@125 425@;@2 500@;@6 321 610@;@6 321 610@;@3 839 558@;@914 407@;@5 532 628@;@0@;@0@;@0,6@;@0@;@0,13
"5205270002"@;@23 093@;@@;@@;@@;@@;@@;@23 093@;@@;@@;@0@;@@;@0,5
"8504210000"@;@11 788 954@;@840 571@;@17 297 492@;@22 075 971@;@14 656 218@;@4 935 787@;@24 150 659@;@4 778 479@;@4 778 479@;@1@;@4 778 479@;@0,57
"7019900095"@;@61 573@;@@;@@;@@;@@;@@;@61 573@;@@;@@;@0@;@@;@0,5
"2919900000"@;@561 605@;@385@;@35 824@;@35 824@;@28 660@;@7 165@;@589 879@;@0@;@0@;@0,6@;@0@;@0,6
"8504909100"@;@@;@@;@10 586@;@10 586@;@10 586@;@@;@10 586@;@0@;@@;@0,3@;@@;@
"9405420019"@;@1 120 686@;@3 413@;@2 272@;@2 272@;@2 272@;@@;@1 119 545@;@0@;@0@;@1@;@0@;@0,7
"8462900014"@;@1 951@;@@;@@;@@;@@;@@;@1 951@;@@;@@;@0@;@@;@0,5
"4403242000"@;@105 331@;@@;@@;@@;@@;@@;@105 331@;@@;@@;@0@;@@;@0,5
"8505191000"@;@128 412@;@@;@@;@@;@@;@@;@128 412@;@@;@@;@0@;@@;@0,5
"5206210006"@;@1 074@;@@;@@;@@;@@;@@;@1 074@;@@;@@;@0@;@@;@0,5
"8420990000"@;@40 323@;@9 549@;@@;@@;@@;@@;@40 323@;@@;@@;@0,3@;@@;@0,56
"4015900000"@;@92 830@;@@;@30 076@;@30 076@;@30 076@;@@;@122 906@;@0@;@0@;@0,3@;@0@;@0,44
"2009499901"@;@806 861@;@@;@@;@@;@@;@@;@806 861@;@@;@@;@0@;@@;@0,5
"1509200000"@;@1 892 276@;@54 728@;@@;@@;@@;@@;@1 892 276@;@@;@@;@0,3@;@@;@0,56
"8414108909"@;@@;@@;@@;@@;@@;@@;@0@;@@;@@;@0,4@;@@;@
"5402320000"@;@1 380 887@;@@;@@;@@;@@;@@;@1 380 887@;@@;@@;@0@;@@;@0,5
"3824995500"@;@7 677 537@;@8 046@;@348 853@;@348 853@;@348 853@;@@;@8 018 344@;@0@;@0@;@0,6@;@0@;@0,6
"8527911900"@;@124 265@;@@;@@;@@;@@;@@;@124 265@;@@;@@;@0@;@@;@0,5
"5108209000"@;@1 711 668@;@@;@@;@@;@@;@@;@1 711 668@;@@;@@;@0@;@@;@0,5
"6208290000"@;@14 460@;@2 777@;@13 332@;@13 332@;@13 332@;@@;@27 792@;@0@;@0@;@1@;@0@;@0,46
"8514199000"@;@7 080 236@;@15 099@;@@;@@;@@;@@;@7 080 236@;@@;@@;@0,3@;@@;@0,56
"2401209500"@;@7 940@;@@;@@;@@;@@;@@;@7 940@;@@;@@;@0@;@@;@0,5
"6201900000"@;@498 220@;@623 047@;@100 191@;@163 018@;@103 771@;@5 391@;@593 020@;@62 827@;@62 827@;@1@;@62 827@;@0,66
"1521909900"@;@132 271@;@@;@@;@@;@@;@@;@132 271@;@@;@@;@0@;@@;@0,5
"8429110010"@;@40 187 888@;@@;@10 548 745@;@10 548 745@;@7 371 496@;@3 177 249@;@47 559 384@;@0@;@0@;@0,3@;@0@;@0,48
"3921904900"@;@2 226 109@;@2 082 512@;@@;@@;@@;@@;@2 226 109@;@@;@@;@0,3@;@@;@0,56
"7019400000"@;@@;@@;@534 545@;@566 639@;@534 976@;@36 383@;@534 976@;@32 094@;@@;@0,3@;@@;@
"2912410000"@;@363 764@;@3 126@;@@;@@;@@;@@;@363 764@;@@;@@;@0,3@;@@;@0,56
"5210190000"@;@1 155@;@@;@105 125@;@105 978@;@105 125@;@@;@106 280@;@853@;@853@;@0,3@;@255,9@;@0,29
"8508110000"@;@5 475 887@;@124 822@;@1 156 614@;@1 165 923@;@1 045 828@;@111 019@;@6 396 660@;@9 309@;@9 309@;@0,6@;@5 585,4@;@0,55
"7002209000"@;@1 112@;@@;@@;@@;@@;@@;@1 112@;@@;@@;@0@;@@;@0,5
"1704908100"@;@@;@@;@14 100 408@;@17 606 410@;@9 203 329@;@4 993 293@;@9 203 329@;@3 506 002@;@@;@0,3@;@@;@
"0706909009"@;@@;@4 633 567@;@@;@@;@@;@@;@0@;@@;@@;@0,3@;@@;@
"8544499100"@;@@;@@;@149 721@;@6 579 307@;@134 461@;@15 260@;@134 461@;@6 429 586@;@@;@0,3@;@@;@
"4407299501"@;@28 886@;@@;@@;@@;@@;@@;@28 886@;@@;@@;@0@;@@;@0,5
"9303201000"@;@25 733@;@@;@@;@@;@@;@@;@25 733@;@@;@@;@0@;@@;@0,5
"3923900000"@;@6 581 591@;@281 518@;@68 376 600@;@76 233 024@;@68 194 463@;@940 317@;@74 017 874@;@7 856 424@;@6 581 591@;@1@;@6 581 591@;@0,6
"6907219001"@;@54 626@;@@;@@;@@;@@;@@;@54 626@;@@;@@;@0@;@@;@0,5
"6115210000"@;@210 555@;@40@;@2 276 072@;@2 356 997@;@1 558 508@;@731 384@;@1 755 243@;@80 925@;@80 925@;@0,6@;@48 555@;@0,3
"0401501100"@;@543 471@;@@;@@;@@;@@;@@;@543 471@;@@;@@;@0,4@;@@;@0,58
"8518210000"@;@2 118 207@;@1 367@;@@;@@;@@;@@;@2 118 207@;@@;@@;@0,3@;@@;@0,56
"5603111000"@;@1 244 989@;@@;@226 717@;@273 808@;@224 357@;@2 360@;@1 469 346@;@47 091@;@47 091@;@0,3@;@14 127,3@;@0,5
"2004109900"@;@3 309 206@;@@;@@;@@;@@;@@;@3 309 206@;@@;@@;@0@;@@;@0,5
"2208907709"@;@@;@@;@31 675@;@31 675@;@@;@31 675@;@0@;@0@;@@;@0,3@;@@;@
"7216990000"@;@2 989 244@;@4 971 994@;@22 370 891@;@22 451 110@;@21 101 651@;@1 254 520@;@24 105 615@;@80 219@;@80 219@;@1@;@80 219@;@0,27
"3918109000"@;@2 660 345@;@5 228 463@;@17 406 265@;@23 977 919@;@15 757 443@;@1 726 765@;@18 339 845@;@6 571 654@;@2 660 345@;@1@;@2 660 345@;@1,01
"8462250000"@;@559 187@;@@;@@;@@;@@;@@;@559 187@;@@;@@;@0@;@@;@0,5
"4814907009"@;@66 101@;@11 313@;@@;@@;@@;@@;@66 101@;@@;@@;@0,3@;@@;@0,56
"7019630000"@;@174 453@;@@;@6 162@;@6 162@;@6 162@;@@;@180 615@;@0@;@0@;@0,3@;@0@;@0,54
"5006001000"@;@@;@@;@14 877@;@20 663@;@14 877@;@827@;@14 877@;@5 786@;@@;@0,3@;@@;@
"0303830000"@;@38 615@;@@;@@;@@;@@;@@;@38 615@;@@;@@;@0@;@@;@0,5
"5904100000"@;@1 814 817@;@1 083 135@;@12 411 181@;@14 320 997@;@12 464 975@;@81 285@;@14 144 713@;@1 909 816@;@1 814 817@;@1@;@1 814 817@;@0,58
"4413000000"@;@297 986@;@@;@606 251@;@608 266@;@606 251@;@@;@904 237@;@2 015@;@2 015@;@0,3@;@604,5@;@0,23
"7312106500"@;@59 702@;@5 880@;@1 975@;@1 975@;@1 975@;@@;@55 797@;@0@;@0@;@0,6@;@0@;@0,65
"8528429009"@;@3 750@;@@;@@;@@;@@;@@;@3 750@;@@;@@;@0@;@@;@0,5
"0403201300"@;@137 824@;@35@;@@;@@;@@;@@;@137 824@;@@;@@;@0,3@;@@;@0,56
"8708959109"@;@1 181@;@@;@@;@@;@@;@@;@1 181@;@@;@@;@0@;@@;@0,5
"7318110000"@;@45 297@;@23@;@1 608 470@;@2 640 130@;@1 527 857@;@485 406@;@1 168 361@;@1 031 660@;@45 297@;@1@;@45 297@;@7,05
"9503003000"@;@103 388@;@306@;@13 064@;@13 786@;@13 064@;@@;@116 146@;@722@;@722@;@0,6@;@433,2@;@0,57
"3921120000"@;@1 229 866@;@13 018@;@16 080 006@;@16 901 418@;@15 646 640@;@2 030 511@;@15 279 361@;@821 412@;@821 412@;@0,6@;@492 847,2@;@0,36
"6303120000"@;@75 178@;@36 509@;@1 870 966@;@2 391 141@;@1 907 313@;@65 089@;@1 881 055@;@520 175@;@75 178@;@1@;@75 178@;@2,3
"2204214800"@;@9 587@;@@;@@;@@;@@;@@;@9 587@;@@;@@;@0@;@@;@0,5
"8523529001"@;@361 037@;@@;@204 551@;@223 147@;@204 551@;@@;@565 588@;@18 596@;@18 596@;@0,3@;@5 578,8@;@0,39
"8421210009"@;@52 619 343@;@1 191 193@;@9 244 480@;@9 550 352@;@10 025 164@;@151 384@;@60 521 246@;@305 872@;@305 872@;@1@;@305 872@;@0,64
"8525801900"@;@@;@@;@512@;@512@;@512@;@@;@512@;@0@;@@;@0,3@;@@;@
"8714999000"@;@2 652 860@;@19 618@;@@;@@;@@;@@;@2 652 860@;@@;@@;@0,3@;@@;@0,56
"2804700020"@;@136 928@;@@;@@;@@;@@;@@;@136 928@;@@;@@;@0@;@@;@0,5
"6204695000"@;@113 937@;@25 129@;@27 255@;@27 255@;@27 255@;@@;@116 063@;@0@;@0@;@1@;@0@;@0,69
"9619005909"@;@@;@@;@13 969 459@;@13 969 459@;@12 158 478@;@2 667 067@;@12 158 478@;@0@;@@;@0,3@;@@;@
"7507110000"@;@1 055@;@@;@573 181@;@608 688@;@573 181@;@@;@574 236@;@35 507@;@1 055@;@0,3@;@316,5@;@10,16
"4202221000"@;@5 164 362@;@839@;@@;@@;@@;@@;@5 164 362@;@@;@@;@0,3@;@@;@0,56
"9003190009"@;@164 913@;@@;@@;@@;@@;@@;@164 913@;@@;@@;@0@;@@;@0,5
"9619008901"@;@2 852 951@;@121 262@;@1 411 612@;@2 187 005@;@1 411 612@;@314 136@;@3 829 165@;@775 393@;@775 393@;@0,6@;@465 235,8@;@0,57
"8455900000"@;@1 348 335@;@400@;@23 365@;@23 890@;@23 365@;@1 746@;@1 369 554@;@525@;@525@;@1@;@525@;@0,69
"9405403101"@;@@;@@;@185 489@;@202 079@;@185 489@;@60 042@;@185 489@;@16 590@;@@;@0,3@;@@;@
"7222208900"@;@57@;@@;@790@;@2 765@;@790@;@@;@847@;@1 975@;@57@;@0,3@;@17,1@;@10,49
"9401790000"@;@@;@@;@52 466@;@69 610@;@46 991@;@5 475@;@46 991@;@17 144@;@@;@0,3@;@@;@
"3920992800"@;@50 150@;@@;@15 073@;@37 683@;@18 305@;@3 051@;@62 172@;@22 610@;@22 610@;@0,3@;@6 783@;@0,6
"3926909703"@;@394 445@;@@;@87 115@;@92 550@;@87 115@;@@;@481 560@;@5 435@;@5 435@;@0,3@;@1 630,5@;@0,47
"8701219012"@;@60 271 704@;@@;@@;@@;@@;@@;@60 271 704@;@@;@@;@0@;@@;@0,5
"2805308000"@;@4 897@;@@;@@;@@;@@;@@;@4 897@;@@;@@;@0@;@@;@0,5
"3215190000"@;@16 836 847@;@3 434 576@;@503 559@;@574 199@;@500 065@;@3 494@;@13 902 336@;@70 640@;@70 640@;@0,6@;@42 384@;@0,73
"9608300000"@;@19 466@;@@;@@;@@;@@;@@;@19 466@;@@;@@;@0@;@@;@0,5
"2008977200"@;@74 091@;@85@;@@;@@;@@;@@;@74 091@;@@;@@;@0,3@;@@;@0,56
"8544190001"@;@393 987@;@1 324 798@;@6 142 755@;@6 758 131@;@5 747 748@;@45 119@;@6 491 623@;@615 376@;@393 987@;@1@;@393 987@;@0,7
"7307991000"@;@5 502 178@;@3 545@;@1 377 941@;@1 390 844@;@1 177 296@;@76 278@;@6 800 296@;@12 903@;@12 903@;@1@;@12 903@;@0,61
"8001200000"@;@326 561@;@@;@1 029 738@;@1 029 738@;@817 812@;@211 926@;@1 144 373@;@0@;@0@;@0,7@;@0@;@0,28
"8425190009"@;@430 304@;@5 178@;@1 142@;@1 142@;@1 142@;@@;@426 268@;@0@;@0@;@1@;@0@;@0,7
"3203009000"@;@102@;@@;@@;@@;@@;@@;@102@;@@;@@;@0@;@@;@0,5
"7010904700"@;@55 116@;@121 256@;@9 201 569@;@9 201 569@;@8 703 320@;@1 164 742@;@8 091 943@;@0@;@0@;@0,6@;@0@;@0,12
"2827392000"@;@157 239@;@7 268@;@197 353@;@197 353@;@143 127@;@54 227@;@300 365@;@0@;@0@;@1@;@0@;@0,46
"8536101000"@;@564 120@;@84@;@@;@@;@@;@@;@564 120@;@@;@@;@0,3@;@@;@0,56
"0602904100"@;@98 639@;@32 675@;@@;@@;@@;@@;@98 639@;@@;@@;@0,7@;@@;@0,64
"8443391009"@;@227@;@@;@@;@@;@@;@@;@227@;@@;@@;@0@;@@;@0,5
"8424100000"@;@3 530 350@;@627@;@483 080@;@492 381@;@474 523@;@8 558@;@4 004 245@;@9 301@;@9 301@;@1@;@9 301@;@0,64
"1702908000"@;@@;@@;@404 061@;@404 061@;@404 061@;@3 321@;@404 061@;@0@;@@;@0,3@;@@;@
"6304920000"@;@32 409@;@56 388@;@104 442@;@108 590@;@104 442@;@@;@136 851@;@4 148@;@4 148@;@1@;@4 148@;@0,36
"3003100000"@;@346 221@;@40@;@22 099 291@;@22 099 291@;@3 212 803@;@691 883@;@21 753 629@;@0@;@0@;@0,6@;@0@;@0,13
"0802129000"@;@1 599 825@;@4 179 148@;@@;@@;@@;@@;@1 599 825@;@@;@@;@0,3@;@@;@0,56
"9403105100"@;@1 307 070@;@50 950@;@3 686 192@;@5 803 559@;@3 372 980@;@137 557@;@4 855 705@;@2 117 367@;@1 307 070@;@1@;@1 307 070@;@0,82
"8508700002"@;@3 063 455@;@2 793@;@@;@@;@@;@@;@3 063 455@;@@;@@;@0,3@;@@;@0,56
"6813810000"@;@1 254 090@;@2 756@;@229 177@;@229 177@;@275 884@;@29 450@;@1 451 061@;@0@;@0@;@0,6@;@0@;@0,55
"0802210000"@;@1 479 163@;@759@;@@;@@;@@;@@;@1 479 163@;@@;@@;@0,3@;@@;@0,56
"7207119000"@;@@;@@;@4 964@;@6 205@;@4 964@;@@;@4 964@;@1 241@;@@;@0,3@;@@;@
"9018390000"@;@9 551 834@;@86 717@;@148 924@;@666 824@;@124 630@;@316 739@;@9 297 302@;@517 900@;@517 900@;@1@;@517 900@;@0,73
"1211200000"@;@5 212@;@@;@1 854 965@;@1 854 965@;@1 858 520@;@13 674@;@1 846 503@;@0@;@0@;@0,3@;@0@;@0,06
"7318141000"@;@@;@@;@24 125 332@;@27 643 432@;@23 557 368@;@2 087 193@;@23 557 368@;@3 518 100@;@@;@0,3@;@@;@
"6103490000"@;@@;@@;@215 669@;@215 669@;@215 669@;@@;@215 669@;@0@;@@;@0,3@;@@;@
"1103194000"@;@18 562@;@@;@@;@@;@@;@@;@18 562@;@@;@@;@0@;@@;@0,5
"2933119000"@;@1 194 312@;@@;@@;@@;@@;@@;@1 194 312@;@@;@@;@0@;@@;@0,5
"1515199000"@;@1 037@;@27 573@;@17 639@;@17 639@;@17 639@;@@;@18 676@;@0@;@0@;@0,6@;@0@;@0,15
"0207129000"@;@8 551 489@;@@;@@;@@;@@;@@;@8 551 489@;@@;@@;@0@;@@;@0,5
"8544421000"@;@2 236 727@;@3 498@;@3 854 174@;@4 407 208@;@3 814 841@;@39 334@;@6 051 567@;@553 034@;@553 034@;@0,6@;@331 820,4@;@0,38
"3923401001"@;@@;@@;@8 261 844@;@8 751 638@;@8 179 468@;@154 653@;@8 179 468@;@489 794@;@@;@0,3@;@@;@
"2309905900"@;@@;@@;@445 483@;@607 955@;@159 653@;@285 830@;@159 653@;@162 472@;@@;@0,3@;@@;@
"1905329100"@;@@;@119 424@;@122 324@;@122 324@;@122 324@;@@;@122 324@;@0@;@@;@0,6@;@@;@
"701905000"@;@@;@@;@528 671@;@528 671@;@528 671@;@@;@528 671@;@0@;@@;@0,3@;@@;@
"5001000000"@;@137 706@;@@;@@;@@;@@;@@;@137 706@;@@;@@;@0@;@@;@0,5
"9031100000"@;@803 921@;@@;@@;@@;@@;@@;@803 921@;@@;@@;@0@;@@;@0,5
"2008119800"@;@89 051@;@231 974@;@890 772@;@897 199@;@847 856@;@1 528@;@978 295@;@6 427@;@6 427@;@0,6@;@3 856,2@;@0,19
"8414600001"@;@2 403 183@;@691 651@;@1 783 790@;@2 487 590@;@1 905 233@;@631 234@;@3 555 739@;@703 800@;@703 800@;@1@;@703 800@;@0,63
"4202290000"@;@55 545@;@25 923@;@@;@@;@@;@@;@55 545@;@@;@@;@0,3@;@@;@0,56
"7104990009"@;@9 210@;@25 417@;@@;@@;@@;@@;@9 210@;@@;@@;@0,3@;@@;@0,56
"2916310000"@;@457 645@;@9 169@;@@;@@;@@;@@;@457 645@;@@;@@;@0,3@;@@;@0,56
"8422400005"@;@242 712@;@25@;@@;@@;@@;@@;@242 712@;@@;@@;@0,3@;@@;@0,56
"5905001000"@;@9 389@;@@;@7 244@;@7 244@;@7 244@;@@;@16 633@;@0@;@0@;@0,3@;@0@;@0,34
"8704329803"@;@@;@217 017@;@@;@@;@@;@@;@0@;@@;@@;@0,3@;@@;@
"7320208509"@;@@;@@;@1 366 951@;@1 366 951@;@1 167 246@;@75 051@;@1 167 246@;@0@;@@;@0,3@;@@;@
"1704109000"@;@@;@@;@687 759@;@750 310@;@679 939@;@71 025@;@679 939@;@62 551@;@@;@0,3@;@@;@
"5513231000"@;@78 911@;@@;@@;@@;@@;@@;@78 911@;@@;@@;@0@;@@;@0,5
"0303891070"@;@12 586@;@73 563@;@@;@@;@@;@@;@12 586@;@@;@@;@0,3@;@@;@0,56
"8802200001"@;@206 040@;@@;@@;@@;@@;@@;@206 040@;@@;@@;@0@;@@;@0,5
"0302519000"@;@121@;@@;@@;@@;@@;@@;@121@;@@;@@;@0@;@@;@0,5
"3104205000"@;@8 122@;@40 063 285@;@60 310 646@;@66 093 859@;@54 521 107@;@22 387 801@;@37 930 967@;@5 783 213@;@8 122@;@1@;@8 122@;@100
"2508100000"@;@933 955@;@197 541@;@2 406 603@;@2 506 635@;@2 386 946@;@44 019@;@3 296 539@;@100 032@;@100 032@;@1@;@100 032@;@0,37
"3703100001"@;@621@;@@;@93 601@;@93 601@;@10 117@;@83 484@;@10 738@;@0@;@0@;@0,3@;@0@;@0,09
"4818901000"@;@7 283@;@@;@89 973@;@92 533@;@87 177@;@2 795@;@94 461@;@2 560@;@2 560@;@0,3@;@768@;@0,2
"4601940500"@;@1 931@;@@;@@;@@;@@;@@;@1 931@;@@;@@;@0@;@@;@0,5
"8430610000"@;@221 013@;@@;@@;@@;@@;@@;@221 013@;@@;@@;@0@;@@;@0,5
"8542325500"@;@40 247@;@@;@@;@@;@@;@@;@40 247@;@@;@@;@0@;@@;@0,5
"8523599900"@;@93 273@;@59 347@;@@;@@;@@;@@;@93 273@;@@;@@;@0,3@;@@;@0,56
"2309909601"@;@549 350@;@43 823@;@32 230 356@;@33 183 832@;@16 375 434@;@8 064 835@;@24 714 871@;@953 476@;@549 350@;@0,6@;@329 610@;@0,65
"2849200000"@;@17 628@;@@;@@;@@;@@;@@;@17 628@;@@;@@;@0@;@@;@0,5
"4008211000"@;@84 905@;@12 038@;@794 599@;@852 715@;@756 969@;@37 630@;@841 874@;@58 116@;@58 116@;@1@;@58 116@;@0,46
"8108200001"@;@340@;@@;@@;@@;@@;@@;@340@;@@;@@;@0@;@@;@0,5
"2009905908"@;@339 026@;@41 955@;@@;@@;@@;@@;@339 026@;@@;@@;@0,3@;@@;@0,56
"0301110000"@;@66 256@;@@;@@;@@;@@;@@;@66 256@;@@;@@;@0@;@@;@0,5
"8523511000"@;@1 050 584@;@146@;@@;@@;@@;@@;@1 050 584@;@@;@@;@0,3@;@@;@0,56
"8543708000"@;@18 477 791@;@140 760@;@99 033@;@99 033@;@99 033@;@@;@18 436 064@;@0@;@0@;@1@;@0@;@0,7
"7419100000"@;@@;@@;@77 653@;@88 713@;@77 653@;@@;@77 653@;@11 060@;@@;@0,3@;@@;@
"3201909000"@;@62 714@;@@;@@;@@;@@;@@;@62 714@;@@;@@;@0@;@@;@0,5
"1905401000"@;@8 897 340@;@22 542@;@9 839 981@;@9 880 744@;@9 569 912@;@308 757@;@18 428 564@;@40 763@;@40 763@;@0,6@;@24 457,8@;@0,36
"2009901901"@;@@;@@;@37 514@;@38 526@;@37 514@;@@;@37 514@;@1 012@;@@;@0,3@;@@;@
"5901900000"@;@203 447@;@250 808@;@3 500@;@3 500@;@3 500@;@@;@206 947@;@0@;@0@;@0,6@;@0@;@0,61
"2009199809"@;@118 407@;@922@;@@;@@;@@;@@;@118 407@;@@;@@;@0,3@;@@;@0,56
"7318230001"@;@51@;@@;@11 010@;@13 054@;@11 010@;@@;@11 061@;@2 044@;@51@;@0,3@;@15,3@;@12,09
"8476810000"@;@87 435@;@6 585@;@@;@@;@@;@@;@87 435@;@@;@@;@0,3@;@@;@0,56
"4706920000"@;@58 490@;@@;@158@;@158@;@158@;@@;@58 648@;@0@;@0@;@0,3@;@0@;@0,56
"4802690000"@;@156 232@;@8 648@;@8 653@;@12 980@;@8 653@;@@;@156 237@;@4 327@;@4 327@;@1@;@4 327@;@0,71
"0403909100"@;@6 573 952@;@@;@@;@@;@@;@@;@6 573 952@;@@;@@;@0@;@@;@0,5
"3808928000"@;@6 199 847@;@785 861@;@1 194 931@;@1 206 151@;@750 129@;@18 355@;@6 590 562@;@11 220@;@11 220@;@0,6@;@6 732@;@0,59
"6005385000"@;@65@;@@;@@;@@;@@;@@;@65@;@@;@@;@0@;@@;@0,5
"8503009100"@;@451 055@;@@;@3 928@;@3 928@;@3 928@;@@;@454 983@;@0@;@0@;@0,7@;@0@;@0,64
"1601009909"@;@2 410 164@;@712 934@;@477 326@;@509 633@;@477 326@;@@;@2 174 556@;@32 307@;@32 307@;@0,6@;@19 384,2@;@0,68
"7312108909"@;@@;@@;@81 735@;@85 051@;@81 735@;@@;@81 735@;@3 316@;@@;@0,3@;@@;@
"2710122509"@;@13 036 930@;@@;@@;@@;@@;@@;@13 036 930@;@@;@@;@0@;@@;@0,5
"8542900000"@;@54 995@;@2 194@;@@;@@;@@;@@;@54 995@;@@;@@;@0,3@;@@;@0,56
"9503005000"@;@@;@@;@38 130@;@@;@38 130@;@@;@38 130@;@@;@@;@0,3@;@@;@
"1302201000"@;@1 395 704@;@@;@9 205@;@9 205@;@9 205@;@@;@1 404 909@;@0@;@0@;@0,3@;@0@;@0,56
"6811810000"@;@@;@@;@9 062 378@;@9 075 836@;@8 488 885@;@57 349@;@8 488 885@;@13 458@;@@;@0,3@;@@;@
"6204430000"@;@1 475 727@;@131 794@;@2 303 820@;@3 229 506@;@2 228 781@;@76 775@;@3 702 772@;@925 686@;@925 686@;@1@;@925 686@;@0,59
"8527913500"@;@60 927@;@@;@@;@@;@@;@@;@60 927@;@@;@@;@0@;@@;@0,5
"8417807000"@;@198 195 644@;@27 395@;@@;@@;@@;@@;@198 195 644@;@@;@@;@0,3@;@@;@0,56
"6204191000"@;@17 459@;@@;@60 671@;@60 671@;@65 152@;@36 451@;@41 679@;@0@;@0@;@0,3@;@0@;@0,27
"6001220000"@;@1 112 429@;@554 434@;@@;@@;@@;@@;@1 112 429@;@@;@@;@0,3@;@@;@0,56
"7207191900"@;@@;@@;@187 594@;@187 594@;@187 594@;@5 504@;@187 594@;@0@;@@;@0,3@;@@;@
"8487109000"@;@8 030@;@@;@@;@@;@@;@@;@8 030@;@@;@@;@0@;@@;@0,5
"0602904700"@;@6 420 804@;@289 049@;@@;@@;@@;@@;@6 420 804@;@@;@@;@0,7@;@@;@0,64
"3206200000"@;@88 184@;@@;@@;@@;@@;@@;@88 184@;@@;@@;@0@;@@;@0,5
"0406200000"@;@103 381@;@142@;@@;@@;@@;@@;@103 381@;@@;@@;@0,3@;@@;@0,56
"0704901001"@;@@;@34 492 398@;@@;@@;@@;@@;@0@;@@;@@;@0,3@;@@;@
"7013919000"@;@19 312@;@@;@@;@@;@@;@@;@19 312@;@@;@@;@0@;@@;@0,5
"0710807000"@;@267@;@13 262@;@@;@@;@@;@@;@267@;@@;@@;@0,3@;@@;@0,56
"8451400002"@;@651 174@;@@;@@;@@;@@;@@;@651 174@;@@;@@;@0@;@@;@0,5
"502100000"@;@@;@@;@117 195@;@117 195@;@117 195@;@@;@117 195@;@0@;@@;@0,3@;@@;@
"2906131000"@;@293@;@@;@@;@@;@@;@@;@293@;@@;@@;@0@;@@;@0,5
"8424890009"@;@18 988 191@;@7 675@;@153 642@;@153 642@;@158 161@;@@;@19 134 158@;@0@;@0@;@0,6@;@0@;@0,62
"3917320002"@;@3 931 351@;@@;@1 464@;@1 464@;@1 464@;@@;@3 932 815@;@0@;@0@;@0,3@;@0@;@0,56
"5205140000"@;@@;@@;@34 872 381@;@41 406 579@;@32 500 464@;@11 388 218@;@32 500 464@;@6 534 198@;@@;@0,3@;@@;@
"0802111000"@;@@;@1 655@;@@;@@;@@;@@;@0@;@@;@@;@0,3@;@@;@
"1901901900"@;@55 213@;@@;@273 120@;@349 256@;@275 483@;@3 514@;@324 819@;@76 136@;@55 213@;@0,3@;@16 563,9@;@0,56
"1514199001"@;@269 089@;@@;@120 906@;@134 340@;@@;@120 906@;@269 089@;@13 434@;@13 434@;@0,3@;@4 030,2@;@0,57
"6808000000"@;@575 043@;@145 735@;@16 907 567@;@17 151 845@;@11 201 631@;@5 794 126@;@11 688 484@;@244 278@;@244 278@;@0,6@;@146 566,8@;@0,27
"8711209200"@;@70 072@;@@;@@;@@;@@;@@;@70 072@;@@;@@;@0@;@@;@0,5
"2208905601"@;@1 663@;@@;@@;@@;@@;@@;@1 663@;@@;@@;@0@;@@;@0,5
"8524110031"@;@10 998 178@;@366 731@;@@;@@;@@;@@;@10 998 178@;@@;@@;@0,3@;@@;@0,56
"902300009"@;@@;@@;@5 116 701@;@7 481 880@;@5 277 539@;@152 266@;@5 277 539@;@2 365 179@;@@;@0,3@;@@;@
"9017809000"@;@154 289@;@4 986@;@6 996@;@6 996@;@6 741@;@318@;@155 981@;@0@;@0@;@1@;@0@;@0,69
"8421990002"@;@@;@@;@7 227@;@7 227@;@7 227@;@@;@7 227@;@0@;@@;@0,3@;@@;@
"7214919000"@;@15 795@;@@;@@;@@;@@;@@;@15 795@;@@;@@;@0@;@@;@0,5
"9505900000"@;@508 418@;@1 669@;@@;@@;@@;@@;@508 418@;@@;@@;@0,3@;@@;@0,56
"6103109000"@;@37 042@;@358 950@;@802 263@;@977 401@;@959 296@;@22 506@;@816 799@;@175 138@;@37 042@;@1@;@37 042@;@1,64
"7502100000"@;@531 445@;@@;@@;@@;@@;@@;@531 445@;@@;@@;@0@;@@;@0,5
"1602493000"@;@17 224@;@@;@6 721@;@6 721@;@6 721@;@@;@23 945@;@0@;@0@;@0,3@;@0@;@0,42
"3404900009"@;@1 318 677@;@5 409 866@;@@;@@;@@;@@;@1 318 677@;@@;@@;@0,3@;@@;@0,56
"2832300000"@;@86 943@;@@;@@;@@;@@;@@;@86 943@;@@;@@;@0,4@;@@;@0,58
"2614000000"@;@2 593 797@;@@;@@;@@;@@;@@;@2 593 797@;@@;@@;@0@;@@;@0,5
"8903990000"@;@1 361 966@;@11 339@;@@;@@;@@;@@;@1 361 966@;@@;@@;@0,7@;@@;@0,64
"8517711900"@;@8 094 614@;@679@;@@;@@;@@;@@;@8 094 614@;@@;@@;@0,3@;@@;@0,56
"1107109100"@;@182 002@;@@;@@;@@;@@;@@;@182 002@;@@;@@;@0@;@@;@0,5
"8419190000"@;@3 111 467@;@94 714@;@1 008 497@;@1 038 940@;@1 008 497@;@366 856@;@3 658 394@;@30 443@;@30 443@;@1@;@30 443@;@0,63
"5601221000"@;@22 805 865@;@1 663 895@;@1 873 907@;@4 542 805@;@1 740 273@;@159 695@;@22 856 182@;@2 668 898@;@2 668 898@;@0,6@;@1 601 338,8@;@0,65
"4909009000"@;@@;@@;@56 379@;@111 573@;@56 379@;@@;@56 379@;@55 194@;@@;@0,3@;@@;@
"3808912000"@;@10 633 079@;@56@;@@;@@;@@;@@;@10 633 079@;@@;@@;@0,3@;@@;@0,56
"4406910000"@;@2 176 882@;@2 947@;@284 092@;@284 092@;@284 092@;@@;@2 458 027@;@0@;@0@;@1@;@0@;@0,64
"5901100000"@;@14 400@;@@;@3 114 251@;@3 145 062@;@3 460 562@;@421 131@;@2 707 520@;@30 811@;@14 400@;@0,3@;@4 320@;@0,7
"8481807320"@;@4 619@;@@;@23 395@;@23 395@;@23 001@;@394@;@27 620@;@0@;@0@;@0,7@;@0@;@0,22
"2845100000"@;@59 725@;@@;@@;@@;@@;@@;@59 725@;@@;@@;@0@;@@;@0,5
"8526920000"@;@@;@@;@@;@@;@@;@@;@0@;@@;@@;@0,4@;@@;@
"0802520000"@;@30 824@;@567 246@;@@;@@;@@;@@;@30 824@;@@;@@;@0,3@;@@;@0,56
"0206220009"@;@687@;@@;@@;@@;@@;@@;@687@;@@;@@;@0@;@@;@0,5
"1101001509"@;@29 412 303@;@311 452 005@;@9 075 380@;@11 982 475@;@9 028 877@;@432 995@;@38 054 688@;@2 907 095@;@2 907 095@;@1@;@2 907 095@;@0,62
"1701149015"@;@35 250@;@@;@@;@@;@@;@@;@35 250@;@@;@@;@0@;@@;@0,5
"6108310000"@;@184 504@;@30 328 897@;@3 279 085@;@3 335 049@;@1 949 576@;@2 623 719@;@839 870@;@55 964@;@55 964@;@1@;@55 964@;@0,4
"8483902000"@;@@;@@;@72 756@;@90 333@;@72 756@;@@;@72 756@;@17 577@;@@;@0,3@;@@;@
"7305110003"@;@73 124 662@;@@;@@;@@;@@;@@;@73 124 662@;@@;@@;@0@;@@;@0,5
"0404100200"@;@4 197 879@;@77 115@;@@;@@;@@;@@;@4 197 879@;@@;@@;@0,3@;@@;@0,56
"8704229109"@;@@;@@;@3 564 082@;@3 564 082@;@4 784 293@;@1 289 308@;@4 784 293@;@0@;@@;@0,3@;@@;@
"2309904900"@;@@;@@;@1 260 917@;@17 614 417@;@1 249 975@;@33 272@;@1 249 975@;@16 353 500@;@@;@0,3@;@@;@
"3803001000"@;@@;@@;@3 750@;@3 750@;@3 750@;@@;@3 750@;@0@;@@;@0,3@;@@;@
"7019720001"@;@18 494@;@@;@@;@@;@@;@@;@18 494@;@@;@@;@0@;@@;@0,5
"4418201000"@;@@;@@;@5 582 035@;@7 811 406@;@3 596 613@;@1 609 309@;@3 596 613@;@2 229 371@;@@;@0,3@;@@;@
"4002191000"@;@31 507@;@@;@@;@@;@@;@@;@31 507@;@@;@@;@0@;@@;@0,5
"6815910009"@;@3 249 074@;@@;@@;@@;@@;@@;@3 249 074@;@@;@@;@0@;@@;@0,5
"7224900700"@;@3 675 256@;@@;@4 015@;@6 023@;@4 015@;@@;@3 679 271@;@2 008@;@2 008@;@0,3@;@602,4@;@0,56
"8424900000"@;@5 082 028@;@24 748@;@@;@@;@@;@@;@5 082 028@;@@;@@;@0,3@;@@;@0,56
"9018509000"@;@7 287 260@;@@;@151 885@;@@;@151 885@;@@;@7 439 145@;@@;@@;@0,3@;@@;@0,55
"6907211000"@;@4 833 553@;@10 800@;@28 147 101@;@28 241 274@;@23 322 520@;@2 504 705@;@30 475 949@;@94 173@;@94 173@;@0,6@;@56 503,8@;@0,21
"9401990002"@;@47 928 458@;@3 807@;@@;@@;@@;@@;@47 928 458@;@@;@@;@0,3@;@@;@0,56
"8523291509"@;@1@;@@;@@;@@;@@;@@;@1@;@@;@@;@0@;@@;@0,5
"8473299000"@;@497 600@;@28@;@@;@@;@@;@@;@497 600@;@@;@@;@0,3@;@@;@0,56
"6102301000"@;@195 223@;@414@;@74 357@;@74 357@;@74 357@;@@;@269 166@;@0@;@0@;@1@;@0@;@0,56
"3808918000"@;@25 445 676@;@307 439@;@101 754@;@101 754@;@335 827@;@24 497@;@25 215 494@;@0@;@0@;@1@;@0@;@0,7
"1602508000"@;@@;@@;@4 977@;@29 862@;@4 740@;@237@;@4 740@;@24 885@;@@;@0,3@;@@;@
"3921906000"@;@37 269 945@;@2 835 343@;@4 552 708@;@5 214 329@;@4 629 166@;@2 808 109@;@36 179 201@;@661 621@;@661 621@;@1@;@661 621@;@0,72
"2912120000"@;@119@;@@;@@;@@;@@;@@;@119@;@@;@@;@0@;@@;@0,5
"8708939009"@;@8 445 127@;@115 083@;@1 151 219@;@1 151 219@;@1 151 219@;@75 051@;@9 406 212@;@0@;@0@;@0,6@;@0@;@0,57
"0407210000"@;@2 153@;@13 558 024@;@@;@@;@@;@@;@2 153@;@@;@@;@0,7@;@@;@0,64
"3816000000"@;@8 553 427@;@34 960@;@26 939 000@;@27 204 638@;@24 960 347@;@4 272 530@;@31 219 897@;@265 638@;@265 638@;@1@;@265 638@;@0,35
"3301297900"@;@21 068@;@@;@@;@@;@@;@@;@21 068@;@@;@@;@0@;@@;@0,5
"4811510009"@;@31 592 328@;@334 259@;@@;@@;@@;@@;@31 592 328@;@@;@@;@0,3@;@@;@0,56
"0406908200"@;@131 499@;@@;@@;@@;@@;@@;@131 499@;@@;@@;@0@;@@;@0,5
"7326200001"@;@157 265@;@2 529@;@3 234 514@;@3 295 929@;@3 234 514@;@220@;@3 391 559@;@61 415@;@61 415@;@1@;@61 415@;@0,34
"4302304590"@;@18 750@;@@;@@;@@;@@;@@;@18 750@;@@;@@;@0@;@@;@0,5
"2837200000"@;@12 334@;@@;@@;@@;@@;@@;@12 334@;@@;@@;@0,4@;@@;@0,58
"9403700000"@;@@;@@;@27 575@;@28 365@;@27 575@;@@;@27 575@;@790@;@@;@0,3@;@@;@
"6210109000"@;@@;@@;@150 153@;@284 506@;@150 153@;@@;@150 153@;@134 353@;@@;@0,3@;@@;@
"4601931000"@;@@;@@;@3 642@;@3 642@;@3 642@;@@;@3 642@;@0@;@@;@0,3@;@@;@
"9506112900"@;@50 971@;@@;@@;@@;@@;@@;@50 971@;@@;@@;@0@;@@;@0,5
"8483508009"@;@@;@@;@@;@@;@@;@@;@0@;@@;@@;@0,4@;@@;@
"7220902000"@;@@;@@;@61 675@;@61 675@;@61 675@;@@;@61 675@;@0@;@@;@0,3@;@@;@
"2204109100"@;@101 399@;@@;@@;@@;@@;@@;@101 399@;@@;@@;@0@;@@;@0,5
"8515809000"@;@3 386 791@;@17 053@;@3 571@;@4 190@;@3 413@;@158@;@3 373 151@;@619@;@619@;@0,6@;@371,4@;@0,62
"2009893809"@;@@;@@;@7 698 017@;@7 698 017@;@2 162 887@;@1 506 057@;@2 162 887@;@0@;@@;@0,3@;@@;@
"3802900000"@;@1 269 758@;@235 718@;@847 302@;@847 302@;@752 888@;@88 884@;@1 792 458@;@0@;@0@;@1@;@0@;@0,55
"2915500000"@;@306 269@;@@;@@;@@;@@;@@;@306 269@;@@;@@;@0@;@@;@0,5
"0813200000"@;@552 844@;@39 029 649@;@@;@@;@@;@@;@552 844@;@@;@@;@0,3@;@@;@0,56
"2930909500"@;@14 796 436@;@11 023 142@;@6 864 597@;@9 347 798@;@6 998 056@;@286 884@;@21 374 149@;@2 483 201@;@2 483 201@;@1@;@2 483 201@;@0,6
"2903220000"@;@11 444@;@@;@@;@@;@@;@@;@11 444@;@@;@@;@0@;@@;@0,5
"0203295900"@;@3 335@;@@;@@;@@;@@;@@;@3 335@;@@;@@;@0@;@@;@0,5
"0909220000"@;@156 960@;@29 043@;@@;@@;@@;@@;@156 960@;@@;@@;@0,3@;@@;@0,56
"8462690099"@;@36 545@;@@;@@;@@;@@;@@;@36 545@;@@;@@;@0@;@@;@0,5
"8432100000"@;@4 920 976@;@46@;@2 860 375@;@3 478 918@;@919 237@;@267 734@;@7 513 571@;@618 543@;@618 543@;@0,6@;@371 125,8@;@0,49
"8481401000"@;@2 716 610@;@768@;@90 274@;@344 699@;@74 459@;@17 985@;@2 788 131@;@254 425@;@254 425@;@1@;@254 425@;@0,72
"1602909500"@;@@;@@;@454 285@;@482 112@;@426 189@;@66 109@;@426 189@;@27 827@;@@;@0,3@;@@;@
"7302400000"@;@240 745@;@6 241@;@1 602 853@;@1 602 853@;@1 602 853@;@@;@1 843 598@;@0@;@0@;@1@;@0@;@0,27
"8712003000"@;@1 876 570@;@456 707@;@8 496 239@;@8 501 285@;@7 623 882@;@1 163 153@;@9 209 656@;@5 046@;@5 046@;@0,6@;@3 027,6@;@0,22
"2934100000"@;@491 285@;@@;@@;@@;@@;@@;@491 285@;@@;@@;@0@;@@;@0,5
"7403290000"@;@18 253@;@@;@@;@@;@@;@@;@18 253@;@@;@@;@0,4@;@@;@0,58
"7304293009"@;@64 369 696@;@@;@@;@@;@@;@@;@64 369 696@;@@;@@;@0@;@@;@0,5
"7013911000"@;@63 829@;@@;@@;@@;@@;@@;@63 829@;@@;@@;@0@;@@;@0,5
"9025198001"@;@312 567@;@@;@@;@@;@@;@@;@312 567@;@@;@@;@0@;@@;@0,5
"1401200000"@;@416@;@@;@@;@@;@@;@@;@416@;@@;@@;@0@;@@;@0,5
"6110901000"@;@63 125@;@@;@22 992 559@;@25 947 417@;@17 995 153@;@5 067 191@;@17 988 493@;@2 954 858@;@63 125@;@0,3@;@18 937,5@;@14,1
"2204218000"@;@238 304@;@@;@91 218@;@93 443@;@108 802@;@287@;@329 235@;@2 225@;@2 225@;@0,3@;@667,5@;@0,42
"8406820000"@;@11 602 501@;@@;@@;@@;@@;@@;@11 602 501@;@@;@@;@0@;@@;@0,5
"6115301900"@;@5 279@;@@;@@;@@;@@;@@;@5 279@;@@;@@;@0@;@@;@0,5
"8483405101"@;@@;@@;@10 270@;@11 060@;@10 270@;@@;@10 270@;@790@;@@;@0,3@;@@;@
"1101009000"@;@38 510@;@@;@27 797 201@;@27 803 394@;@23 831 806@;@4 146 298@;@23 689 413@;@6 193@;@6 193@;@0,3@;@1 857,9@;@0,11
"6914900000"@;@415 927@;@16 816@;@146 131@;@146 131@;@146 131@;@@;@545 242@;@0@;@0@;@0,6@;@0@;@0,5
"2204211100"@;@11 915@;@@;@@;@@;@@;@@;@11 915@;@@;@@;@0@;@@;@0,5
"3105590000"@;@9 670 361@;@10 036 043@;@103 054 392@;@254 820 074@;@89 294 541@;@32 046 204@;@80 678 549@;@151 765 682@;@9 670 361@;@0,6@;@5 802 216,6@;@4,89
"5506200000"@;@49@;@@;@1 504 137@;@1 984 122@;@1 516 527@;@1 320 265@;@183 921@;@479 985@;@49@;@0,3@;@14,7@;@100
"2710196409"@;@47 059 659@;@49 370@;@@;@@;@@;@@;@47 059 659@;@@;@@;@0,3@;@@;@0,56
"7224909000"@;@16 769@;@@;@5 876@;@7 835@;@5 876@;@@;@22 645@;@1 959@;@1 959@;@0,3@;@587,7@;@0,47
"3907400009"@;@11 869 943@;@1 517 747@;@@;@@;@@;@@;@11 869 943@;@@;@@;@0,3@;@@;@0,56
"5515119000"@;@@;@@;@551 811@;@609 517@;@528 179@;@21 585@;@528 179@;@57 706@;@@;@0,3@;@@;@
"2506200000"@;@75 305@;@103 405@;@3 328 973@;@3 351 846@;@63 150@;@3 095 435@;@308 843@;@22 873@;@22 873@;@0,6@;@13 723,8@;@0,33
"7213911000"@;@1 698 759@;@@;@10 807@;@13 380@;@10 807@;@@;@1 709 566@;@2 573@;@2 573@;@0,3@;@771,9@;@0,56
"2002903900"@;@353 812@;@158 747@;@43 450@;@49 375@;@35 550@;@7 900@;@230 615@;@5 925@;@5 925@;@1@;@5 925@;@0,97
"0802220000"@;@154 984@;@@;@@;@@;@@;@@;@154 984@;@@;@@;@0@;@@;@0,5
"3917101000"@;@475 032@;@20@;@@;@@;@@;@@;@475 032@;@@;@@;@0,3@;@@;@0,56
"8462900095"@;@104 519@;@@;@@;@@;@@;@@;@104 519@;@@;@@;@0@;@@;@0,5
"7222405000"@;@51 421@;@@;@2 242 767@;@2 385 162@;@2 242 767@;@13 153@;@2 281 035@;@142 395@;@51 421@;@0,3@;@15 426,3@;@0,9
"3923301010"@;@3 307 257@;@12 778 666@;@54 014 126@;@63 050 764@;@47 534 022@;@8 733 700@;@48 587 683@;@9 036 638@;@3 307 257@;@0,6@;@1 984 354,2@;@0,97
"6203425900"@;@5 649@;@10 018@;@3 324@;@3 324@;@3 324@;@@;@8 973@;@0@;@0@;@0,6@;@0@;@0,43
"1905903000"@;@92 588@;@46 772@;@120 015 260@;@260 835 482@;@106 069 405@;@14 912 832@;@105 195 016@;@140 820 222@;@92 588@;@1@;@92 588@;@100
"8536209009"@;@@;@@;@138 035@;@138 035@;@43 580@;@94 456@;@43 580@;@0@;@@;@0,3@;@@;@
"8408908500"@;@9 847 961@;@@;@@;@@;@@;@@;@9 847 961@;@@;@@;@0@;@@;@0,5
"8426410007"@;@@;@543 416@;@11 218@;@11 218@;@11 218@;@@;@11 218@;@0@;@@;@0,6@;@@;@
"3825200000"@;@@;@@;@10 839 070@;@@;@10 839 070@;@@;@10 839 070@;@@;@@;@0,3@;@@;@
"0901110009"@;@44 745@;@@;@@;@@;@@;@@;@44 745@;@@;@@;@0@;@@;@0,5
"1512299000"@;@2 185 815@;@19 921 703@;@30 629 427@;@50 766 072@;@28 254 725@;@9 311 252@;@23 503 990@;@20 136 645@;@2 185 815@;@0,6@;@1 311 489@;@2,93
"1209999900"@;@1 808 742@;@32 133@;@@;@@;@@;@@;@1 808 742@;@@;@@;@0,7@;@@;@0,64
"802320000"@;@@;@@;@7 150 839@;@7 376 399@;@6 911 474@;@239 366@;@6 911 474@;@225 560@;@@;@0,3@;@@;@
"2009897901"@;@17 974@;@@;@@;@@;@@;@@;@17 974@;@@;@@;@0@;@@;@0,5
"3926300001"@;@@;@@;@133 599@;@629 120@;@133 599@;@4 392@;@133 599@;@495 521@;@@;@0,3@;@@;@
"9405410039"@;@891 609@;@@;@319 224@;@319 224@;@592 306@;@75 410@;@1 135 423@;@0@;@0@;@0,7@;@0@;@0,53
"8532230000"@;@27 723@;@@;@11 850@;@11 850@;@11 850@;@@;@39 573@;@0@;@0@;@0,3@;@0@;@0,41
"2202100009"@;@@;@@;@@;@@;@@;@@;@0@;@@;@@;@0,4@;@@;@
"9022210000"@;@1 413 850@;@@;@@;@@;@@;@@;@1 413 850@;@@;@@;@0@;@@;@0,5
"3912909000"@;@719 443@;@@;@805 620@;@887 550@;@805 620@;@@;@1 525 063@;@81 930@;@81 930@;@0,7@;@57 351@;@0,41
"0406907500"@;@1 618@;@@;@@;@@;@@;@@;@1 618@;@@;@@;@0@;@@;@0,5
"8535301000"@;@@;@@;@930 096@;@930 096@;@2 128 936@;@83 035@;@2 128 936@;@0@;@@;@0,3@;@@;@
"8201500000"@;@265 653@;@@;@@;@@;@@;@@;@265 653@;@@;@@;@0@;@@;@0,5
"8462690092"@;@9 398@;@@;@@;@@;@@;@@;@9 398@;@@;@@;@0@;@@;@0,5
"8515391300"@;@1 021 163@;@219@;@2 432@;@2 432@;@158@;@2 274@;@1 021 102@;@0@;@0@;@0,6@;@0@;@0,62
"5302900000"@;@476@;@@;@@;@@;@@;@@;@476@;@@;@@;@0@;@@;@0,5
"1905209000"@;@@;@@;@236 182@;@236 182@;@223 705@;@13 475@;@223 705@;@0@;@@;@0,3@;@@;@
"5906999000"@;@575 635@;@@;@5 322@;@5 322@;@5 322@;@@;@580 957@;@0@;@0@;@0,7@;@0@;@0,64
"8518900005"@;@3 798@;@@;@@;@@;@@;@@;@3 798@;@@;@@;@0@;@@;@0,5
"1701910021"@;@171@;@@;@@;@@;@@;@@;@171@;@@;@@;@0@;@@;@0,5
"8406901000"@;@5 600 031@;@@;@28 914@;@28 914@;@28 914@;@@;@5 628 945@;@0@;@0@;@0,3@;@0@;@0,56
"8504901100"@;@64 094@;@@;@679 337@;@730 430@;@679 337@;@@;@743 431@;@51 093@;@51 093@;@0,3@;@15 327,9@;@0,34
"0602400000"@;@479 543@;@369 039@;@@;@@;@@;@@;@479 543@;@@;@@;@0,7@;@@;@0,64
"1001912000"@;@5 236 098@;@74 060@;@@;@@;@@;@@;@5 236 098@;@@;@@;@0,3@;@@;@0,56
"6109903000"@;@@;@@;@7 607 448@;@7 607 448@;@7 607 448@;@3 713@;@7 607 448@;@0@;@@;@0,3@;@@;@
"8543709009"@;@@;@@;@90 167@;@90 167@;@90 167@;@@;@90 167@;@0@;@@;@0,3@;@@;@
"4416000000"@;@41 095@;@12 457@;@@;@@;@@;@@;@41 095@;@@;@@;@0,3@;@@;@0,56
"4009210000"@;@814 028@;@2 861@;@2 003 422@;@2 024 274@;@1 926 456@;@76 965@;@2 740 485@;@20 852@;@20 852@;@0,6@;@12 511,2@;@0,28
"2302101000"@;@153 400@;@284 129@;@49 830 358@;@73 096 181@;@44 293 697@;@8 530 644@;@41 453 114@;@23 265 823@;@153 400@;@0,6@;@92 040@;@45,62
"8539519001"@;@868 109@;@@;@@;@@;@@;@@;@868 109@;@@;@@;@0@;@@;@0,5
"6104530000"@;@172 439@;@75 662@;@91 558@;@91 558@;@91 558@;@@;@188 335@;@0@;@0@;@0,6@;@0@;@0,58
"9002190000"@;@230 634@;@@;@@;@@;@@;@@;@230 634@;@@;@@;@0@;@@;@0,5
"1604160000"@;@111 780@;@@;@@;@@;@@;@@;@111 780@;@@;@@;@0@;@@;@0,5
"8205700000"@;@448 777@;@13 145@;@33 984@;@33 984@;@33 984@;@@;@469 616@;@0@;@0@;@0,6@;@0@;@0,6
"2915705000"@;@1 443 530@;@10@;@@;@@;@@;@@;@1 443 530@;@@;@@;@0,3@;@@;@0,56
"1212920000"@;@7 965@;@@;@@;@@;@@;@@;@7 965@;@@;@@;@0@;@@;@0,5
"8207905000"@;@99@;@@;@23 700@;@23 700@;@23 700@;@@;@23 799@;@0@;@0@;@0,3@;@0@;@0,06
"0406903201"@;@32 100@;@@;@@;@@;@@;@@;@32 100@;@@;@@;@0@;@@;@0,5
"2905399500"@;@54 272@;@@;@@;@@;@@;@@;@54 272@;@@;@@;@0@;@@;@0,5
"1108120000"@;@8 639 098@;@129 129@;@1 169 277@;@1 169 277@;@1 197 151@;@97 615@;@9 581 631@;@0@;@0@;@0,6@;@0@;@0,57
"6305339009"@;@@;@@;@185 390@;@185 390@;@185 390@;@@;@185 390@;@0@;@@;@0,3@;@@;@
"2009897908"@;@28 915@;@7 988@;@@;@@;@@;@@;@28 915@;@@;@@;@0,3@;@@;@0,56
"8539311000"@;@39 303@;@26 453@;@@;@@;@@;@@;@39 303@;@@;@@;@0,3@;@@;@0,56
"6506101000"@;@642 623@;@49@;@138 437@;@158 110@;@138 437@;@@;@781 011@;@19 673@;@19 673@;@1@;@19 673@;@0,62
"4203100009"@;@41 306@;@@;@259 056@;@266 990@;@161 581@;@154 006@;@146 356@;@7 934@;@7 934@;@0,3@;@2 380,2@;@0,26
"3002120001"@;@@;@106 397@;@@;@@;@@;@@;@0@;@@;@@;@0,3@;@@;@
"0201203000"@;@25 526 954@;@@;@@;@@;@@;@@;@25 526 954@;@@;@@;@0@;@@;@0,5
"5701901000"@;@7 383@;@7 653@;@579 509@;@579 509@;@63 140@;@516 369@;@70 523@;@0@;@0@;@0,6@;@0@;@0,17
"4823200000"@;@@;@@;@2 387@;@3 875@;@2 387@;@@;@2 387@;@1 488@;@@;@0,3@;@@;@
"0303142000"@;@8 082@;@625 114@;@@;@@;@@;@@;@8 082@;@@;@@;@0,3@;@@;@0,56
"8903120000"@;@10 935@;@@;@@;@@;@@;@@;@10 935@;@@;@@;@0@;@@;@0,5
"8419400009"@;@56 897 167@;@6 109@;@109 357@;@110 399@;@109 357@;@@;@57 000 415@;@1 042@;@1 042@;@1@;@1 042@;@0,7
"4411120000"@;@@;@@;@481 477@;@513 169@;@475 667@;@38 700@;@475 667@;@31 692@;@@;@0,3@;@@;@
"9506210000"@;@337@;@@;@@;@@;@@;@@;@337@;@@;@@;@0@;@@;@0,5
"2815200000"@;@903 087@;@753@;@@;@@;@@;@@;@903 087@;@@;@@;@0,7@;@@;@0,64
"7308909809"@;@55 820 637@;@2 122 850@;@35 485 228@;@36 997 333@;@36 767 812@;@3 120 336@;@86 062 679@;@1 512 105@;@1 512 105@;@1@;@1 512 105@;@0,53
"9031803200"@;@361 707@;@@;@@;@@;@@;@@;@361 707@;@@;@@;@0@;@@;@0,5
"9027200000"@;@7 396 612@;@83 224@;@@;@@;@@;@@;@7 396 612@;@@;@@;@0,3@;@@;@0,56
"4002192000"@;@3 358 830@;@1 250 600@;@5 164 553@;@5 167 273@;@4 130 674@;@98 446@;@8 424 937@;@2 720@;@2 720@;@1@;@2 720@;@0,4
"0901110002"@;@236 775@;@@;@@;@@;@@;@@;@236 775@;@@;@@;@0@;@@;@0,5
"7302104000"@;@@;@@;@5 876@;@7 835@;@5 876@;@@;@5 876@;@1 959@;@@;@0,3@;@@;@
"8714102000"@;@69 549@;@@;@@;@@;@@;@@;@69 549@;@@;@@;@0@;@@;@0,5
"9404909000"@;@@;@@;@3 577 542@;@4 005 263@;@3 404 772@;@191 898@;@3 404 772@;@427 721@;@@;@0,3@;@@;@
"6204440000"@;@1 437 493@;@28 861@;@6 347@;@6 347@;@6 347@;@@;@1 414 979@;@0@;@0@;@0,6@;@0@;@0,63
"4114200000"@;@18 137@;@@;@@;@@;@@;@@;@18 137@;@@;@@;@0@;@@;@0,5
"4421909800"@;@@;@@;@102 363@;@102 363@;@102 363@;@@;@102 363@;@0@;@@;@0,3@;@@;@
"8714930000"@;@476 912@;@1 095@;@@;@@;@@;@@;@476 912@;@@;@@;@0,3@;@@;@0,56
"2401103500"@;@@;@228 917@;@@;@@;@@;@@;@0@;@@;@@;@0,3@;@@;@
"8207507000"@;@979 387@;@16 988@;@@;@@;@@;@@;@979 387@;@@;@@;@0,3@;@@;@0,56
"5807109000"@;@231 949@;@1 229@;@948 042@;@948 042@;@948 042@;@@;@1 179 991@;@0@;@0@;@0,6@;@0@;@0,22
"8443323000"@;@5 752@;@@;@@;@@;@@;@@;@5 752@;@@;@@;@0@;@@;@0,5
"8412212001"@;@255@;@@;@6 603@;@415 503@;@6 603@;@@;@6 858@;@408 900@;@255@;@0,3@;@76,5@;@100
"8532100000"@;@1 573 254@;@3 030@;@36 687@;@49 408@;@36 687@;@@;@1 606 911@;@12 721@;@12 721@;@1@;@12 721@;@0,69
"2007919000"@;@37 849@;@158@;@1 650@;@1 650@;@1 650@;@@;@39 341@;@0@;@0@;@0,6@;@0@;@0,6
"6304910000"@;@25 076@;@110 510@;@2 020 579@;@2 069 477@;@1 988 898@;@69 560@;@1 976 095@;@48 898@;@25 076@;@1@;@25 076@;@0,79
"3004500001"@;@1 341 521@;@642 374@;@3 933 339@;@4 462 174@;@3 939 380@;@1 284 320@;@3 990 540@;@528 835@;@528 835@;@1@;@528 835@;@0,49
"0406907600"@;@2 083@;@@;@@;@@;@@;@@;@2 083@;@@;@@;@0@;@@;@0,5
"1006302300"@;@@;@@;@12 426@;@13 711@;@12 426@;@@;@12 426@;@1 285@;@@;@0,3@;@@;@
"2613100000"@;@31 222@;@10 039@;@@;@@;@@;@@;@31 222@;@@;@@;@0,3@;@@;@0,56
"7008008100"@;@1 554 706@;@688@;@4 868 101@;@4 899 642@;@4 868 101@;@@;@6 422 807@;@31 541@;@31 541@;@1@;@31 541@;@0,33
"6910100000"@;@2 498 946@;@232 129@;@3 246 093@;@3 484 770@;@2 493 217@;@475 963@;@5 269 076@;@238 677@;@238 677@;@1@;@238 677@;@0,47
"3808929000"@;@@;@@;@162 967@;@634 901@;@176 935@;@338 431@;@176 935@;@471 934@;@@;@0,3@;@@;@
"6203221000"@;@99 813@;@2 716 182@;@15 183 985@;@16 123 836@;@12 425 344@;@3 564 449@;@11 719 349@;@939 851@;@99 813@;@1@;@99 813@;@3,03
"7219121000"@;@31 461@;@@;@708 889@;@739 174@;@708 889@;@@;@740 350@;@30 285@;@30 285@;@0,3@;@9 085,5@;@0,37
"2907130000"@;@185 436@;@@;@@;@@;@@;@@;@185 436@;@@;@@;@0@;@@;@0,5
"8423300000"@;@680 484@;@@;@2 411 317@;@2 902 389@;@2 211 612@;@119 323@;@2 972 478@;@491 072@;@491 072@;@0,3@;@147 321,6@;@0,39
"8458912009"@;@319 099@;@@;@@;@@;@@;@@;@319 099@;@@;@@;@0@;@@;@0,5
"0307609000"@;@6 310@;@@;@@;@@;@@;@@;@6 310@;@@;@@;@0@;@@;@0,5
"8007000000"@;@@;@@;@790@;@790@;@790@;@@;@790@;@0@;@@;@0,3@;@@;@
"3102401000"@;@@;@1 017@;@@;@@;@@;@@;@0@;@@;@@;@0,3@;@@;@
"5512191000"@;@406 971@;@9 207@;@26 956@;@26 956@;@26 956@;@@;@424 720@;@0@;@0@;@0,6@;@0@;@0,6
"7326909801"@;@15 645 544@;@212 713@;@252 928@;@262 798@;@252 375@;@553@;@15 685 206@;@9 870@;@9 870@;@0,6@;@5 922@;@0,62
"8418910000"@;@392 338@;@@;@@;@@;@@;@@;@392 338@;@@;@@;@0@;@@;@0,5
"2008191900"@;@6 047 537@;@4 785 303@;@7 009@;@7 009@;@7 009@;@@;@1 269 243@;@0@;@0@;@0,6@;@0@;@2,5
"8207130000"@;@2 092 181@;@@;@330 292@;@330 292@;@330 292@;@@;@2 422 473@;@0@;@0@;@0,7@;@0@;@0,57
"2003103000"@;@60 481@;@@;@@;@@;@@;@@;@60 481@;@@;@@;@0@;@@;@0,5
"6307909800"@;@3 732 432@;@2 211 247@;@906 549@;@989 444@;@896 697@;@9 851@;@2 417 883@;@82 895@;@82 895@;@1@;@82 895@;@0,98
"0304860000"@;@1 441 078@;@292@;@@;@@;@@;@@;@1 441 078@;@@;@@;@0,3@;@@;@0,56
"2707209000"@;@3 928@;@@;@@;@@;@@;@@;@3 928@;@@;@@;@0@;@@;@0,5
"7118100000"@;@239@;@@;@@;@@;@@;@@;@239@;@@;@@;@0@;@@;@0,5
"0709601002"@;@760 897@;@694 874@;@@;@@;@@;@@;@760 897@;@@;@@;@0,3@;@@;@0,56
"2920907000"@;@283 531@;@44 880@;@@;@@;@@;@@;@283 531@;@@;@@;@0,3@;@@;@0,56
"7201103000"@;@@;@@;@14 458@;@14 458@;@14 458@;@@;@14 458@;@0@;@@;@0,3@;@@;@
"4804211000"@;@3 368 201@;@10 183@;@237@;@237@;@237@;@@;@3 358 255@;@0@;@0@;@0,6@;@0@;@0,62
"0701909005"@;@@;@@;@@;@@;@@;@@;@0@;@@;@@;@0,4@;@@;@
"7301100000"@;@35 978@;@@;@153 296@;@164 829@;@125 896@;@27 114@;@162 160@;@11 533@;@11 533@;@0,3@;@3 459,9@;@0,27
"9113900009"@;@41 554@;@@;@@;@@;@@;@@;@41 554@;@@;@@;@0@;@@;@0,5
"9404908000"@;@775 708@;@378 793@;@159 177@;@203 512@;@153 118@;@6 059@;@550 033@;@44 335@;@44 335@;@1@;@44 335@;@0,92
"8414807500"@;@14 824 350@;@61 907@;@287 880@;@287 880@;@274 213@;@13 667@;@15 036 656@;@0@;@0@;@0,6@;@0@;@0,61
"4410121000"@;@4 983 768@;@@;@@;@@;@@;@@;@4 983 768@;@@;@@;@0@;@@;@0,5
"9401690000"@;@1 010 672@;@272 440@;@4 480 275@;@5 605 398@;@4 526 972@;@594 563@;@4 896 384@;@1 125 123@;@1 010 672@;@1@;@1 010 672@;@0,64
"8516720000"@;@367 044@;@766@;@417 188@;@417 188@;@417 188@;@123 857@;@660 375@;@0@;@0@;@0,6@;@0@;@0,4
"8714200000"@;@71 154@;@@;@@;@@;@@;@@;@71 154@;@@;@@;@0@;@@;@0,5
"2905120000"@;@1 815 149@;@184@;@20 392@;@20 392@;@10 012@;@10 379@;@1 824 978@;@0@;@0@;@1@;@0@;@0,7
"7226993000"@;@4 856@;@210 001@;@7 972 881@;@7 972 881@;@7 704 198@;@485 108@;@7 492 629@;@0@;@0@;@0,6@;@0@;@0,12
"2835100000"@;@67 870@;@@;@41 997 345@;@61 602 803@;@42 253 157@;@165 025@;@41 900 190@;@19 605 458@;@67 870@;@0,3@;@20 361@;@86,72
"0804500001"@;@615 087@;@5 255@;@@;@@;@@;@@;@615 087@;@@;@@;@0,3@;@@;@0,56
"6006240000"@;@378 241@;@39 988 158@;@23 488 298@;@26 880 178@;@23 488 298@;@@;@23 866 539@;@3 391 880@;@378 241@;@0,6@;@226 944,6@;@2,82
"4419200000"@;@6 393@;@@;@@;@@;@@;@@;@6 393@;@@;@@;@0@;@@;@0,5
"4707909000"@;@1 887 738@;@146 401@;@@;@@;@@;@@;@1 887 738@;@@;@@;@0,3@;@@;@0,56
"7202800000"@;@@;@@;@790@;@790@;@790@;@@;@790@;@0@;@@;@0,3@;@@;@
"7017900000"@;@1 345 183@;@1 574@;@@;@@;@@;@@;@1 345 183@;@@;@@;@0,3@;@@;@0,56
"4408909509"@;@410 926@;@14 530@;@15 994@;@15 994@;@15 994@;@@;@412 390@;@0@;@0@;@0,6@;@0@;@0,62
"2523290000"@;@20 876 163@;@19 106 991@;@402 769 228@;@817 804 285@;@401 938 513@;@6 612 600@;@417 032 791@;@415 035 057@;@20 876 163@;@1@;@20 876 163@;@6,19
"4418111000"@;@@;@@;@@;@@;@@;@@;@0@;@@;@@;@0,4@;@@;@
"8802400036"@;@197 587 000@;@8 860 000@;@@;@@;@@;@@;@197 587 000@;@@;@@;@0,3@;@@;@0,56
"8459100000"@;@1 605@;@@;@543 507@;@543 507@;@543 507@;@@;@545 112@;@0@;@0@;@0,3@;@0@;@0,06
"2939800000"@;@6 832@;@817 771@;@23 760@;@23 760@;@23 760@;@@;@30 592@;@0@;@0@;@0,6@;@0@;@0,23
"9603293000"@;@92 878@;@@;@@;@@;@@;@@;@92 878@;@@;@@;@0@;@@;@0,5
"1210100000"@;@82 574@;@@;@@;@@;@@;@@;@82 574@;@@;@@;@0@;@@;@0,5
"2903140000"@;@@;@@;@@;@@;@@;@@;@0@;@@;@@;@0,4@;@@;@
"5806400000"@;@6 960@;@@;@@;@@;@@;@@;@6 960@;@@;@@;@0,4@;@@;@0,58
"813200000"@;@@;@@;@10 348 213@;@10 531 210@;@10 348 213@;@269 936@;@10 348 213@;@182 997@;@@;@0,3@;@@;@
"4005990000"@;@589 611@;@17 365@;@108 878@;@110 046@;@108 645@;@234@;@680 890@;@1 168@;@1 168@;@0,6@;@700,8@;@0,55
"1704109001"@;@87 330@;@96 161@;@7 378 454@;@9 746 967@;@7 371 682@;@491 862@;@6 973 922@;@2 368 513@;@87 330@;@0,6@;@52 398@;@8,26
"5509110000"@;@78 165@;@@;@@;@@;@@;@@;@78 165@;@@;@@;@0@;@@;@0,5
"9105210000"@;@410 238@;@302@;@@;@@;@@;@@;@410 238@;@@;@@;@0,3@;@@;@0,56
"1008290000"@;@56 015@;@22 547 088@;@@;@@;@@;@@;@56 015@;@@;@@;@0,3@;@@;@0,56
"3919901000"@;@@;@@;@499 075@;@573 649@;@499 075@;@@;@499 075@;@74 574@;@@;@0,3@;@@;@
"8479908000"@;@@;@@;@652 288@;@652 288@;@652 288@;@@;@652 288@;@0@;@@;@0,3@;@@;@
"1602398500"@;@40 232@;@@;@112 418@;@122 957@;@111 629@;@2 145@;@150 505@;@10 539@;@10 539@;@0,3@;@3 161,7@;@0,27
"3305900000"@;@@;@@;@5 630 338@;@6 744 983@;@5 883 063@;@1 836 289@;@5 883 063@;@1 114 645@;@@;@0,3@;@@;@
"7305310000"@;@45 951 259@;@@;@115 392@;@150 021@;@115 392@;@@;@46 066 651@;@34 629@;@34 629@;@0,7@;@24 240,3@;@0,64
"0713320000"@;@@;@4 148 933@;@@;@@;@@;@@;@0@;@@;@@;@0,3@;@@;@
"2517102000"@;@138@;@990@;@16 597 021@;@17 237 511@;@15 816 997@;@921 627@;@15 675 532@;@640 490@;@138@;@1@;@138@;@100
"8427201901"@;@24 309@;@@;@@;@@;@@;@@;@24 309@;@@;@@;@0@;@@;@0,5
"2918300000"@;@100 223@;@@;@@;@@;@@;@@;@100 223@;@@;@@;@0@;@@;@0,5
"7318157008"@;@15 919 046@;@300 500@;@20 658@;@22 665@;@20 658@;@@;@15 639 204@;@2 007@;@2 007@;@1@;@2 007@;@0,71
"9405110022"@;@248 651@;@@;@@;@@;@@;@@;@248 651@;@@;@@;@0@;@@;@0,5
"3920104000"@;@6 045 487@;@251 437@;@1 654 269@;@1 858 115@;@1 628 760@;@56 122@;@7 392 197@;@203 846@;@203 846@;@1@;@203 846@;@0,62
"7209902000"@;@163 915@;@@;@6 278@;@7 534@;@6 278@;@@;@170 193@;@1 256@;@1 256@;@0,3@;@376,8@;@0,54
"2101129809"@;@@;@705@;@@;@@;@@;@@;@0@;@@;@@;@0,3@;@@;@
"3805101000"@;@154@;@@;@@;@@;@@;@@;@154@;@@;@@;@0@;@@;@0,5
"7322110000"@;@28 484@;@@;@1 525 802@;@1 535 352@;@803 769@;@722 033@;@832 253@;@9 550@;@9 550@;@0,3@;@2 865@;@0,18
"8543709000"@;@@;@@;@322 335@;@322 335@;@191 567@;@130 768@;@191 567@;@0@;@@;@0,3@;@@;@
"6907229003"@;@91 203@;@3 301 597@;@2 011 859@;@6 035 577@;@2 011 859@;@1 455 135@;@647 927@;@4 023 718@;@91 203@;@1@;@91 203@;@13,51
"8202390000"@;@632 196@;@@;@@;@@;@@;@@;@632 196@;@@;@@;@0@;@@;@0,5
"3004500002"@;@93 338 703@;@463 579@;@2 180 218@;@2 302 561@;@1 871 529@;@423 928@;@94 631 414@;@122 343@;@122 343@;@1@;@122 343@;@0,69
"7003129100"@;@@;@@;@1 094 213@;@1 094 213@;@601 413@;@492 799@;@601 413@;@0@;@@;@0,3@;@@;@
"8708949901"@;@450 192@;@@;@@;@@;@@;@@;@450 192@;@@;@@;@0@;@@;@0,5
"8516291000"@;@2 149 073@;@8 435@;@64 951@;@66 309@;@96 842@;@100 101@;@2 105 488@;@1 358@;@1 358@;@1@;@1 358@;@0,71
"5209310000"@;@30 175@;@476 597@;@292 411@;@292 411@;@340 106@;@23 519@;@299 067@;@0@;@0@;@1@;@0@;@0,25
"5106109000"@;@9 916@;@@;@@;@@;@@;@@;@9 916@;@@;@@;@0@;@@;@0,5
"5509590000"@;@762 635@;@12 713@;@@;@@;@@;@@;@762 635@;@@;@@;@0,3@;@@;@0,56
"6907301000"@;@15 470@;@@;@@;@@;@@;@@;@15 470@;@@;@@;@0@;@@;@0,5
"5516240000"@;@2 638@;@63@;@@;@@;@@;@@;@2 638@;@@;@@;@0,3@;@@;@0,56
"2711139100"@;@519 920@;@@;@@;@@;@@;@@;@519 920@;@@;@@;@0@;@@;@0,5
"8407349109"@;@179 250@;@460 052@;@@;@@;@@;@@;@179 250@;@@;@@;@0,3@;@@;@0,56
"7209271000"@;@10 074@;@@;@@;@@;@@;@@;@10 074@;@@;@@;@0@;@@;@0,5
"8301700000"@;@117 590@;@3 849@;@@;@@;@@;@@;@117 590@;@@;@@;@0,3@;@@;@0,56
"2008609000"@;@7 486@;@@;@8 971 233@;@8 971 233@;@9 056 765@;@320 059@;@8 658 660@;@0@;@0@;@0,3@;@0@;@0,06
"8703229093"@;@7 107@;@@;@@;@@;@@;@@;@7 107@;@@;@@;@0@;@@;@0,5
"8412100009"@;@2 140@;@@;@4 350@;@15 027@;@4 350@;@@;@6 490@;@10 677@;@2 140@;@0,3@;@642@;@1,72
"7308400009"@;@31 528 585@;@452 042@;@5 964 533@;@6 004 510@;@5 987 199@;@310 954@;@36 730 122@;@39 977@;@39 977@;@1@;@39 977@;@0,63
"0301919000"@;@1 239@;@@;@@;@@;@@;@@;@1 239@;@@;@@;@0@;@@;@0,5
"1701910033"@;@1 408@;@@;@@;@@;@@;@@;@1 408@;@@;@@;@0@;@@;@0,5
"0406906900"@;@1 619 944@;@@;@@;@@;@@;@@;@1 619 944@;@@;@@;@0,4@;@@;@0,58
"2914401000"@;@295@;@@;@@;@@;@@;@@;@295@;@@;@@;@0@;@@;@0,5
"8445200001"@;@27 956 077@;@@;@@;@@;@@;@@;@27 956 077@;@@;@@;@0@;@@;@0,5
"8421230001"@;@@;@@;@5 322@;@5 322@;@5 322@;@@;@5 322@;@0@;@@;@0,3@;@@;@
"2933599500"@;@578 844@;@@;@@;@@;@@;@@;@578 844@;@@;@@;@0,4@;@@;@0,58
"2941400009"@;@835@;@@;@@;@@;@@;@@;@835@;@@;@@;@0@;@@;@0,5
"7114110000"@;@3 135@;@@;@@;@@;@@;@@;@3 135@;@@;@@;@0@;@@;@0,5
"0703101100"@;@4 639@;@@;@@;@@;@@;@@;@4 639@;@@;@@;@0,4@;@@;@0,58
"3912110001"@;@136@;@@;@@;@@;@@;@@;@136@;@@;@@;@0@;@@;@0,5
"2903920000"@;@457@;@@;@@;@@;@@;@@;@457@;@@;@@;@0@;@@;@0,5
"7216331000"@;@574 961@;@@;@@;@@;@@;@@;@574 961@;@@;@@;@0@;@@;@0,5
"8704319809"@;@8 600@;@4 300@;@@;@@;@@;@@;@8 600@;@@;@@;@0,3@;@@;@0,56
"3904210000"@;@1 969 708@;@@;@@;@@;@@;@@;@1 969 708@;@@;@@;@0@;@@;@0,5
"7019660001"@;@916 541@;@8 666@;@@;@@;@@;@@;@916 541@;@@;@@;@0,3@;@@;@0,56
"8307100009"@;@@;@@;@@;@@;@@;@@;@0@;@@;@@;@0,4@;@@;@
"7007212009"@;@261 710@;@197 770@;@14 206 255@;@14 301 655@;@14 089 831@;@935 465@;@13 532 500@;@95 400@;@95 400@;@0,6@;@57 240@;@0,24
"7216210000"@;@1 361 535@;@4 257@;@107 428@;@122 119@;@109 798@;@166 067@;@1 298 639@;@14 691@;@14 691@;@1@;@14 691@;@0,73
"8704229209"@;@4 183 843@;@15 486 013@;@52 762 975@;@64 186 640@;@29 112 465@;@23 695 527@;@33 251 291@;@11 423 665@;@4 183 843@;@1@;@4 183 843@;@1,08
"8408201000"@;@@;@@;@60 215@;@62 529@;@60 215@;@@;@60 215@;@2 314@;@@;@0,3@;@@;@
"8535900008"@;@10 005 879@;@75 749@;@12 551@;@12 551@;@12 551@;@@;@9 942 681@;@0@;@0@;@1@;@0@;@0,7
"5603941009"@;@132 942@;@312@;@1 427 550@;@1 428 599@;@1 425 253@;@2 297@;@1 558 195@;@1 049@;@1 049@;@0,6@;@629,4@;@0,17
"5209390000"@;@183 314@;@202 944@;@456 280@;@725 341@;@456 280@;@269 797@;@369 797@;@269 061@;@183 314@;@1@;@183 314@;@0,89
"2836991700"@;@42 078@;@72 816@;@@;@@;@@;@@;@42 078@;@@;@@;@0,3@;@@;@0,56
"1704905100"@;@340 250@;@@;@467 283@;@469 258@;@467 283@;@@;@807 533@;@1 975@;@1 975@;@0,3@;@592,5@;@0,27
"3907919000"@;@3 072 040@;@@;@@;@@;@@;@@;@3 072 040@;@@;@@;@0@;@@;@0,5
"8703607099"@;@1 335 410@;@@;@@;@@;@@;@@;@1 335 410@;@@;@@;@0@;@@;@0,5
"5511100000"@;@194 798@;@@;@12 640@;@12 640@;@12 640@;@@;@207 438@;@0@;@0@;@0,7@;@0@;@0,61
"2101309100"@;@138 157@;@@;@@;@@;@@;@@;@138 157@;@@;@@;@0@;@@;@0,5
"4408101509"@;@@;@@;@@;@@;@@;@@;@0@;@@;@@;@0,4@;@@;@
"8456100090"@;@@;@@;@14 394@;@14 394@;@14 394@;@@;@14 394@;@0@;@@;@0,3@;@@;@
"2103901000"@;@@;@@;@60 219@;@69 760@;@60 219@;@@;@60 219@;@9 541@;@@;@0,3@;@@;@
"6402200000"@;@53 265@;@@;@8 653 204@;@9 728 849@;@7 615 576@;@1 162 717@;@7 543 752@;@1 075 645@;@53 265@;@0,3@;@15 979,5@;@6,12
"4407111600"@;@@;@@;@@;@@;@@;@@;@0@;@@;@@;@0,4@;@@;@
"8514201000"@;@2 774 103@;@3 009@;@4 345@;@4 345@;@4 345@;@@;@2 775 439@;@0@;@0@;@0,6@;@0@;@0,62
"8501539400"@;@8 699 373@;@@;@2 090 069@;@2 681 112@;@1 996 088@;@93 981@;@10 695 461@;@591 043@;@591 043@;@0,7@;@413 730,1@;@0,57
"8423811000"@;@46 102@;@@;@@;@@;@@;@@;@46 102@;@@;@@;@0@;@@;@0,5
"8504322000"@;@@;@@;@64 669@;@64 669@;@64 669@;@@;@64 669@;@0@;@@;@0,3@;@@;@
"0705110000"@;@306 625@;@3 262 166@;@@;@@;@@;@@;@306 625@;@@;@@;@0,7@;@@;@0,64
"2701121000"@;@183 424@;@@;@@;@@;@@;@@;@183 424@;@@;@@;@0@;@@;@0,5
"2204109301"@;@322 235@;@@;@@;@@;@@;@@;@322 235@;@@;@@;@0@;@@;@0,5
"8708929101"@;@562@;@@;@@;@@;@@;@@;@562@;@@;@@;@0@;@@;@0,5
"2933998008"@;@1 644 512@;@235 160@;@@;@@;@@;@@;@1 644 512@;@@;@@;@0,3@;@@;@0,56
"6406903000"@;@438 077@;@185 017@;@876 930@;@876 930@;@716 665@;@160 265@;@1 154 742@;@0@;@0@;@0,6@;@0@;@0,31
"8459390000"@;@516 591@;@195 878@;@2 713 098@;@2 713 098@;@2 713 098@;@@;@3 229 689@;@0@;@0@;@0,6@;@0@;@0,2
"8412298101"@;@@;@@;@4 350@;@413 250@;@4 350@;@@;@4 350@;@408 900@;@@;@0,3@;@@;@
"2304000001"@;@159 179 139@;@146 900@;@8 199 356@;@8 202 181@;@7 644 313@;@555 685@;@166 675 910@;@2 825@;@2 825@;@0,6@;@1 695@;@0,6
"8607120000"@;@105 350@;@12@;@@;@@;@@;@@;@105 350@;@@;@@;@0,7@;@@;@0,64
"5903901000"@;@185 903@;@@;@2 332@;@2 332@;@2 332@;@@;@188 235@;@0@;@0@;@0,3@;@0@;@0,55
"2103301000"@;@66 380@;@@;@@;@@;@@;@@;@66 380@;@@;@@;@0@;@@;@0,5
"8414802209"@;@@;@@;@@;@@;@@;@@;@0@;@@;@@;@0,4@;@@;@
"4415209000"@;@73 952@;@0@;@6 256 428@;@6 263 844@;@3 342 433@;@2 913 995@;@3 416 385@;@7 416@;@7 416@;@0,7@;@5 191,2@;@0,18
"9011209000"@;@2 892 589@;@@;@@;@@;@@;@@;@2 892 589@;@@;@@;@0@;@@;@0,5
"8473407000"@;@5 145 939@;@42 370@;@@;@@;@@;@@;@5 145 939@;@@;@@;@0,3@;@@;@0,56
"5209590000"@;@4 334 332@;@23 042@;@127 982@;@127 982@;@127 982@;@@;@4 439 272@;@0@;@0@;@1@;@0@;@0,69
"8211100000"@;@837 789@;@348@;@@;@@;@@;@@;@837 789@;@@;@@;@0,3@;@@;@0,56
"8483602000"@;@336 148@;@29 335@;@2 487 373@;@2 493 012@;@1 497 653@;@865 065@;@1 958 456@;@5 639@;@5 639@;@0,6@;@3 383,4@;@0,21
"9503009300"@;@@;@@;@84 522@;@@;@84 522@;@@;@84 522@;@@;@@;@0,3@;@@;@
"6214200000"@;@44 574@;@2 884@;@11 867@;@11 867@;@11 867@;@@;@53 557@;@0@;@0@;@0,6@;@0@;@0,54
"5903909100"@;@1 085 310@;@2 128@;@@;@@;@@;@@;@1 085 310@;@@;@@;@0,3@;@@;@0,56
"4407969009"@;@5 862@;@1 913 763@;@@;@@;@@;@@;@5 862@;@@;@@;@0,3@;@@;@0,56
"7214200000"@;@97 466 907@;@3 207 602@;@458 407 914@;@459 961 527@;@563 528 606@;@10 668 882@;@545 205 939@;@1 553 613@;@1 553 613@;@1@;@1 553 613@;@0,29
"404908100"@;@@;@@;@724 358@;@725 104@;@724 358@;@2 670@;@724 358@;@746@;@@;@0,3@;@@;@
"8448519000"@;@4 980 827@;@1 585 816@;@@;@@;@@;@@;@4 980 827@;@@;@@;@0,3@;@@;@0,56
"6116990000"@;@19 139@;@2 177@;@60 402@;@89 305@;@60 402@;@@;@79 541@;@28 903@;@19 139@;@1@;@19 139@;@0,77
"3104209000"@;@101 801@;@@;@@;@@;@@;@@;@101 801@;@@;@@;@0@;@@;@0,5
"8477908000"@;@@;@@;@24 398@;@24 398@;@24 672@;@529@;@24 672@;@0@;@@;@0,3@;@@;@
"9031903000"@;@6 758@;@2 739@;@@;@@;@@;@@;@6 758@;@@;@@;@0,3@;@@;@0,56
"8505909000"@;@1 478 082@;@2 821@;@111 739@;@111 739@;@111 739@;@83@;@1 586 917@;@0@;@0@;@0,6@;@0@;@0,59
"8441800000"@;@8 597 668@;@5 100@;@@;@@;@@;@@;@8 597 668@;@@;@@;@0,3@;@@;@0,56
"4418920000"@;@8 767@;@@;@23 700@;@23 700@;@23 700@;@@;@32 467@;@0@;@0@;@0,7@;@0@;@0,28
"7019320009"@;@@;@@;@401 500@;@446 111@;@415 477@;@73 424@;@415 477@;@44 611@;@@;@0,3@;@@;@
"9403830000"@;@7 883@;@246 203@;@116 979@;@122 909@;@116 979@;@@;@124 862@;@5 930@;@5 930@;@1@;@5 930@;@0,46
"4418997000"@;@8 637 184@;@377 599@;@23 715@;@23 715@;@23 715@;@@;@8 283 300@;@0@;@0@;@1@;@0@;@0,72
"3802100000"@;@11 709 540@;@60 708@;@928 051@;@932 293@;@928 051@;@@;@12 576 883@;@4 242@;@4 242@;@1@;@4 242@;@0,67
"809309000"@;@@;@@;@3 555@;@3 555@;@3 555@;@@;@3 555@;@0@;@@;@0,3@;@@;@
"7304291002"@;@764 193@;@@;@@;@@;@@;@@;@764 193@;@@;@@;@0@;@@;@0,5
"5515123000"@;@17 514 922@;@@;@@;@@;@@;@@;@17 514 922@;@@;@@;@0@;@@;@0,5
"8424491000"@;@1 583 602@;@1 200@;@2 129 051@;@2 466 288@;@1 012 287@;@1 345 070@;@2 367 583@;@337 237@;@337 237@;@0,6@;@202 342,2@;@0,52
"2903710000"@;@27 139@;@@;@@;@@;@@;@@;@27 139@;@@;@@;@0@;@@;@0,5
"1901909800"@;@7 350 180@;@30 990@;@1 935 602@;@3 154 496@;@2 092 879@;@117 957@;@9 136 835@;@1 218 894@;@1 218 894@;@0,6@;@731 336,4@;@0,57
"9405410029"@;@498 369@;@13 769@;@2 666@;@2 666@;@2 666@;@@;@487 266@;@0@;@0@;@1@;@0@;@0,71
"7310291000"@;@1 376 214@;@5 016@;@1 089 004@;@1 198 115@;@953 779@;@66 478@;@2 393 724@;@109 111@;@109 111@;@1@;@109 111@;@0,51
"7606111000"@;@1 719 124@;@1 411@;@244 982@;@264 994@;@244 982@;@473@;@1 962 222@;@20 012@;@20 012@;@1@;@20 012@;@0,64
"6117808009"@;@58 326@;@14 468@;@604 044@;@759 595@;@602 875@;@21 216@;@641 154@;@155 551@;@58 326@;@0,6@;@34 995,6@;@0,97
"7219240001"@;@@;@@;@5 949@;@6 799@;@5 949@;@@;@5 949@;@850@;@@;@0,3@;@@;@
"1205101000"@;@191@;@@;@@;@@;@@;@@;@191@;@@;@@;@0@;@@;@0,5
"7318156100"@;@@;@@;@831 677@;@980 799@;@831 124@;@634@;@831 124@;@149 122@;@@;@0,3@;@@;@
"0709601001"@;@425 091@;@6 353 639@;@@;@@;@@;@@;@425 091@;@@;@@;@0,3@;@@;@0,56
"8412902000"@;@2 069@;@@;@@;@@;@@;@@;@2 069@;@@;@@;@0@;@@;@0,5
"1104293000"@;@3 789 879@;@@;@@;@@;@@;@@;@3 789 879@;@@;@@;@0@;@@;@0,5
"7323100000"@;@128 597@;@99 792@;@@;@@;@@;@@;@128 597@;@@;@@;@0,3@;@@;@0,56
"9619005009"@;@5 902@;@@;@3 033 714@;@3 096 842@;@1 955 828@;@1 885 495@;@1 154 121@;@63 128@;@5 902@;@0,7@;@4 131,4@;@3,35
"0704100000"@;@22 450@;@15 123 370@;@@;@@;@@;@@;@22 450@;@@;@@;@0,7@;@@;@0,64
"8474901000"@;@4 009 842@;@1 405@;@5 140 013@;@5 171 796@;@3 281 491@;@1 949 156@;@7 200 699@;@31 783@;@31 783@;@1@;@31 783@;@0,48
"2939300000"@;@178 022@;@@;@@;@@;@@;@@;@178 022@;@@;@@;@0@;@@;@0,5
"6804100000"@;@404 569@;@@;@965 836@;@1 043 991@;@971 127@;@20 335@;@1 350 070@;@78 155@;@78 155@;@0,3@;@23 446,5@;@0,27
"1901200000"@;@954 878@;@91 519@;@4 517 827@;@4 669 093@;@4 083 375@;@877 777@;@4 594 928@;@151 266@;@151 266@;@0,6@;@90 759,6@;@0,27
"4810310000"@;@457 354@;@26 283@;@205@;@205@;@205@;@@;@431 276@;@0@;@0@;@0,6@;@0@;@0,65
"8704211000"@;@@;@@;@106 652@;@106 652@;@106 652@;@@;@106 652@;@0@;@@;@0,3@;@@;@
"8475290000"@;@7 264 240@;@@;@769 840@;@789 033@;@769 840@;@@;@8 034 080@;@19 193@;@19 193@;@0,3@;@5 757,9@;@0,51
"4016995709"@;@1 780 020@;@280 930@;@37 279@;@45 489@;@37 279@;@@;@1 536 369@;@8 210@;@8 210@;@1@;@8 210@;@0,78
"2208202900"@;@241 390@;@8 347@;@@;@@;@@;@@;@241 390@;@@;@@;@0,3@;@@;@0,56
"1701131035"@;@52 739 149@;@@;@@;@@;@@;@@;@52 739 149@;@@;@@;@0@;@@;@0,5
"8483102901"@;@6 848 625@;@@;@10 270@;@10 617@;@10 270@;@@;@6 858 895@;@347@;@347@;@0,3@;@104,1@;@0,56
"7019140000"@;@87 555@;@@;@@;@@;@@;@@;@87 555@;@@;@@;@0@;@@;@0,5
"6202131000"@;@@;@@;@36 188@;@90 470@;@61 587@;@9 080@;@61 587@;@54 282@;@@;@0,3@;@@;@
"0207278000"@;@1 752@;@@;@@;@@;@@;@@;@1 752@;@@;@@;@0@;@@;@0,5
"8807200000"@;@1 878 366@;@1 374 560@;@@;@@;@@;@@;@1 878 366@;@@;@@;@0,3@;@@;@0,56
"1509900000"@;@1 262 160@;@54 457@;@@;@@;@@;@@;@1 262 160@;@@;@@;@0,3@;@@;@0,56
"8414308901"@;@@;@@;@119@;@119@;@119@;@@;@119@;@0@;@@;@0,3@;@@;@
"9402100001"@;@151 340@;@@;@168 203@;@199 386@;@163 044@;@5 159@;@314 384@;@31 183@;@31 183@;@0,7@;@21 828,1@;@0,44
"3402130000"@;@@;@@;@508 934@;@1 001 084@;@547 878@;@62 745@;@547 878@;@492 150@;@@;@0,3@;@@;@
"2101110017"@;@41 993@;@70@;@@;@@;@@;@@;@41 993@;@@;@@;@0,3@;@@;@0,56
"8419812001"@;@@;@@;@133 731@;@133 731@;@133 731@;@@;@133 731@;@0@;@@;@0,3@;@@;@
"3824995000"@;@1 896 924@;@16 981@;@@;@@;@@;@@;@1 896 924@;@@;@@;@0,3@;@@;@0,56
"6203391100"@;@@;@@;@27 922@;@27 922@;@27 922@;@20 075@;@27 922@;@0@;@@;@0,3@;@@;@
"8524190024"@;@4 232@;@@;@@;@@;@@;@@;@4 232@;@@;@@;@0@;@@;@0,5
"5208190000"@;@72 205@;@1 045 140@;@7 361 084@;@7 424 125@;@9 178 282@;@646 643@;@6 786 646@;@63 041@;@63 041@;@0,6@;@37 824,6@;@0,39
"1207700000"@;@77 671@;@123 850@;@@;@@;@@;@@;@77 671@;@@;@@;@0,3@;@@;@0,56
"1806905009"@;@19 925 664@;@710 382@;@2 306@;@2 306@;@2 306@;@@;@19 217 588@;@0@;@0@;@0,6@;@0@;@0,64
"7304499300"@;@2 677 386@;@76@;@@;@@;@@;@@;@2 677 386@;@@;@@;@0,3@;@@;@0,56
"4410115000"@;@6 008 935@;@18 527@;@@;@@;@@;@@;@6 008 935@;@@;@@;@0,7@;@@;@0,64
"8704439109"@;@@;@@;@9 616 764@;@9 616 764@;@8 550 934@;@1 514 874@;@8 550 934@;@0@;@@;@0,3@;@@;@
"0906110000"@;@53 655@;@720@;@@;@@;@@;@@;@53 655@;@@;@@;@0,3@;@@;@0,56
"1302209000"@;@155 594@;@@;@@;@@;@@;@@;@155 594@;@@;@@;@0@;@@;@0,5
"5303100000"@;@@;@@;@13 154 022@;@14 373 229@;@10 660 394@;@94 802@;@10 660 394@;@1 219 207@;@@;@0,3@;@@;@
"2933540000"@;@835@;@@;@@;@@;@@;@@;@835@;@@;@@;@0@;@@;@0,5
"4002390000"@;@1 684 144@;@@;@@;@@;@@;@@;@1 684 144@;@@;@@;@0@;@@;@0,5
"7903100000"@;@977@;@@;@730 255@;@730 255@;@741 527@;@33 981@;@697 251@;@0@;@0@;@0,3@;@0@;@0,06
"2905110000"@;@88 377@;@11 092@;@6 976 108@;@80 291 410@;@5 054 661@;@2 914 365@;@4 150 120@;@73 315 302@;@88 377@;@1@;@88 377@;@100
"0910991000"@;@59 787@;@2 700@;@@;@@;@@;@@;@59 787@;@@;@@;@0,3@;@@;@0,56
"8523519109"@;@58 994@;@1 456@;@@;@@;@@;@@;@58 994@;@@;@@;@0,3@;@@;@0,56
"7609000000"@;@1 035 556@;@59@;@580 187@;@580 187@;@580 187@;@@;@1 615 684@;@0@;@0@;@1@;@0@;@0,52
"8311200000"@;@1 575 735@;@@;@@;@@;@@;@@;@1 575 735@;@@;@@;@0@;@@;@0,5
"9503005500"@;@264 579@;@8 784@;@3 774 357@;@@;@3 774 357@;@@;@4 038 936@;@@;@@;@0,6@;@@;@0,15
"8539908009"@;@370 933@;@1 996@;@@;@@;@@;@@;@370 933@;@@;@@;@0,3@;@@;@0,56
"2915330000"@;@901 566@;@@;@@;@@;@@;@@;@901 566@;@@;@@;@0@;@@;@0,5
"6907239001"@;@3 110@;@@;@@;@@;@@;@@;@3 110@;@@;@@;@0@;@@;@0,5
"2606000000"@;@@;@@;@154 212@;@154 212@;@154 212@;@@;@154 212@;@0@;@@;@0,3@;@@;@
"8413820019"@;@29 658@;@@;@2 155@;@2 155@;@2 155@;@124 620@;@2 155@;@0@;@0@;@0,3@;@0@;@6,94
"4401320000"@;@5 887@;@@;@75@;@75@;@@;@75@;@5 887@;@0@;@0@;@0,3@;@0@;@0,56
"6403593500"@;@69 233@;@@;@8 236 612@;@8 331 752@;@1 692 720@;@6 922 271@;@1 383 574@;@95 140@;@69 233@;@0,7@;@48 463,1@;@0,58
"6403510500"@;@@;@@;@18 486 541@;@18 977 756@;@10 443 079@;@8 467 303@;@10 443 079@;@491 215@;@@;@0,3@;@@;@
"1517909300"@;@230 408@;@@;@391 641@;@415 426@;@391 641@;@26@;@622 023@;@23 785@;@23 785@;@0,3@;@7 135,5@;@0,28
"8536201009"@;@@;@@;@6 320@;@6 320@;@6 320@;@@;@6 320@;@0@;@@;@0,3@;@@;@
"7019390001"@;@@;@@;@97 390@;@103 445@;@74 275@;@23 115@;@74 275@;@6 055@;@@;@0,3@;@@;@
"403907300"@;@@;@@;@4 648 582@;@4 648 582@;@4 483 767@;@164 815@;@4 483 767@;@0@;@@;@0,3@;@@;@
"7409290000"@;@16 681@;@@;@1 123 329@;@1 123 329@;@1 123 329@;@@;@1 140 010@;@0@;@0@;@0,3@;@0@;@0,07
"3105400000"@;@5 395 862@;@@;@@;@@;@@;@@;@5 395 862@;@@;@@;@0@;@@;@0,5
"6005381000"@;@752@;@@;@46 555@;@46 555@;@46 555@;@@;@47 307@;@0@;@0@;@0,3@;@0@;@0,07
"8439200009"@;@4 759 788@;@13 300@;@@;@@;@@;@@;@4 759 788@;@@;@@;@0,3@;@@;@0,56
"8112690001"@;@221@;@1 777 378@;@@;@@;@@;@@;@221@;@@;@@;@0,3@;@@;@0,56
"2522100000"@;@293 643@;@5 850 744@;@19 142 009@;@21 087 435@;@18 664 741@;@828 993@;@18 606 659@;@1 945 426@;@293 643@;@1@;@293 643@;@2,2
"1702907100"@;@2 442@;@@;@44 549@;@44 549@;@44 549@;@@;@46 991@;@0@;@0@;@0,3@;@0@;@0,09
"8462900016"@;@13 294@;@@;@@;@@;@@;@@;@13 294@;@@;@@;@0@;@@;@0,5
"5704100000"@;@@;@@;@3 439 947@;@4 033 729@;@3 223 843@;@419 340@;@3 223 843@;@593 782@;@@;@0,3@;@@;@
"4820300000"@;@202 796@;@313@;@534 058@;@567 371@;@531 782@;@20 822@;@716 032@;@33 313@;@33 313@;@1@;@33 313@;@0,39
"8462230002"@;@97 800@;@@;@@;@@;@@;@@;@97 800@;@@;@@;@0@;@@;@0,5
"3102600000"@;@1 240 070@;@3 192@;@@;@@;@@;@@;@1 240 070@;@@;@@;@0,7@;@@;@0,64
"8474200000"@;@@;@@;@1 580@;@1 580@;@1 580@;@@;@1 580@;@0@;@@;@0,3@;@@;@
"0105111100"@;@14 192 685@;@789 223@;@@;@@;@@;@@;@14 192 685@;@@;@@;@0,3@;@@;@0,56
"4820500000"@;@18 529@;@@;@1 149 953@;@1 227 993@;@1 116 227@;@94 616@;@1 073 866@;@78 040@;@18 529@;@0,7@;@12 970,3@;@1,41
"6302310001"@;@3 382@;@@;@76 183@;@76 183@;@76 183@;@@;@79 565@;@0@;@0@;@0,7@;@0@;@0,16
"4802200000"@;@205@;@@;@308 783@;@323 005@;@290 768@;@2 897@;@306 091@;@14 222@;@205@;@0,3@;@61,5@;@20,87
"6203423500"@;@2 279 805@;@1 365 494@;@32 759@;@32 759@;@32 427@;@2 609@;@944 461@;@0@;@0@;@1@;@0@;@1,41
"2001909702"@;@192@;@595@;@@;@@;@@;@@;@192@;@@;@@;@0,3@;@@;@0,56
"6204410000"@;@212 381@;@2 261@;@638 097@;@642 523@;@413 767@;@238 895@;@611 583@;@4 426@;@4 426@;@0,6@;@2 655,6@;@0,3
"0207149100"@;@20 677@;@@;@@;@@;@@;@@;@20 677@;@@;@@;@0@;@@;@0,5
"8307900000"@;@1 053 909@;@87@;@50 505@;@50 505@;@50 505@;@@;@1 104 327@;@0@;@0@;@0,6@;@0@;@0,6
"8419893000"@;@33 475@;@@;@170 163@;@212 704@;@170 163@;@@;@203 638@;@42 541@;@33 475@;@0,3@;@10 042,5@;@0,52
"2916110000"@;@711 352@;@9 799@;@@;@@;@@;@@;@711 352@;@@;@@;@0,3@;@@;@0,56
"8443991000"@;@299 592@;@12 732@;@@;@@;@@;@@;@299 592@;@@;@@;@0,3@;@@;@0,56
"2515110000"@;@88 846@;@113 025@;@6 571 246@;@6 906 598@;@4 899 660@;@2 142 069@;@4 518 023@;@335 352@;@88 846@;@0,6@;@53 307,6@;@1,26
"902100009"@;@@;@@;@4 400 772@;@4 626 170@;@4 281 649@;@787 910@;@4 281 649@;@225 398@;@@;@0,3@;@@;@
"8418991001"@;@927@;@7 607@;@@;@@;@@;@@;@927@;@@;@@;@0,3@;@@;@0,56
"8516802002"@;@2 964 431@;@9 102@;@716@;@716@;@196@;@520@;@2 955 525@;@0@;@0@;@1@;@0@;@0,7
"4820103000"@;@1 835 104@;@4 094@;@1 450 168@;@2 129 237@;@974 326@;@67 105@;@3 214 073@;@679 069@;@679 069@;@1@;@679 069@;@0,6
"2102103900"@;@1 019 358@;@115@;@@;@@;@@;@@;@1 019 358@;@@;@@;@0,3@;@@;@0,56
"2009120009"@;@@;@@;@1 240 025@;@1 242 095@;@1 365 847@;@2 783@;@1 365 847@;@2 070@;@@;@0,3@;@@;@
"2710199200"@;@1 521 962@;@20 718@;@185 829@;@185 829@;@187 272@;@3 135@;@1 683 938@;@0@;@0@;@1@;@0@;@0,65
"8463200000"@;@244 226@;@13 627@;@@;@@;@@;@@;@244 226@;@@;@@;@0,3@;@@;@0,56
"2936900000"@;@@;@@;@73 879@;@73 879@;@73 879@;@@;@73 879@;@0@;@@;@0,3@;@@;@
"3004500009"@;@605 075@;@30 804@;@1 748@;@1 748@;@1 094@;@633@;@575 386@;@0@;@0@;@0,6@;@0@;@0,65
"8403901000"@;@4 563@;@2 447@;@289 203@;@9 196 391@;@289 203@;@3 950@;@289 816@;@8 907 188@;@4 563@;@0,6@;@2 737,8@;@100
"6104610001"@;@47 687@;@17 041@;@29 423@;@29 423@;@29 423@;@@;@60 069@;@0@;@0@;@0,6@;@0@;@0,52
"4818409000"@;@@;@@;@4 847 524@;@4 877 215@;@4 851 338@;@379 630@;@4 851 338@;@29 691@;@@;@0,3@;@@;@
"8209008000"@;@1 286 755@;@257 102@;@2 372 608@;@14 130 504@;@2 462 966@;@1 969 743@;@1 689 620@;@11 757 896@;@1 286 755@;@1@;@1 286 755@;@3,32
"2933111000"@;@41 350@;@@;@@;@@;@@;@@;@41 350@;@@;@@;@0@;@@;@0,5
"9305990000"@;@12 392@;@@;@@;@@;@@;@@;@12 392@;@@;@@;@0@;@@;@0,5
"6005365000"@;@10 039@;@@;@@;@@;@@;@@;@10 039@;@@;@@;@0@;@@;@0,5
"1209100000"@;@34 034@;@1 185@;@@;@@;@@;@@;@34 034@;@@;@@;@0,3@;@@;@0,56
"2516900000"@;@69 304@;@1 607@;@754 985@;@758 649@;@754 485@;@66 818@;@757 471@;@3 664@;@3 664@;@0,6@;@2 198,4@;@0,18
"4601211000"@;@2 800@;@@;@@;@@;@@;@@;@2 800@;@@;@@;@0@;@@;@0,5
"1704903000"@;@6 096 523@;@91 229@;@@;@@;@@;@@;@6 096 523@;@@;@@;@0,3@;@@;@0,56
"7314500000"@;@503 656@;@@;@11 723 304@;@11 832 126@;@11 576 663@;@211 924@;@12 015 036@;@108 822@;@108 822@;@0,3@;@32 646,6@;@0,15
"8711301000"@;@39 325@;@@;@@;@@;@@;@@;@39 325@;@@;@@;@0,4@;@@;@0,58
"5701101000"@;@425@;@@;@54 386@;@68 708@;@34 761@;@19 625@;@35 186@;@14 322@;@425@;@0,3@;@127,5@;@10,18
"8306290000"@;@@;@@;@395@;@395@;@198@;@198@;@198@;@0@;@@;@0,3@;@@;@
"4907001090"@;@721@;@3 066@;@@;@@;@@;@@;@721@;@@;@@;@0,3@;@@;@0,56
"2008994000"@;@31 600@;@@;@@;@@;@@;@@;@31 600@;@@;@@;@0@;@@;@0,5
"0804300001"@;@1 962 182@;@23 545@;@@;@@;@@;@@;@1 962 182@;@@;@@;@0,3@;@@;@0,56
"8301401900"@;@873 332@;@8 575@;@80 711@;@80 711@;@80 711@;@@;@945 468@;@0@;@0@;@0,6@;@0@;@0,58
"4802553000"@;@45 610@;@@;@1 018 534@;@1 018 534@;@9 878 438@;@29 415@;@1 034 729@;@0@;@0@;@0,3@;@0@;@0,08
"3809109000"@;@3 275@;@@;@@;@@;@@;@@;@3 275@;@@;@@;@0@;@@;@0,5
"6912002300"@;@51 960@;@16 028@;@150 661@;@153 637@;@150 661@;@2 127@;@200 494@;@2 976@;@2 976@;@0,6@;@1 785,6@;@0,27
"7306301900"@;@257 560@;@79 188@;@158 390@;@158 390@;@149 644@;@8 745@;@328 017@;@0@;@0@;@0,6@;@0@;@0,51
"2005510000"@;@55 780@;@1 233@;@8 043 087@;@8 043 860@;@5 953 697@;@2 089 390@;@6 009 477@;@773@;@773@;@0,6@;@463,8@;@0,13
"1602499000"@;@2 471@;@@;@@;@@;@@;@@;@2 471@;@@;@@;@0@;@@;@0,5
"0202209000"@;@724 937@;@@;@@;@@;@@;@@;@724 937@;@@;@@;@0@;@@;@0,5
"7419991000"@;@@;@@;@61 738@;@61 738@;@61 738@;@@;@61 738@;@0@;@@;@0,3@;@@;@
"8202310000"@;@1 041 704@;@30 586@;@@;@@;@@;@@;@1 041 704@;@@;@@;@0,3@;@@;@0,56
"0901110001"@;@1 216 309@;@98 289@;@@;@@;@@;@@;@1 216 309@;@@;@@;@0,3@;@@;@0,56
"2834100000"@;@204 250@;@@;@@;@@;@@;@@;@204 250@;@@;@@;@0,4@;@@;@0,58
"4823908520"@;@333 315@;@@;@790@;@@;@790@;@@;@334 105@;@@;@@;@0,3@;@@;@0,56
"0306959900"@;@134@;@@;@@;@@;@@;@@;@134@;@@;@@;@0@;@@;@0,5
"8443322000"@;@@;@@;@9 704@;@14 556@;@9 704@;@@;@9 704@;@4 852@;@@;@0,3@;@@;@
"2208905608"@;@64 613@;@@;@@;@@;@@;@@;@64 613@;@@;@@;@0@;@@;@0,5
"6104630000"@;@1 337 574@;@628 209@;@77 959@;@77 959@;@77 959@;@@;@787 324@;@0@;@0@;@1@;@0@;@1,05
"0808400000"@;@67 736@;@295 818@;@@;@@;@@;@@;@67 736@;@@;@@;@0,3@;@@;@0,56
"6403511100"@;@770 624@;@22 419@;@358 258@;@395 734@;@299 896@;@245 950@;@860 513@;@37 476@;@37 476@;@1@;@37 476@;@0,66
"7318152000"@;@529 970@;@1 481@;@389 122@;@391 159@;@383 890@;@5 232@;@912 379@;@2 037@;@2 037@;@1@;@2 037@;@0,49
"2921440000"@;@758@;@@;@@;@@;@@;@@;@758@;@@;@@;@0@;@@;@0,5
"9001109001"@;@2 930 342@;@@;@@;@@;@@;@@;@2 930 342@;@@;@@;@0@;@@;@0,5
"2008199900"@;@8 551 081@;@3 735 290@;@@;@@;@@;@@;@8 551 081@;@@;@@;@0,7@;@@;@0,64
"9011909000"@;@253 428@;@@;@@;@@;@@;@@;@253 428@;@@;@@;@0@;@@;@0,5
"3911100000"@;@230 118@;@3 723@;@79 244@;@79 244@;@72 161@;@7 083@;@298 556@;@0@;@0@;@0,6@;@0@;@0,51
"4418600000"@;@@;@@;@1 838 403@;@1 869 050@;@853 312@;@985 090@;@853 312@;@30 647@;@@;@0,3@;@@;@
"6211321000"@;@201 155@;@1 560 976@;@40 912 326@;@@;@40 912 326@;@@;@41 113 481@;@@;@@;@1@;@@;@0,2
"1104199100"@;@2 950@;@@;@@;@@;@@;@@;@2 950@;@@;@@;@0@;@@;@0,5
"2304000009"@;@86 063@;@@;@702 481@;@702 481@;@702 481@;@@;@788 544@;@0@;@0@;@0,3@;@0@;@0,11
"7312108501"@;@2 191 866@;@@;@8 075@;@8 075@;@8 075@;@@;@2 199 941@;@0@;@0@;@0,3@;@0@;@0,56
"8609001000"@;@4 861@;@@;@@;@@;@@;@@;@4 861@;@@;@@;@0@;@@;@0,5
"8483308001"@;@1 343 422@;@@;@87 762@;@95 662@;@87 762@;@@;@1 431 184@;@7 900@;@7 900@;@0,3@;@2 370@;@0,53
"0909620001"@;@8 851@;@@;@@;@@;@@;@@;@8 851@;@@;@@;@0@;@@;@0,5
"6302392009"@;@@;@@;@7 268@;@7 268@;@7 268@;@@;@7 268@;@0@;@@;@0,7@;@@;@
"5911909009"@;@@;@@;@@;@@;@@;@@;@0@;@@;@@;@0,4@;@@;@
"6309000000"@;@151@;@50@;@75 090@;@75 090@;@70 826@;@4 264@;@70 977@;@0@;@0@;@0,6@;@0@;@0,12
"9405410032"@;@69 817@;@@;@7 752@;@7 752@;@7 752@;@@;@77 569@;@0@;@0@;@0,7@;@0@;@0,59
"8484900000"@;@12 546 700@;@137 315@;@7 152@;@7 152@;@7 152@;@@;@12 416 537@;@0@;@0@;@0,6@;@0@;@0,63
"6903201000"@;@111 617@;@@;@64 011@;@64 011@;@64 011@;@@;@175 628@;@0@;@0@;@0,7@;@0@;@0,46
"1904201000"@;@155 302@;@1 171@;@@;@@;@@;@@;@155 302@;@@;@@;@0,3@;@@;@0,56
"7212504000"@;@4 866@;@@;@@;@@;@@;@@;@4 866@;@@;@@;@0@;@@;@0,5
"7306307701"@;@10 280 203@;@480 513@;@36 996 421@;@37 181 600@;@32 826 890@;@7 454 961@;@39 821 663@;@185 179@;@185 179@;@0,6@;@111 107,4@;@0,25
"6202190000"@;@@;@@;@186 517@;@373 034@;@239 283@;@2 307@;@239 283@;@186 517@;@@;@0,3@;@@;@
"8421310000"@;@11 584 103@;@1 948 061@;@1 305 606@;@1 326 420@;@1 311 548@;@16 047@;@10 925 601@;@20 814@;@20 814@;@1@;@20 814@;@0,73
"8462900018"@;@906 156@;@9 900@;@@;@@;@@;@@;@906 156@;@@;@@;@0,3@;@@;@0,56
"8432299000"@;@473 587@;@@;@@;@@;@@;@@;@473 587@;@@;@@;@0@;@@;@0,5
"9506120000"@;@20 882@;@@;@@;@@;@@;@@;@20 882@;@@;@@;@0@;@@;@0,5
"6204510000"@;@91 098@;@1 408@;@86 756@;@172 112@;@42 281@;@74 458@;@101 988@;@85 356@;@85 356@;@0,6@;@51 213,6@;@0,85
"4011300000"@;@250 901@;@@;@@;@@;@@;@@;@250 901@;@@;@@;@0@;@@;@0,5
"9030310000"@;@1 048 017@;@5 145@;@416 317@;@416 317@;@471 641@;@4 874@;@1 454 315@;@0@;@0@;@0,6@;@0@;@0,48
"9030390001"@;@1 095@;@@;@@;@@;@@;@@;@1 095@;@@;@@;@0@;@@;@0,5
"8483200000"@;@851 163@;@2 016@;@58 599@;@60 501@;@58 599@;@@;@907 746@;@1 902@;@1 902@;@1@;@1 902@;@0,67
"709593000"@;@@;@@;@1 365 145@;@1 365 145@;@1 190 709@;@174@;@1 190 709@;@0@;@@;@0,3@;@@;@
"3917299000"@;@@;@@;@4 322 099@;@4 322 099@;@63 922@;@4 258 177@;@63 922@;@0@;@@;@0,3@;@@;@
"6310100009"@;@241@;@76 767@;@@;@@;@@;@@;@241@;@@;@@;@0,3@;@@;@0,56
"5205260006"@;@@;@2 360@;@@;@@;@@;@@;@0@;@@;@@;@0,3@;@@;@
"2939990000"@;@@;@@;@6 067@;@9 101@;@6 067@;@@;@6 067@;@3 034@;@@;@0,3@;@@;@
"6403200000"@;@55 049@;@1 065 620@;@93 947@;@122 395@;@79 849@;@18 047@;@130 949@;@28 448@;@28 448@;@0,6@;@17 068,8@;@0,49
"6204420000"@;@751 115@;@104 731@;@@;@@;@@;@@;@751 115@;@@;@@;@0,7@;@@;@0,64
"0106190094"@;@8 847@;@@;@@;@@;@@;@@;@8 847@;@@;@@;@0@;@@;@0,5
"8462900096"@;@23 780@;@@;@@;@@;@@;@@;@23 780@;@@;@@;@0@;@@;@0,5
"8470210000"@;@15 048@;@@;@@;@@;@@;@@;@15 048@;@@;@@;@0@;@@;@0,5
"7314201000"@;@@;@@;@1 300 473@;@1 325 670@;@1 300 473@;@24 640@;@1 300 473@;@25 197@;@@;@0,7@;@@;@
"5805000000"@;@399 304@;@@;@171 323@;@209 388@;@164 740@;@6 856@;@563 771@;@38 065@;@38 065@;@0,3@;@11 419,5@;@0,44
"4017000000"@;@62 831@;@162@;@27 168 939@;@259 154 767@;@27 163 970@;@136 982@;@27 094 788@;@231 985 828@;@62 831@;@0,6@;@37 698,6@;@100
"7219349009"@;@2 206 846@;@@;@@;@@;@@;@@;@2 206 846@;@@;@@;@0@;@@;@0,5
"2308001100"@;@6 981@;@409 696@;@2 067 143@;@2 067 143@;@2 067 143@;@@;@2 074 124@;@0@;@0@;@0,6@;@0@;@0,12
"3006910000"@;@225 412@;@@;@@;@@;@@;@@;@225 412@;@@;@@;@0@;@@;@0,5
"4002991000"@;@329 017@;@@;@@;@@;@@;@@;@329 017@;@@;@@;@0@;@@;@0,5
"7219351000"@;@38 725@;@@;@@;@@;@@;@@;@38 725@;@@;@@;@0@;@@;@0,5
"1006109800"@;@159 210@;@@;@@;@@;@@;@@;@159 210@;@@;@@;@0@;@@;@0,5
"5704900000"@;@42 703@;@1 902 036@;@@;@@;@@;@@;@42 703@;@@;@@;@0,7@;@@;@0,64
"1302130000"@;@139 591@;@@;@@;@@;@@;@@;@139 591@;@@;@@;@0@;@@;@0,5
"8421398007"@;@@;@@;@3 306 148@;@3 306 148@;@3 062 662@;@243 486@;@3 062 662@;@0@;@@;@0,3@;@@;@
"2710124900"@;@7 903 455@;@@;@9 976 846@;@9 976 846@;@9 974 950@;@381 103@;@17 499 198@;@0@;@0@;@0,3@;@0@;@0,29
"8414510000"@;@2 383 727@;@461 306@;@1 731 060@;@1 731 384@;@1 734 439@;@348 570@;@3 304 911@;@324@;@324@;@0,6@;@194,4@;@0,48
"3004200008"@;@3 451 736@;@@;@@;@@;@@;@@;@3 451 736@;@@;@@;@0@;@@;@0,5
"7010906101"@;@1 028@;@@;@@;@@;@@;@@;@1 028@;@@;@@;@0@;@@;@0,5
"8431100000"@;@620 594@;@62 532@;@1 815 147@;@1 852 442@;@1 623 819@;@179 745@;@2 255 996@;@37 295@;@37 295@;@1@;@37 295@;@0,36
"8202992000"@;@10 179@;@10 583@;@@;@@;@@;@@;@10 179@;@@;@@;@0,3@;@@;@0,56
"4410119000"@;@162 293@;@@;@8 093 593@;@8 162 714@;@7 008 892@;@294 687@;@7 961 199@;@69 121@;@69 121@;@0,7@;@48 384,7@;@0,28
"8502118000"@;@7 636 425@;@48 058@;@25 492@;@25 492@;@25 492@;@@;@7 613 859@;@0@;@0@;@0,6@;@0@;@0,62
"6211331000"@;@125 469@;@157 474@;@2 283 609@;@@;@2 283 609@;@@;@2 409 078@;@@;@@;@1@;@@;@0,23
"405101100"@;@@;@@;@22 426 790@;@22 706 780@;@20 971 211@;@6 171 998@;@20 971 211@;@279 990@;@@;@0,3@;@@;@
"4202921100"@;@1 167 066@;@12 778@;@@;@@;@@;@@;@1 167 066@;@@;@@;@0,3@;@@;@0,56
"2805120000"@;@91 338@;@@;@@;@@;@@;@@;@91 338@;@@;@@;@0@;@@;@0,5
"7019640000"@;@272 497@;@@;@14 098@;@14 098@;@14 098@;@@;@286 595@;@0@;@0@;@0,3@;@0@;@0,54
"8708408001"@;@@;@@;@790@;@8 690@;@790@;@@;@790@;@7 900@;@@;@0,3@;@@;@
"4302200090"@;@@;@8 752@;@@;@@;@@;@@;@0@;@@;@@;@0,3@;@@;@
"8501539900"@;@3 788 101@;@@;@937 695@;@1 283 471@;@858 013@;@118 172@;@4 607 624@;@345 776@;@345 776@;@0,7@;@242 043,2@;@0,58
"8475900000"@;@511 691@;@426 872@;@@;@@;@@;@@;@511 691@;@@;@@;@0,3@;@@;@0,56
"0301190000"@;@31 669@;@@;@@;@@;@@;@@;@31 669@;@@;@@;@0@;@@;@0,5
"2519100000"@;@169@;@@;@1 243 783@;@1 268 974@;@1 243 664@;@119@;@1 243 833@;@25 191@;@169@;@0,3@;@50,7@;@44,78
"3917109000"@;@275 799@;@35@;@1 536 404@;@1 981 960@;@1 536 404@;@1 383@;@1 810 820@;@445 556@;@275 799@;@0,6@;@165 479,4@;@0,68
"6006339000"@;@1 671 941@;@328@;@@;@@;@@;@@;@1 671 941@;@@;@@;@0,3@;@@;@0,56
"3902100000"@;@138 887 844@;@10 919 482@;@139 433 964@;@144 008 521@;@143 562 177@;@16 830 908@;@261 490 900@;@4 574 557@;@4 574 557@;@1@;@4 574 557@;@0,48
"6907900000"@;@@;@@;@9 949 176@;@10 510 707@;@15 399 292@;@3 817 586@;@15 399 292@;@561 531@;@@;@0,3@;@@;@
"2922492000"@;@5 336@;@@;@@;@@;@@;@@;@5 336@;@@;@@;@0@;@@;@0,5
"8483409000"@;@7 761 036@;@654 461@;@1 432 492@;@1 451 715@;@1 232 787@;@75 051@;@8 464 016@;@19 223@;@19 223@;@0,6@;@11 533,8@;@0,58
"7318157001"@;@1 692@;@619@;@13 730@;@13 730@;@13 730@;@@;@15 422@;@0@;@0@;@0,6@;@0@;@0,17
"7214997900"@;@2 061 650@;@@;@10 402@;@11 442@;@10 402@;@@;@2 072 052@;@1 040@;@1 040@;@0,7@;@728@;@0,64
"6204625100"@;@@;@@;@7 032@;@7 032@;@7 032@;@@;@7 032@;@0@;@@;@0,3@;@@;@
"8302300009"@;@10 064 852@;@69 727@;@@;@@;@@;@@;@10 064 852@;@@;@@;@0,7@;@@;@0,64
"9103100000"@;@583@;@@;@4 938@;@4 938@;@4 938@;@@;@5 521@;@0@;@0@;@0,3@;@0@;@0,11
"4302309590"@;@8 700@;@@;@@;@@;@@;@@;@8 700@;@@;@@;@0@;@@;@0,5
"8456309000"@;@104 922@;@758@;@@;@@;@@;@@;@104 922@;@@;@@;@0,3@;@@;@0,56
"4823691000"@;@62 555@;@21 384@;@1 288 844@;@1 289 928@;@1 287 177@;@40 657@;@1 310 742@;@1 084@;@1 084@;@0,6@;@650,4@;@0,15
"6204391900"@;@322 317@;@4 213@;@@;@@;@@;@@;@322 317@;@@;@@;@0,3@;@@;@0,56
"5508101000"@;@3 083 668@;@40 162@;@2 086 355@;@2 367 773@;@2 138 062@;@140 432@;@4 989 429@;@281 418@;@281 418@;@0,6@;@168 850,8@;@0,46
"3005909900"@;@97 145@;@57 660@;@317 493@;@373 823@;@312 447@;@23 654@;@390 984@;@56 330@;@56 330@;@1@;@56 330@;@0,5
"3002410000"@;@48 902 881@;@@;@@;@@;@@;@@;@48 902 881@;@@;@@;@0@;@@;@0,5
"3919101100"@;@@;@@;@1 146 245@;@1 217 322@;@1 146 830@;@3 006@;@1 146 830@;@71 077@;@@;@0,3@;@@;@
"8462690096"@;@1 700@;@@;@@;@@;@@;@@;@1 700@;@@;@@;@0@;@@;@0,5
"6114300000"@;@342 467@;@181 153@;@305 448@;@305 448@;@305 448@;@@;@647 915@;@0@;@0@;@1@;@0@;@0,46
"6810119000"@;@350@;@801 806@;@35 399 225@;@46 527 572@;@31 870 204@;@6 654 767@;@28 744 808@;@11 128 347@;@350@;@1@;@350@;@100
"7221009000"@;@@;@@;@3 650@;@5 475@;@3 650@;@@;@3 650@;@1 825@;@@;@0,3@;@@;@
"5007100000"@;@2 855@;@@;@8 533 356@;@10 471 046@;@7 737 736@;@804 485@;@7 731 726@;@1 937 690@;@2 855@;@0,3@;@856,5@;@100
"3808932700"@;@@;@@;@10 592 418@;@10 995 590@;@7 480 463@;@499 288@;@7 480 463@;@403 172@;@@;@0,3@;@@;@
"3808939000"@;@5 813 863@;@916@;@@;@@;@@;@@;@5 813 863@;@@;@@;@0,3@;@@;@0,56
"7325109900"@;@@;@@;@790@;@790@;@790@;@@;@790@;@0@;@@;@0,3@;@@;@
"1516209500"@;@2 233@;@@;@@;@@;@@;@@;@2 233@;@@;@@;@0@;@@;@0,5
"4804191900"@;@@;@@;@303 837@;@401 041@;@297 197@;@11 879@;@297 197@;@97 204@;@@;@0,3@;@@;@
"8432311100"@;@117 423@;@22 881@;@@;@@;@@;@@;@117 423@;@@;@@;@0,3@;@@;@0,56
"2833220000"@;@1 835 346@;@92 650@;@832 428@;@832 428@;@832 428@;@@;@2 575 124@;@0@;@0@;@1@;@0@;@0,56
"0706909001"@;@5 999@;@6 746 535@;@@;@@;@@;@@;@5 999@;@@;@@;@0,3@;@@;@0,56
"9026102900"@;@7 835 940@;@782 154@;@408 091@;@612 137@;@408 091@;@4 081@;@7 457 796@;@204 046@;@204 046@;@1@;@204 046@;@0,73
"5209110000"@;@@;@265 455@;@243 728@;@247 794@;@189 172@;@108 457@;@135 271@;@4 066@;@@;@1@;@@;@
"8528721000"@;@@;@@;@531 117@;@535 547@;@344 112@;@186 768@;@344 112@;@4 430@;@@;@0,3@;@@;@
"3917219000"@;@9 356 964@;@424 938@;@67 700 421@;@69 773 120@;@60 691 458@;@8 166 657@;@68 890 728@;@2 072 699@;@2 072 699@;@1@;@2 072 699@;@0,33
"403906900"@;@@;@@;@174 905@;@181 030@;@174 402@;@504@;@174 402@;@6 125@;@@;@0,3@;@@;@
"9503007000"@;@2 547 773@;@1 453 958@;@1 085 626@;@@;@1 085 626@;@@;@2 179 441@;@@;@@;@0,6@;@@;@0,7
"6403911600"@;@594 885@;@73 030@;@502 314@;@764 232@;@405 066@;@26 146@;@998 023@;@261 918@;@261 918@;@1@;@261 918@;@0,63
"8421910002"@;@19 975@;@@;@@;@@;@@;@@;@19 975@;@@;@@;@0@;@@;@0,5
"3912201100"@;@482 138@;@@;@@;@@;@@;@@;@482 138@;@@;@@;@0@;@@;@0,5
"9506709000"@;@4 694@;@@;@@;@@;@@;@@;@4 694@;@@;@@;@0@;@@;@0,5
"8429110090"@;@2 493 909@;@1 100@;@906 821@;@906 821@;@1 346 994@;@150 595@;@3 249 035@;@0@;@0@;@0,6@;@0@;@0,5
"7607111109"@;@217 295@;@92@;@@;@@;@@;@@;@217 295@;@@;@@;@0,3@;@@;@0,56
"9701920000"@;@3 155 843@;@@;@@;@@;@@;@@;@3 155 843@;@@;@@;@0@;@@;@0,5
"5516120000"@;@2 864 586@;@@;@1 863@;@1 863@;@1 863@;@@;@2 866 449@;@0@;@0@;@0,3@;@0@;@0,56
"9029900001"@;@3 859@;@@;@@;@@;@@;@@;@3 859@;@@;@@;@0@;@@;@0,5
"8108906007"@;@711 145@;@17 290@;@@;@@;@@;@@;@711 145@;@@;@@;@0,3@;@@;@0,56
"1214909000"@;@4 710@;@@;@@;@@;@@;@@;@4 710@;@@;@@;@0,4@;@@;@0,58
"7216918000"@;@508 712@;@8 088@;@1 072 096@;@1 075 488@;@907 576@;@164 520@;@1 416 288@;@3 392@;@3 392@;@0,6@;@2 035,2@;@0,3
"1704907100"@;@11 999 131@;@864 401@;@5 615 571@;@6 213 688@;@5 015 477@;@745 613@;@16 004 688@;@598 117@;@598 117@;@1@;@598 117@;@0,59
"3824890000"@;@22 978@;@@;@4 972 057@;@4 972 057@;@4 960 517@;@138 485@;@4 856 550@;@0@;@0@;@0,3@;@0@;@0,06
"9029209000"@;@24 943@;@@;@@;@@;@@;@@;@24 943@;@@;@@;@0@;@@;@0,5
"8708409109"@;@67 557@;@23@;@790@;@8 690@;@790@;@@;@68 324@;@7 900@;@7 900@;@0,6@;@4 740@;@0,65
"2507008000"@;@643 529@;@686 491@;@4 366 960@;@4 569 126@;@4 347 395@;@152 664@;@4 857 825@;@202 166@;@202 166@;@0,6@;@121 299,6@;@0,28
"8419390004"@;@4 746 044@;@@;@@;@@;@@;@@;@4 746 044@;@@;@@;@0@;@@;@0,5
"7315821000"@;@@;@@;@4 440@;@13 565@;@4 440@;@@;@4 440@;@9 125@;@@;@0,3@;@@;@
"8418408009"@;@529 310@;@@;@291 817@;@303 490@;@291 817@;@@;@821 127@;@11 673@;@11 673@;@0,3@;@3 501,9@;@0,39
"8428102009"@;@199 376@;@34 520@;@@;@@;@@;@@;@199 376@;@@;@@;@0,3@;@@;@0,56
"2204211300"@;@57 059@;@@;@@;@@;@@;@@;@57 059@;@@;@@;@0@;@@;@0,5
"7213100000"@;@1 058 723@;@@;@4 015@;@14 053@;@4 015@;@@;@1 062 738@;@10 038@;@10 038@;@0,3@;@3 011,4@;@0,56
"6107210000"@;@127 912@;@11 734 763@;@1 029 746@;@1 051 675@;@1 029 746@;@@;@1 157 658@;@21 929@;@21 929@;@1@;@21 929@;@0,31
"2208601900"@;@37 955@;@@;@@;@@;@@;@@;@37 955@;@@;@@;@0@;@@;@0,5
"6111909000"@;@120 702@;@403 556@;@1 944 794@;@2 053 967@;@1 915 065@;@137 334@;@1 928 162@;@109 173@;@109 173@;@0,6@;@65 503,8@;@0,42
"4410190003"@;@6 500@;@@;@@;@@;@@;@@;@6 500@;@@;@@;@0@;@@;@0,5
"9401710000"@;@@;@@;@99 810@;@136 143@;@77 599@;@22 211@;@77 599@;@36 333@;@@;@0,3@;@@;@
"6110121000"@;@@;@@;@10 216@;@10 216@;@10 216@;@@;@10 216@;@0@;@@;@0,3@;@@;@
"3912901000"@;@325 243@;@@;@@;@@;@@;@@;@325 243@;@@;@@;@0@;@@;@0,5
"4417000000"@;@115 733@;@212 565@;@18 482@;@18 482@;@18 482@;@@;@134 215@;@0@;@0@;@1@;@0@;@0,63
"6204391100"@;@12@;@@;@160 219@;@261 885@;@160 219@;@63 827@;@96 404@;@101 666@;@12@;@0,7@;@8,4@;@100
"8514400000"@;@1 624 182@;@212@;@225 243@;@249 745@;@225 243@;@@;@1 849 213@;@24 502@;@24 502@;@0,6@;@14 701,2@;@0,56
"8703405109"@;@15 300@;@@;@@;@@;@@;@@;@15 300@;@@;@@;@0@;@@;@0,5
"8305100000"@;@139 795@;@@;@39 486@;@50 744@;@39 486@;@1 534@;@177 747@;@11 258@;@11 258@;@0,7@;@7 880,6@;@0,56
"0306339000"@;@4 435@;@@;@@;@@;@@;@@;@4 435@;@@;@@;@0@;@@;@0,5
"6404110000"@;@5 332 572@;@522 671@;@416 827@;@416 827@;@416 827@;@11 007@;@5 215 721@;@0@;@0@;@1@;@0@;@0,71
"5703290001"@;@993 967@;@@;@@;@@;@@;@@;@993 967@;@@;@@;@0@;@@;@0,5
"8708919901"@;@19 814@;@75@;@@;@@;@@;@@;@19 814@;@@;@@;@0,3@;@@;@0,56
"8436809000"@;@2 195 470@;@25 499 443@;@2 283 917@;@2 695 821@;@2 293 487@;@57 933@;@4 421 454@;@411 904@;@411 904@;@0,6@;@247 142,4@;@0,42
"5210110000"@;@15 826@;@@;@3 735 505@;@3 876 200@;@4 350 774@;@282 803@;@3 468 528@;@140 695@;@15 826@;@0,7@;@11 078,2@;@2,81
"6810191000"@;@@;@@;@7 665 247@;@7 665 247@;@1 862 546@;@5 802 701@;@1 862 546@;@0@;@@;@0,3@;@@;@
"1210201000"@;@420 614@;@@;@@;@@;@@;@@;@420 614@;@@;@@;@0@;@@;@0,5
"2924210000"@;@86 919@;@@;@@;@@;@@;@@;@86 919@;@@;@@;@0@;@@;@0,5
"5107109000"@;@128 962@;@@;@@;@@;@@;@@;@128 962@;@@;@@;@0@;@@;@0,5
"5607491100"@;@4 663@;@@;@12 694@;@12 694@;@12 694@;@@;@17 357@;@0@;@0@;@0,3@;@0@;@0,19
"4408908509"@;@1 394 003@;@@;@@;@@;@@;@@;@1 394 003@;@@;@@;@0@;@@;@0,5
"207113000"@;@@;@@;@865 966@;@903 479@;@865 959@;@3@;@865 959@;@37 513@;@@;@0,3@;@@;@
"7216690000"@;@200 487@;@@;@18 577@;@18 577@;@18 577@;@@;@219 064@;@0@;@0@;@0,3@;@0@;@0,52
"7318290008"@;@1 820 284@;@102 799@;@27 924@;@624 242@;@27 924@;@@;@1 745 409@;@596 318@;@596 318@;@1@;@596 318@;@0,82
"3907999000"@;@25 808 278@;@1 154 991@;@5 968 848@;@5 968 848@;@5 968 848@;@@;@30 622 135@;@0@;@0@;@0,6@;@0@;@0,54
"2515122000"@;@@;@@;@122 799@;@122 799@;@122 653@;@146@;@122 653@;@0@;@@;@0,3@;@@;@
"0902400000"@;@7 726 940@;@119 894@;@@;@@;@@;@@;@7 726 940@;@@;@@;@0,3@;@@;@0,56
"8701941001"@;@@;@@;@905 712@;@905 712@;@905 712@;@@;@905 712@;@0@;@@;@0,3@;@@;@
"8454309002"@;@@;@@;@8@;@88@;@8@;@@;@8@;@80@;@@;@0,3@;@@;@
"8466209800"@;@782 002@;@5 363@;@790@;@790@;@790@;@@;@777 429@;@0@;@0@;@0,6@;@0@;@0,62
"1602201000"@;@6 561@;@@;@5 743 310@;@5 979 990@;@5 689 522@;@56 132@;@5 693 739@;@236 680@;@6 561@;@0,3@;@1 968,3@;@10,88
"8701901100"@;@@;@@;@168 866@;@168 866@;@538 118@;@341 190@;@538 118@;@0@;@@;@0,3@;@@;@
"6907100000"@;@@;@@;@38 299 268@;@40 544 659@;@32 638 059@;@8 352 423@;@32 638 059@;@2 245 391@;@@;@0,3@;@@;@
"2008507100"@;@874@;@@;@@;@@;@@;@@;@874@;@@;@@;@0@;@@;@0,5
"2202999500"@;@957 645@;@5 029@;@3 000 230@;@3 200 617@;@3 000 230@;@274 776@;@3 683 099@;@200 387@;@200 387@;@0,6@;@120 232,2@;@0,31
"8701949000"@;@270 521@;@@;@@;@@;@@;@@;@270 521@;@@;@@;@0@;@@;@0,5
"9113900001"@;@6 371@;@@;@@;@@;@@;@@;@6 371@;@@;@@;@0@;@@;@0,5
"8421220000"@;@253 640@;@@;@8 108@;@8 108@;@8 108@;@@;@261 748@;@0@;@0@;@0,3@;@0@;@0,54
"0303895500"@;@40 135@;@@;@@;@@;@@;@@;@40 135@;@@;@@;@0@;@@;@0,5
"2841610000"@;@37 340@;@@;@@;@@;@@;@@;@37 340@;@@;@@;@0,4@;@@;@0,58
"8462911000"@;@@;@@;@24 688@;@24 688@;@24 688@;@@;@24 688@;@0@;@@;@0,3@;@@;@
"9031410000"@;@309 974@;@@;@@;@@;@@;@@;@309 974@;@@;@@;@0@;@@;@0,5
"3920102500"@;@11 458 557@;@891 276@;@3 420 762@;@3 480 590@;@2 764 074@;@2 419 222@;@11 568 821@;@59 828@;@59 828@;@1@;@59 828@;@0,7
"9620000006"@;@18 179@;@@;@@;@@;@@;@@;@18 179@;@@;@@;@0@;@@;@0,5
"0805210000"@;@30 083 093@;@18 238@;@@;@@;@@;@@;@30 083 093@;@@;@@;@0,3@;@@;@0,56
"8467295900"@;@584 117@;@14 177@;@@;@@;@@;@@;@584 117@;@@;@@;@0,3@;@@;@0,56
"7208519800"@;@18 526 369@;@15 050@;@48 187@;@75 034@;@48 187@;@@;@18 559 506@;@26 847@;@26 847@;@0,6@;@16 108,2@;@0,62
"8539511015"@;@77 887@;@@;@@;@@;@@;@@;@77 887@;@@;@@;@0@;@@;@0,5
"9021391000"@;@2 336 731@;@@;@@;@@;@@;@@;@2 336 731@;@@;@@;@0@;@@;@0,5
"6506991000"@;@1 649@;@@;@1 343@;@1 343@;@1 343@;@@;@2 992@;@0@;@0@;@0,7@;@0@;@0,42
"5514220000"@;@3 850 216@;@79 743@;@@;@@;@@;@@;@3 850 216@;@@;@@;@0,7@;@@;@0,64
"7320208508"@;@199 905@;@7 158@;@@;@@;@@;@@;@199 905@;@@;@@;@0,7@;@@;@0,64
"8483102909"@;@2 187 139@;@30 196@;@176 535@;@176 882@;@175 142@;@1 393@;@2 332 085@;@347@;@347@;@1@;@347@;@0,67
"6112499000"@;@7 962@;@44 117@;@@;@@;@@;@@;@7 962@;@@;@@;@0,3@;@@;@0,56
"8501523009"@;@@;@@;@@;@@;@@;@@;@0@;@@;@@;@0,4@;@@;@
"8543900000"@;@2 457 702@;@116 453@;@225 498@;@281 873@;@225 498@;@27 911@;@2 538 836@;@56 375@;@56 375@;@0,6@;@33 825@;@0,61
"8708219001"@;@223 488@;@168@;@430 527@;@430 553@;@352 996@;@77 531@;@576 484@;@26@;@26@;@0,6@;@15,6@;@0,31
"2204219600"@;@189 857@;@@;@@;@@;@@;@@;@189 857@;@@;@@;@0@;@@;@0,5
"8471705000"@;@41 122 476@;@7 439@;@@;@@;@@;@@;@41 122 476@;@@;@@;@0,3@;@@;@0,56
"2712903100"@;@128 010@;@@;@@;@@;@@;@@;@128 010@;@@;@@;@0@;@@;@0,5
"5407930000"@;@655 180@;@3 833@;@2 898@;@2 898@;@2 898@;@@;@654 245@;@0@;@0@;@0,6@;@0@;@0,62
"4009310000"@;@16 043 053@;@100 699@;@649 833@;@697 566@;@655 057@;@23 636@;@16 568 551@;@47 733@;@47 733@;@1@;@47 733@;@0,69
"4006100000"@;@753@;@@;@25 577@;@50 171@;@21 478@;@4 099@;@22 231@;@24 594@;@753@;@0,3@;@225,9@;@9,88
"8462620097"@;@35 650@;@@;@@;@@;@@;@@;@35 650@;@@;@@;@0@;@@;@0,5
"8419600000"@;@4 589 663@;@@;@6 492@;@6 492@;@6 492@;@@;@4 596 155@;@0@;@0@;@0,3@;@0@;@0,56
"8413705100"@;@1 330 323@;@10 730@;@1 075 951@;@1 210 724@;@1 064 820@;@92 928@;@2 302 616@;@134 773@;@134 773@;@1@;@134 773@;@0,52
"7315890000"@;@659 857@;@6 918@;@94 889@;@117 821@;@94 336@;@553@;@747 275@;@22 932@;@22 932@;@1@;@22 932@;@0,65
"3827630000"@;@1 797 489@;@@;@@;@@;@@;@@;@1 797 489@;@@;@@;@0@;@@;@0,5
"7304199009"@;@60 034 607@;@@;@@;@@;@@;@@;@60 034 607@;@@;@@;@0@;@@;@0,5
"6912008300"@;@4 717@;@@;@@;@@;@@;@@;@4 717@;@@;@@;@0@;@@;@0,5
"4301300000"@;@93 560@;@@;@@;@@;@@;@@;@93 560@;@@;@@;@0@;@@;@0,5
"8428909000"@;@@;@@;@74 596@;@80 058@;@67 187@;@28 177@;@67 187@;@5 462@;@@;@0,3@;@@;@
"7216321100"@;@4 037 423@;@@;@@;@@;@@;@@;@4 037 423@;@@;@@;@0@;@@;@0,5
"8426300000"@;@@;@@;@3 792@;@3 792@;@37 921@;@@;@37 921@;@0@;@@;@0,3@;@@;@
"8716393002"@;@2 587 054@;@1 667 494@;@@;@@;@@;@@;@2 587 054@;@@;@@;@0,3@;@@;@0,56
"3808932300"@;@403 595@;@16 015@;@11 604 241@;@11 604 241@;@5 342 685@;@6 261 556@;@5 746 280@;@0@;@0@;@0,6@;@0@;@0,16
"2519903000"@;@1 076 903@;@@;@29 705@;@29 705@;@29 705@;@@;@1 106 608@;@0@;@0@;@0,3@;@0@;@0,55
"4408908501"@;@20 642@;@@;@@;@@;@@;@@;@20 642@;@@;@@;@0@;@@;@0,5
"6806201000"@;@8 896@;@169 185@;@4 981 246@;@4 981 246@;@1 184 789@;@3 796 457@;@1 193 685@;@0@;@0@;@1@;@0@;@0,2
"0303250000"@;@124 907@;@@;@@;@@;@@;@@;@124 907@;@@;@@;@0@;@@;@0,5
"8203200001"@;@36 228@;@5@;@9 427@;@9 427@;@9 427@;@@;@45 650@;@0@;@0@;@0,6@;@0@;@0,52
"8511900008"@;@@;@@;@130 356@;@130 356@;@130 356@;@@;@130 356@;@0@;@@;@0,3@;@@;@
"7419999000"@;@@;@@;@185 808@;@185 808@;@183 036@;@@;@183 036@;@0@;@@;@0,3@;@@;@
"8462220001"@;@31 500@;@@;@@;@@;@@;@@;@31 500@;@@;@@;@0@;@@;@0,5
"8549290000"@;@@;@203 708@;@@;@@;@@;@@;@0@;@@;@@;@0,3@;@@;@
"2825100000"@;@323 926@;@1 252@;@@;@@;@@;@@;@323 926@;@@;@@;@0,7@;@@;@0,64
"3921110000"@;@518 626@;@5 329 396@;@24 409 834@;@52 309 267@;@23 482 952@;@2 929 178@;@21 999 282@;@27 899 433@;@518 626@;@1@;@518 626@;@16,35
"3207209000"@;@15 532 061@;@271 070@;@137 364@;@143 676@;@131 053@;@6 312@;@15 392 043@;@6 312@;@6 312@;@1@;@6 312@;@0,7
"3004490009"@;@@;@@;@1 000 468@;@1 241 838@;@1 106 083@;@87 281@;@1 106 083@;@241 370@;@@;@0,3@;@@;@
"3801300000"@;@104 982@;@@;@@;@@;@@;@@;@104 982@;@@;@@;@0@;@@;@0,5
"8522904000"@;@775@;@@;@@;@@;@@;@@;@775@;@@;@@;@0@;@@;@0,5
"2923200000"@;@956 804@;@10 731@;@@;@@;@@;@@;@956 804@;@@;@@;@0,7@;@@;@0,64
"8538909901"@;@133 016@;@@;@@;@@;@@;@@;@133 016@;@@;@@;@0@;@@;@0,5
"8424499900"@;@403 994@;@@;@@;@@;@@;@@;@403 994@;@@;@@;@0,4@;@@;@0,58
"8529902002"@;@7 546@;@@;@@;@@;@@;@@;@7 546@;@@;@@;@0@;@@;@0,5
"1602321900"@;@1 760 461@;@281 585@;@@;@@;@@;@@;@1 760 461@;@@;@@;@0,3@;@@;@0,56
"7202700000"@;@@;@@;@79 174@;@94 851@;@222 708@;@13 049@;@222 708@;@15 677@;@@;@0,3@;@@;@
"8426919001"@;@@;@@;@1 146@;@1 146@;@1 146@;@@;@1 146@;@0@;@@;@0,3@;@@;@
"2204109801"@;@121 046@;@159 016@;@@;@@;@@;@@;@121 046@;@@;@@;@0,7@;@@;@0,64
"5212259000"@;@@;@21 100@;@2 674 393@;@2 703 572@;@2 300 391@;@754 100@;@1 920 293@;@29 179@;@@;@0,6@;@@;@
"8102940000"@;@@;@3 844 721@;@@;@@;@@;@@;@0@;@@;@@;@0,3@;@@;@
"1704907500"@;@8 082 074@;@539 425@;@1 086 053@;@1 184 714@;@1 098 418@;@12 435@;@8 616 267@;@98 661@;@98 661@;@0,6@;@59 196,6@;@0,59
"8608000009"@;@1 471 830@;@10 818@;@214 149@;@214 149@;@214 149@;@@;@1 675 161@;@0@;@0@;@1@;@0@;@0,64
"8517699000"@;@1 943 563@;@2 034@;@1 841 439@;@2 630 627@;@1 728 861@;@463 710@;@3 319 258@;@789 188@;@789 188@;@0,6@;@473 512,8@;@0,53
"5402200001"@;@17 138@;@@;@@;@@;@@;@@;@17 138@;@@;@@;@0@;@@;@0,5
"204223000"@;@@;@@;@432 426@;@438 785@;@432 426@;@@;@432 426@;@6 359@;@@;@0,3@;@@;@
"2922194000"@;@20 528@;@@;@@;@@;@@;@@;@20 528@;@@;@@;@0@;@@;@0,5
"9406901000"@;@4 070 953@;@11 560@;@106 767@;@114 982@;@106 767@;@@;@4 166 160@;@8 215@;@8 215@;@1@;@8 215@;@0,69
"8452210000"@;@17 721 505@;@22 621@;@268 190@;@268 376@;@268 190@;@@;@17 967 074@;@186@;@186@;@0,6@;@111,6@;@0,61
"6110199009"@;@15 227@;@15 115@;@@;@@;@@;@@;@15 227@;@@;@@;@0,3@;@@;@0,56
"7306301100"@;@358 742@;@@;@9 914 766@;@10 036 899@;@10 585 827@;@1 530 641@;@8 742 867@;@122 133@;@122 133@;@0,3@;@36 639,9@;@0,18
"6112419000"@;@202 538@;@316 055@;@@;@@;@@;@@;@202 538@;@@;@@;@0,7@;@@;@0,64
"1516209608"@;@32 918 084@;@191@;@@;@@;@@;@@;@32 918 084@;@@;@@;@0,3@;@@;@0,56
"0207146000"@;@32 658 333@;@17 242 373@;@@;@@;@@;@@;@32 658 333@;@@;@@;@0,3@;@@;@0,56
"8536500600"@;@4 061@;@@;@@;@@;@@;@@;@4 061@;@@;@@;@0@;@@;@0,5
"8539490000"@;@382 299@;@6 786@;@@;@@;@@;@@;@382 299@;@@;@@;@0,3@;@@;@0,56
"4420909100"@;@4 981@;@@;@@;@@;@@;@@;@4 981@;@@;@@;@0,4@;@@;@0,58
"2209001100"@;@167 138@;@40@;@8 526 412@;@8 549 703@;@344 954@;@8 206 858@;@486 692@;@23 291@;@23 291@;@0,6@;@13 974,6@;@0,33
"2009399100"@;@@;@@;@27 376@;@27 376@;@27 376@;@@;@27 376@;@0@;@@;@0,3@;@@;@
"9405190029"@;@9 762 853@;@4 757@;@@;@@;@@;@@;@9 762 853@;@@;@@;@0,3@;@@;@0,56
"3004490008"@;@48 984 220@;@3 888@;@359 601@;@359 601@;@310 898@;@48 703@;@49 291 230@;@0@;@0@;@1@;@0@;@0,7
"7204491000"@;@1 321@;@@;@@;@@;@@;@@;@1 321@;@@;@@;@0@;@@;@0,5
"6207910000"@;@132 438@;@1 766 209@;@2 296 814@;@2 334 456@;@1 884 173@;@676 468@;@1 752 784@;@37 642@;@37 642@;@0,6@;@22 585,2@;@0,24
"4806300000"@;@20 397@;@@;@@;@@;@@;@@;@20 397@;@@;@@;@0@;@@;@0,5
"8477801800"@;@751 417@;@@;@@;@@;@@;@@;@751 417@;@@;@@;@0@;@@;@0,5
"8708999909"@;@@;@@;@7 334 243@;@7 707 988@;@4 565 397@;@2 311 659@;@4 565 397@;@373 745@;@@;@0,3@;@@;@
"0910300000"@;@69 293@;@5 209@;@@;@@;@@;@@;@69 293@;@@;@@;@0,3@;@@;@0,56
"0210198100"@;@11 765@;@@;@@;@@;@@;@@;@11 765@;@@;@@;@0@;@@;@0,5
"9405610009"@;@664 221@;@42 763@;@11 747@;@11 747@;@11 747@;@@;@633 205@;@0@;@0@;@1@;@0@;@0,72
"4415109000"@;@49 802@;@53 430@;@1 524 025@;@2 684 381@;@1 523 192@;@19 188@;@1 554 639@;@1 160 356@;@49 802@;@1@;@49 802@;@7,21
"3003390000"@;@4 050@;@@;@65 972@;@78 336@;@65 972@;@@;@70 022@;@12 364@;@4 050@;@0,3@;@1 215@;@1
"5306105000"@;@47@;@@;@@;@@;@@;@@;@47@;@@;@@;@0@;@@;@0,5
"902100001"@;@@;@@;@11 295 998@;@12 979 675@;@10 875 969@;@1 217 628@;@10 875 969@;@1 683 677@;@@;@0,3@;@@;@
"1107109900"@;@11 181 371@;@@;@@;@@;@@;@@;@11 181 371@;@@;@@;@0@;@@;@0,5
"6909110000"@;@279 631@;@@;@50 787@;@50 787@;@50 787@;@27 320@;@303 098@;@0@;@0@;@0,3@;@0@;@0,52
"3920202900"@;@1 406 484@;@673 704@;@1 361 538@;@1 376 071@;@1 034 782@;@423 332@;@2 344 690@;@14 533@;@14 533@;@0,6@;@8 719,8@;@0,42
"7005103000"@;@2 091 453@;@1 618 792@;@24 875 092@;@28 392 734@;@25 185 360@;@5 496 087@;@21 470 458@;@3 517 642@;@2 091 453@;@0,6@;@1 254 871,8@;@0,67
"6506910000"@;@54 293@;@22@;@@;@@;@@;@@;@54 293@;@@;@@;@0,3@;@@;@0,56
"8518299600"@;@7 446 585@;@358 474@;@@;@@;@@;@@;@7 446 585@;@@;@@;@0,3@;@@;@0,56
"5603121000"@;@4 090 264@;@753@;@88 071@;@88 071@;@72 319@;@29 560@;@4 148 022@;@0@;@0@;@0,6@;@0@;@0,61
"6203423300"@;@322 105@;@194@;@@;@@;@@;@@;@322 105@;@@;@@;@0,3@;@@;@0,56
"7213917000"@;@3 176 751@;@@;@10 807@;@12 608@;@10 807@;@@;@3 187 558@;@1 801@;@1 801@;@0,3@;@540,3@;@0,56
"0711903000"@;@1 228@;@@;@@;@@;@@;@@;@1 228@;@@;@@;@0@;@@;@0,5
"0106490009"@;@209 642@;@150 439@;@@;@@;@@;@@;@209 642@;@@;@@;@0,3@;@@;@0,56
"8536501509"@;@358 555@;@12 659@;@62 358@;@62 358@;@46 158@;@35 520@;@372 734@;@0@;@0@;@0,6@;@0@;@0,6
"0707000501"@;@@;@1 469 291@;@@;@@;@@;@@;@0@;@@;@@;@0,7@;@@;@
"3302901000"@;@24 310@;@@;@@;@@;@@;@@;@24 310@;@@;@@;@0@;@@;@0,5
"0102294100"@;@7 616 666@;@@;@@;@@;@@;@@;@7 616 666@;@@;@@;@0@;@@;@0,5
"2009896900"@;@34 998@;@@;@@;@@;@@;@@;@34 998@;@@;@@;@0@;@@;@0,5
"4010330000"@;@105 937@;@1 080@;@747@;@747@;@747@;@@;@105 604@;@0@;@0@;@0,6@;@0@;@0,62
"8708402001"@;@258 055 139@;@4 946 736@;@11 692@;@11 692@;@11 692@;@@;@253 120 095@;@0@;@0@;@0,6@;@0@;@0,63
"7311001000"@;@@;@@;@5 561 751@;@5 772 389@;@4 622 060@;@939 691@;@4 622 060@;@210 638@;@@;@0,3@;@@;@
"5206210000"@;@@;@@;@4 142 218@;@4 164 142@;@3 352 203@;@790 014@;@3 352 203@;@21 924@;@@;@0,3@;@@;@
"6501000000"@;@2 418@;@@;@537@;@537@;@537@;@@;@2 955@;@0@;@0@;@0,3@;@0@;@0,47
"8708309901"@;@7 810 929@;@@;@@;@@;@@;@@;@7 810 929@;@@;@@;@0@;@@;@0,5
"2602000000"@;@180 508@;@@;@875 168@;@913 552@;@836 942@;@38 226@;@1 017 450@;@38 384@;@38 384@;@0,7@;@26 868,8@;@0,29
"8704219801"@;@24 356@;@@;@@;@@;@@;@@;@24 356@;@@;@@;@0@;@@;@0,5
"0706100002"@;@@;@@;@@;@@;@@;@@;@0@;@@;@@;@0,4@;@@;@
"9018904000"@;@345 235@;@@;@@;@@;@@;@@;@345 235@;@@;@@;@0@;@@;@0,5
"2909491100"@;@8@;@@;@@;@@;@@;@@;@8@;@@;@@;@0@;@@;@0,5
"4813901000"@;@4 048 318@;@174 846@;@@;@@;@@;@@;@4 048 318@;@@;@@;@0,3@;@@;@0,56
"8455210009"@;@65 419 844@;@15 550@;@19 059@;@21 153@;@19 059@;@@;@65 423 353@;@2 094@;@2 094@;@0,6@;@1 256,4@;@0,62
"8205901000"@;@1 378@;@@;@@;@@;@@;@@;@1 378@;@@;@@;@0@;@@;@0,5
"8211950000"@;@1 345@;@3 273@;@@;@@;@@;@@;@1 345@;@@;@@;@0,3@;@@;@0,56
"3402202000"@;@@;@@;@59 519 335@;@61 233 346@;@38 930 490@;@22 431 382@;@38 930 490@;@1 714 011@;@@;@0,3@;@@;@
"8207505000"@;@56 096@;@@;@@;@@;@@;@@;@56 096@;@@;@@;@0@;@@;@0,5
"5210510000"@;@13 002@;@@;@@;@@;@@;@@;@13 002@;@@;@@;@0@;@@;@0,5
"9503008500"@;@196 810@;@@;@@;@@;@@;@@;@196 810@;@@;@@;@0@;@@;@0,5
"7306611000"@;@2 386 065@;@62@;@29 880 452@;@29 880 452@;@29 928 569@;@253 595@;@32 012 922@;@0@;@0@;@0,6@;@0@;@0,16
"6301201000"@;@13 922@;@53 226@;@3 018 726@;@79 160 917@;@2 692 639@;@753 845@;@2 278 803@;@76 142 191@;@13 922@;@1@;@13 922@;@100
"3917231001"@;@734 980@;@3@;@1 404 481@;@1 404 481@;@1 404 481@;@553 010@;@1 586 451@;@0@;@0@;@0,6@;@0@;@0,35
"3307490000"@;@7 186 711@;@66 572@;@201 258@;@202 854@;@186 775@;@43 379@;@7 278 018@;@1 596@;@1 596@;@1@;@1 596@;@0,69
"1701910031"@;@34 848@;@42@;@@;@@;@@;@@;@34 848@;@@;@@;@0,3@;@@;@0,56
"1104291700"@;@2 580 648@;@577@;@@;@@;@@;@@;@2 580 648@;@@;@@;@0,3@;@@;@0,56
"1602311100"@;@@;@@;@1 206 002@;@1 274 311@;@1 206 002@;@51 457@;@1 206 002@;@68 309@;@@;@0,3@;@@;@
"7316000000"@;@72 996@;@@;@2 241 765@;@2 263 310@;@2 035 771@;@94 134@;@2 220 627@;@21 545@;@21 545@;@0,3@;@6 463,5@;@0,16
"7413000001"@;@800 364@;@39 858 331@;@47 009 203@;@47 919 310@;@46 943 205@;@3 900 371@;@43 909 196@;@910 107@;@800 364@;@1@;@800 364@;@0,55
"405209000"@;@@;@@;@11 078@;@11 394@;@11 078@;@@;@11 078@;@316@;@@;@0,3@;@@;@
"9030201000"@;@117 266@;@@;@@;@@;@@;@@;@117 266@;@@;@@;@0@;@@;@0,5
"8502134000"@;@8 024 572@;@111 604@;@17 538@;@17 538@;@17 538@;@@;@7 930 506@;@0@;@0@;@0,6@;@0@;@0,63
"8407341000"@;@35 507 568@;@148 856 439@;@@;@@;@@;@@;@35 507 568@;@@;@@;@0,3@;@@;@0,56
"2712901900"@;@542 319@;@@;@1 992 593@;@2 259 176@;@2 013 357@;@924 577@;@1 610 335@;@266 583@;@266 583@;@0,3@;@79 974,9@;@0,38
"4202929800"@;@962 096@;@6 139 715@;@4 074 063@;@4 088 014@;@4 077 087@;@3 790 937@;@1 245 222@;@13 951@;@13 951@;@1@;@13 951@;@0,59
"8462510003"@;@457 947@;@@;@@;@@;@@;@@;@457 947@;@@;@@;@0@;@@;@0,5
"3902300000"@;@6 029 701@;@113 904@;@@;@@;@@;@@;@6 029 701@;@@;@@;@0,3@;@@;@0,56
"8708922009"@;@2 364 252@;@321 469@;@@;@@;@@;@@;@2 364 252@;@@;@@;@0,3@;@@;@0,56
"0710805100"@;@16 523@;@3 639 790@;@@;@@;@@;@@;@16 523@;@@;@@;@0,3@;@@;@0,56
"9403990001"@;@4 185 078@;@36 342@;@49 968@;@49 968@;@49 968@;@@;@4 198 704@;@0@;@0@;@0,6@;@0@;@0,62
"3004390009"@;@@;@@;@38 937@;@41 533@;@38 937@;@@;@38 937@;@2 596@;@@;@0,3@;@@;@
"4908900000"@;@409 507@;@2 689@;@@;@@;@@;@@;@409 507@;@@;@@;@0,3@;@@;@0,56
"8524110014"@;@12@;@@;@@;@@;@@;@@;@12@;@@;@@;@0@;@@;@0,5
"8703339098"@;@34 310@;@@;@@;@@;@@;@@;@34 310@;@@;@@;@0@;@@;@0,5
"7407211000"@;@297 972@;@22 250 099@;@242 579@;@242 579@;@242 579@;@@;@540 551@;@0@;@0@;@0,6@;@0@;@0,4
"8421910009"@;@589 646@;@35@;@257 722@;@257 722@;@257 722@;@@;@847 333@;@0@;@0@;@0,6@;@0@;@0,47
"1605219000"@;@14 140@;@@;@@;@@;@@;@@;@14 140@;@@;@@;@0@;@@;@0,5
"0511998510"@;@3 168 233@;@@;@@;@@;@@;@@;@3 168 233@;@@;@@;@0@;@@;@0,5
"8451300000"@;@4 356 505@;@20 156@;@24@;@29@;@24@;@@;@4 336 373@;@5@;@5@;@1@;@5@;@0,7
"2204309800"@;@@;@380 650@;@1 000 708@;@1 001 511@;@760 682@;@240 026@;@760 682@;@803@;@@;@0,6@;@@;@
"7010907900"@;@1 020 103@;@1 335@;@@;@@;@@;@@;@1 020 103@;@@;@@;@0,3@;@@;@0,56
"1604142600"@;@58 054@;@@;@@;@@;@@;@@;@58 054@;@@;@@;@0@;@@;@0,5
"8523293908"@;@42@;@@;@@;@@;@@;@@;@42@;@@;@@;@0@;@@;@0,5
"2529100000"@;@669 843@;@@;@2 006 887@;@2 006 887@;@1 978 260@;@30 610@;@2 646 120@;@0@;@0@;@0,3@;@0@;@0,19
"4202199000"@;@19 256@;@@;@@;@@;@@;@@;@19 256@;@@;@@;@0@;@@;@0,5
"7019199009"@;@@;@@;@1 615@;@4 307@;@1 615@;@@;@1 615@;@2 692@;@@;@0,3@;@@;@
"7312108109"@;@@;@@;@49 885@;@49 885@;@8 314@;@49 089@;@8 314@;@0@;@@;@0,3@;@@;@
"403905301"@;@@;@@;@3 977 962@;@4 176 765@;@3 977 962@;@@;@3 977 962@;@198 803@;@@;@0,3@;@@;@
"2916320009"@;@984@;@@;@@;@@;@@;@@;@984@;@@;@@;@0@;@@;@0,5
"6110209900"@;@3 170 956@;@33 033 984@;@13 487 456@;@14 464 143@;@11 938 328@;@1 452 535@;@15 205 877@;@976 687@;@976 687@;@0,6@;@586 012,2@;@0,32
"0303311000"@;@27 948@;@@;@@;@@;@@;@@;@27 948@;@@;@@;@0@;@@;@0,5
"8707909001"@;@852 850@;@@;@@;@@;@@;@@;@852 850@;@@;@@;@0@;@@;@0,5
"1207600000"@;@1 385 387@;@@;@@;@@;@@;@@;@1 385 387@;@@;@@;@0@;@@;@0,5
"1515309000"@;@147 315@;@@;@786 079@;@873 421@;@432 343@;@3 744@;@929 650@;@87 342@;@87 342@;@0,3@;@26 202,6@;@0,32
"6110119000"@;@558 527@;@37 350@;@167 407@;@167 407@;@155 384@;@12 023@;@676 561@;@0@;@0@;@0,6@;@0@;@0,53
"8504221000"@;@4 645 345@;@5 100@;@4 851 971@;@4 918 397@;@4 659 389@;@474 380@;@9 022 936@;@66 426@;@66 426@;@1@;@66 426@;@0,46
"7304518900"@;@1 118 437@;@@;@@;@@;@@;@@;@1 118 437@;@@;@@;@0@;@@;@0,5
"3901400000"@;@10 809 735@;@@;@@;@@;@@;@@;@10 809 735@;@@;@@;@0@;@@;@0,5
"5206240006"@;@@;@3 885@;@@;@@;@@;@@;@0@;@@;@@;@0,3@;@@;@
"4818101000"@;@1 028 200@;@321 593@;@16 464 716@;@20 830 504@;@16 047 411@;@1 091 974@;@16 400 942@;@4 365 788@;@1 028 200@;@1@;@1 028 200@;@1,51
"8712007000"@;@63 698@;@12 512@;@1 920 695@;@1 920 695@;@1 583 442@;@337 253@;@1 647 140@;@0@;@0@;@0,6@;@0@;@0,14
"403905101"@;@@;@@;@4 507 779@;@4 507 779@;@4 507 779@;@@;@4 507 779@;@0@;@@;@0,3@;@@;@
"4004000000"@;@70 205@;@693 551@;@834 132@;@911 552@;@801 372@;@43 286@;@861 051@;@77 420@;@70 205@;@1@;@70 205@;@0,57
"8708309109"@;@10 152 415@;@211 844@;@1 375 031@;@1 427 729@;@1 207 052@;@522 916@;@10 792 686@;@52 698@;@52 698@;@1@;@52 698@;@0,67
"0202309000"@;@133 965 960@;@@;@@;@@;@@;@@;@133 965 960@;@@;@@;@0@;@@;@0,5
"8501330009"@;@@;@@;@231 372@;@425 669@;@231 372@;@17 630@;@231 372@;@194 297@;@@;@0,3@;@@;@
"8413703500"@;@157 216@;@704@;@1 547 398@;@1 548 312@;@1 347 693@;@77 421@;@1 627 193@;@914@;@914@;@0,6@;@548,4@;@0,17
"5212129000"@;@@;@@;@603 380@;@618 045@;@534 163@;@69 217@;@534 163@;@14 665@;@@;@0,7@;@@;@
"3808932900"@;@23 312 495@;@6 077 626@;@@;@@;@@;@@;@23 312 495@;@@;@@;@0,7@;@@;@0,64
"8301100000"@;@941 932@;@1 057@;@120 740@;@148 985@;@120 740@;@@;@1 061 615@;@28 245@;@28 245@;@0,6@;@16 947@;@0,57
"4819300002"@;@100 910@;@1 446@;@748 902@;@897 974@;@342 459@;@406 476@;@443 336@;@149 072@;@100 910@;@1@;@100 910@;@0,76
"7207111400"@;@2 656 272@;@@;@@;@@;@@;@@;@2 656 272@;@@;@@;@0@;@@;@0,5
"5306201000"@;@@;@61 457@;@@;@@;@@;@@;@0@;@@;@@;@0,3@;@@;@
"4902100000"@;@10 063@;@@;@@;@@;@@;@@;@10 063@;@@;@@;@0,4@;@@;@0,58
"0302220000"@;@2 506@;@@;@@;@@;@@;@@;@2 506@;@@;@@;@0@;@@;@0,5
"2009909600"@;@6 811@;@208 121@;@@;@@;@@;@@;@6 811@;@@;@@;@0,3@;@@;@0,56
"5408330000"@;@52 383@;@@;@833 379@;@833 379@;@776 180@;@17 874@;@867 888@;@0@;@0@;@0,3@;@0@;@0,09
"8518408000"@;@1 940 626@;@@;@@;@@;@@;@@;@1 940 626@;@@;@@;@0@;@@;@0,5
"0406301000"@;@39 273@;@@;@@;@@;@@;@@;@39 273@;@@;@@;@0@;@@;@0,5
"2208204000"@;@@;@@;@838 615@;@995 389@;@838 615@;@@;@838 615@;@156 774@;@@;@0,3@;@@;@
"8424819900"@;@@;@@;@270 643@;@270 643@;@270 643@;@@;@270 643@;@0@;@@;@0,3@;@@;@
"711903000"@;@@;@@;@1 896@;@1 896@;@1 896@;@395@;@1 896@;@0@;@@;@0,3@;@@;@
"6112200000"@;@2 886@;@@;@30 871@;@33 958@;@30 871@;@@;@33 757@;@3 087@;@2 886@;@0,3@;@865,8@;@0,42
"0801190000"@;@60 697@;@@;@@;@@;@@;@@;@60 697@;@@;@@;@0@;@@;@0,5
"0801320000"@;@853 245@;@69 939@;@@;@@;@@;@@;@853 245@;@@;@@;@0,3@;@@;@0,56
"2915601100"@;@4 633@;@@;@@;@@;@@;@@;@4 633@;@@;@@;@0@;@@;@0,5
"8704239109"@;@@;@@;@1 390 425@;@1 390 425@;@858 836@;@1 141 494@;@858 836@;@0@;@@;@0,3@;@@;@
"6203191000"@;@79 173@;@410 337@;@117 724@;@122 116@;@117 724@;@265 171@;@-68 274@;@4 392@;@4 392@;@1@;@4 392@;@0
"8525823000"@;@5 120@;@@;@342@;@342@;@342@;@@;@5 462@;@0@;@0@;@0,3@;@0@;@0,53
"2933710000"@;@18 181@;@@;@@;@@;@@;@@;@18 181@;@@;@@;@0@;@@;@0,5
"4412311000"@;@@;@@;@11 536@;@12 011@;@11 536@;@@;@11 536@;@475@;@@;@0,3@;@@;@
"7306402000"@;@1 563 129@;@@;@@;@@;@@;@@;@1 563 129@;@@;@@;@0@;@@;@0,5
"1514999001"@;@4 948@;@@;@@;@@;@@;@@;@4 948@;@@;@@;@0@;@@;@0,5
"710300000"@;@@;@@;@3 669@;@3 669@;@3 669@;@@;@3 669@;@0@;@@;@0,3@;@@;@
"8431391000"@;@@;@@;@790@;@790@;@790@;@@;@790@;@0@;@@;@0,3@;@@;@
"9024109000"@;@131 644@;@9 100@;@@;@@;@@;@@;@131 644@;@@;@@;@0,3@;@@;@0,56
"7307210009"@;@1 112 688@;@26 670@;@1 407 195@;@1 407 195@;@1 203 856@;@78 685@;@2 441 198@;@0@;@0@;@1@;@0@;@0,43
"2716000000"@;@121 909 931@;@115 857 346@;@3 226 536 141@;@6 039 119 721@;@3 215 195 122@;@@;@3 348 446 072@;@2 812 583 580@;@121 909 931@;@0,6@;@73 145 958,6@;@7,06
"2922410000"@;@5 335 058@;@204 330@;@@;@@;@@;@@;@5 335 058@;@@;@@;@0,3@;@@;@0,56
"3207201000"@;@1 650 772@;@@;@117 122@;@138 177@;@117 122@;@@;@1 767 894@;@21 055@;@21 055@;@0,3@;@6 316,5@;@0,53
"3912392000"@;@198 619@;@@;@@;@@;@@;@@;@198 619@;@@;@@;@0@;@@;@0,5
"7605190000"@;@85 204@;@3 616@;@1 462 330@;@1 467 722@;@1 634 928@;@7 831@;@1 539 703@;@5 392@;@5 392@;@0,6@;@3 235,2@;@0,17
"2001909701"@;@14 498@;@@;@@;@@;@@;@@;@14 498@;@@;@@;@0@;@@;@0,5
"8407909009"@;@78 661 687@;@25 099@;@@;@@;@@;@@;@78 661 687@;@@;@@;@0,3@;@@;@0,56
"7208380000"@;@39 256 461@;@@;@@;@@;@@;@8 029 930@;@31 226 531@;@@;@@;@0,4@;@@;@0,71
"8417803000"@;@10 182 800@;@@;@@;@@;@@;@@;@10 182 800@;@@;@@;@0@;@@;@0,5
"1702609500"@;@113 987@;@@;@@;@@;@@;@@;@113 987@;@@;@@;@0@;@@;@0,5
"8510900000"@;@23 873@;@269@;@@;@@;@@;@@;@23 873@;@@;@@;@0,3@;@@;@0,56
"9507900000"@;@149 924@;@238@;@@;@@;@@;@@;@149 924@;@@;@@;@0,3@;@@;@0,56
"8414801900"@;@2 005 740@;@1 014 388@;@503 727@;@503 727@;@462 547@;@89 669@;@1 405 410@;@0@;@0@;@0,6@;@0@;@0,83
"8418501100"@;@1 561 540@;@75 726@;@4 952 592@;@5 109 567@;@4 721 543@;@417 558@;@6 096 574@;@156 975@;@156 975@;@1@;@156 975@;@0,36
"8503001000"@;@16 856@;@@;@385 527@;@469 466@;@385 527@;@@;@402 383@;@83 939@;@16 856@;@0,3@;@5 056,8@;@1,57
"9404299000"@;@170 862@;@21 128@;@2 221 658@;@2 310 803@;@2 093 043@;@197 620@;@2 194 900@;@89 145@;@89 145@;@1@;@89 145@;@0,4
"8511800008"@;@182 850@;@5 681@;@@;@@;@@;@@;@182 850@;@@;@@;@0,3@;@@;@0,56
"804100009"@;@@;@@;@2 197@;@2 197@;@2 197@;@@;@2 197@;@0@;@@;@0,3@;@@;@
"2905441900"@;@563 126@;@@;@@;@@;@@;@@;@563 126@;@@;@@;@0@;@@;@0,5
"8424300100"@;@794 780@;@1 633@;@@;@@;@@;@@;@794 780@;@@;@@;@0,3@;@@;@0,56
"8460292001"@;@33 000@;@@;@@;@@;@@;@@;@33 000@;@@;@@;@0@;@@;@0,5
"7314429000"@;@@;@@;@790@;@790@;@790@;@@;@790@;@0@;@@;@0,3@;@@;@
"8460121009"@;@20 510@;@@;@@;@@;@@;@@;@20 510@;@@;@@;@0@;@@;@0,5
"8540710009"@;@229 388@;@15@;@@;@@;@@;@@;@229 388@;@@;@@;@0,3@;@@;@0,56
"8544499108"@;@28 462 207@;@1 122 452@;@8 674 959@;@32 085 812@;@8 500 723@;@227 013@;@35 787 701@;@23 410 853@;@23 410 853@;@1@;@23 410 853@;@0,84
"3405400000"@;@475 745@;@8 569@;@283 810@;@373 799@;@282 154@;@39 047@;@711 939@;@89 989@;@89 989@;@1@;@89 989@;@0,59
"1605100000"@;@84 336@;@@;@@;@@;@@;@@;@84 336@;@@;@@;@0@;@@;@0,5
"8428392000"@;@2 614 883@;@@;@73 498@;@275 773@;@73 498@;@@;@2 688 381@;@202 275@;@202 275@;@0,3@;@60 682,5@;@0,57
"8703405992"@;@263 966@;@14 000@;@@;@@;@@;@@;@263 966@;@@;@@;@0,3@;@@;@0,56
"4602120000"@;@25 522@;@66@;@@;@@;@@;@@;@25 522@;@@;@@;@0,3@;@@;@0,56
"4001100000"@;@3 608 425@;@229@;@@;@@;@@;@@;@3 608 425@;@@;@@;@0,3@;@@;@0,56
"7615101000"@;@8 508 552@;@301 637@;@1 649 205@;@1 780 418@;@1 297 064@;@501 346@;@9 354 774@;@131 213@;@131 213@;@1@;@131 213@;@0,66
"3919108000"@;@13 094 735@;@43 379@;@2 396 432@;@2 423 056@;@2 396 432@;@558@;@15 447 230@;@26 624@;@26 624@;@0,6@;@15 974,4@;@0,54
"8701211011"@;@29 158 408@;@11 086 754@;@63 240 342@;@63 240 342@;@44 341 836@;@13 371 829@;@79 026 921@;@0@;@0@;@1@;@0@;@0,38
"8501535000"@;@6 783 462@;@92 175@;@22 971 510@;@28 041 540@;@22 745 458@;@1 596 044@;@28 158 928@;@5 070 030@;@5 070 030@;@0,6@;@3 042 018@;@0,46
"4901990000"@;@60 565 723@;@49 878@;@@;@@;@@;@@;@60 565 723@;@@;@@;@0,7@;@@;@0,64
"4421999000"@;@7 757 166@;@1 557 386@;@49 889@;@49 889@;@49 889@;@@;@6 249 669@;@0@;@0@;@1@;@0@;@0,82
"6812801000"@;@@;@@;@402 116@;@10 461 792@;@402 116@;@1 868@;@402 116@;@10 059 676@;@@;@0,3@;@@;@
"4107911000"@;@@;@@;@31 547@;@31 547@;@31 547@;@13 573@;@31 547@;@0@;@@;@0,3@;@@;@
"1104290500"@;@345 491@;@2 302@;@@;@@;@@;@@;@345 491@;@@;@@;@0,3@;@@;@0,56
"0105940000"@;@19 479@;@1 269 529@;@@;@@;@@;@@;@19 479@;@@;@@;@0,3@;@@;@0,56
"8418402009"@;@124 377@;@@;@8 337@;@8 337@;@6 563@;@1 774@;@130 940@;@0@;@0@;@0,3@;@0@;@0,53
"7208260000"@;@1 438 791@;@@;@52 777@;@55 611@;@52 777@;@@;@1 491 568@;@2 834@;@2 834@;@0,3@;@850,2@;@0,54
"8461509009"@;@2 382 577@;@@;@@;@@;@@;@@;@2 382 577@;@@;@@;@0@;@@;@0,5
"7508900009"@;@418 885@;@@;@482 999@;@627 812@;@482 999@;@@;@901 884@;@144 813@;@144 813@;@0,3@;@43 443,9@;@0,4
"4202921900"@;@1 694 663@;@62 416@;@82 367@;@89 615@;@82 367@;@@;@1 714 614@;@7 248@;@7 248@;@1@;@7 248@;@0,7
"4812000000"@;@684 237@;@@;@1 041 283@;@1 401 994@;@1 041 283@;@58 872@;@1 666 648@;@360 711@;@360 711@;@0,7@;@252 497,7@;@0,5
"1802000000"@;@1 722@;@@;@79 225@;@83 436@;@11 539@;@71 656@;@9 291@;@4 211@;@1 722@;@0,3@;@516,6@;@0,89
"9102190000"@;@324 739@;@42 017@;@@;@@;@@;@@;@324 739@;@@;@@;@0,3@;@@;@0,56
"4805938000"@;@250 242@;@15 498@;@237@;@237@;@237@;@@;@234 981@;@0@;@0@;@0,6@;@0@;@0,65
"8429200099"@;@9 443 951@;@53 267@;@2 487 708@;@2 487 708@;@3 066 116@;@34 269@;@11 844 123@;@0@;@0@;@0,6@;@0@;@0,52
"5703301800"@;@@;@@;@12 866 287@;@13 472 168@;@12 477 343@;@948 584@;@12 477 343@;@605 881@;@@;@0,3@;@@;@
"8462490009"@;@1 098 894@;@9 800@;@@;@@;@@;@@;@1 098 894@;@@;@@;@0,3@;@@;@0,56
"2208901100"@;@@;@@;@256 917@;@318 337@;@240 643@;@20 976@;@240 643@;@61 420@;@@;@0,3@;@@;@
"4303101010"@;@@;@@;@19 806@;@27 728@;@19 806@;@@;@19 806@;@7 922@;@@;@0,3@;@@;@
"0306369000"@;@500@;@@;@@;@@;@@;@@;@500@;@@;@@;@0@;@@;@0,5
"8471707000"@;@89 556@;@@;@@;@@;@@;@@;@89 556@;@@;@@;@0@;@@;@0,5
"4009220009"@;@1 577 932@;@23 474@;@2 855 695@;@2 897 136@;@2 757 226@;@98 469@;@4 335 158@;@41 441@;@41 441@;@1@;@41 441@;@0,39
"9619007909"@;@135 557@;@68 451@;@@;@@;@@;@@;@135 557@;@@;@@;@0,3@;@@;@0,56
"3920690000"@;@3 392 433@;@30@;@17 570@;@17 570@;@17 570@;@@;@3 409 973@;@0@;@0@;@0,6@;@0@;@0,62
"2934208000"@;@79 991@;@25 704@;@@;@@;@@;@@;@79 991@;@@;@@;@0,3@;@@;@0,56
"6202300000"@;@593 960@;@242 048@;@5 159@;@5 159@;@5 159@;@@;@357 071@;@0@;@0@;@1@;@0@;@1,03
"8537209900"@;@@;@@;@3 723 688@;@5 357 683@;@3 736 885@;@53 272@;@3 736 885@;@1 633 995@;@@;@0,3@;@@;@
"9403301100"@;@868 842@;@103 281@;@52 346 918@;@55 667 786@;@44 450 980@;@10 308 846@;@42 906 914@;@3 320 868@;@868 842@;@1@;@868 842@;@1,36
"8205200000"@;@573 918@;@3 132@;@5 925@;@5 925@;@@;@5 925@;@570 786@;@0@;@0@;@1@;@0@;@0,7
"3507903000"@;@56 205@;@@;@@;@@;@@;@@;@56 205@;@@;@@;@0@;@@;@0,5
"8413504000"@;@3 530 835@;@105 274@;@641 015@;@656 086@;@760 020@;@1 512@;@4 065 064@;@15 071@;@15 071@;@0,6@;@9 042,6@;@0,56
"8428108000"@;@97 269@;@643@;@@;@@;@@;@@;@97 269@;@@;@@;@0,3@;@@;@0,56
"9612108000"@;@118 054@;@3 011@;@@;@@;@@;@@;@118 054@;@@;@@;@0,3@;@@;@0,56
"2008939300"@;@680@;@@;@@;@@;@@;@@;@680@;@@;@@;@0@;@@;@0,5
"8903190000"@;@58 972@;@@;@@;@@;@@;@@;@58 972@;@@;@@;@0@;@@;@0,5
"6403519500"@;@1 356@;@@;@@;@@;@@;@@;@1 356@;@@;@@;@0,4@;@@;@0,58
"2801309000"@;@@;@@;@@;@@;@@;@@;@0@;@@;@@;@0,4@;@@;@
"0602903000"@;@127 776@;@209 410@;@@;@@;@@;@@;@127 776@;@@;@@;@0,3@;@@;@0,56
"8306100000"@;@92 649@;@@;@1 975@;@1 975@;@1 857@;@119@;@94 505@;@0@;@0@;@0,3@;@0@;@0,55
"2905220000"@;@1 875@;@@;@@;@@;@@;@@;@1 875@;@@;@@;@0@;@@;@0,5
"8404900000"@;@3 385 451@;@@;@719@;@719@;@719@;@@;@3 386 170@;@0@;@0@;@0,3@;@0@;@0,56
"5801909000"@;@1 132@;@8 350@;@@;@@;@@;@@;@1 132@;@@;@@;@0,3@;@@;@0,56
"406909300"@;@@;@@;@200 899@;@214 292@;@200 899@;@@;@200 899@;@13 393@;@@;@0,3@;@@;@
"9022140000"@;@36 056 500@;@7 000@;@1 820 746@;@1 931 094@;@1 722 705@;@437 540@;@37 432 706@;@110 348@;@110 348@;@1@;@110 348@;@0,68
"3501109000"@;@117 959@;@@;@@;@@;@@;@@;@117 959@;@@;@@;@0@;@@;@0,5
"8524110015"@;@492@;@@;@@;@@;@@;@@;@492@;@@;@@;@0@;@@;@0,5
"2917200000"@;@359 485@;@39 393@;@@;@@;@@;@@;@359 485@;@@;@@;@0,3@;@@;@0,56
"1701999009"@;@191 243@;@@;@434 907@;@453 975@;@437 651@;@3 389@;@622 761@;@19 068@;@19 068@;@0,3@;@5 720,4@;@0,24
"8516601010"@;@1 254 048@;@1 521 959@;@12 982 800@;@13 696 328@;@12 971 835@;@2 939 573@;@11 297 275@;@713 528@;@713 528@;@1@;@713 528@;@0,43
"5206240002"@;@@;@16@;@@;@@;@@;@@;@0@;@@;@@;@0,3@;@@;@
"9619004000"@;@34 659@;@1 460@;@@;@@;@@;@@;@34 659@;@@;@@;@0,3@;@@;@0,56
"7003199000"@;@75 164@;@1 108@;@313 861@;@313 861@;@292 392@;@21 469@;@367 556@;@0@;@0@;@0,6@;@0@;@0,22
"5204200000"@;@56 137@;@51 243@;@15 879 856@;@16 250 346@;@15 879 856@;@@;@15 935 993@;@370 490@;@56 137@;@0,6@;@33 682,2@;@2,1
"4412319009"@;@3 890@;@@;@@;@@;@@;@@;@3 890@;@@;@@;@0@;@@;@0,5
"9019101000"@;@3 053 359@;@5 771@;@@;@@;@@;@@;@3 053 359@;@@;@@;@0,3@;@@;@0,56
"2914199000"@;@89 981@;@@;@@;@@;@@;@@;@89 981@;@@;@@;@0@;@@;@0,5
"9619001100"@;@@;@@;@40 628@;@71 099@;@40 628@;@@;@40 628@;@30 471@;@@;@0,3@;@@;@
"1006209800"@;@@;@@;@21 314@;@21 314@;@21 314@;@@;@21 314@;@0@;@@;@0,3@;@@;@
"6201930000"@;@@;@@;@750 777@;@750 777@;@609 564@;@141 213@;@609 564@;@0@;@@;@0,3@;@@;@
"8462610095"@;@312 435@;@@;@@;@@;@@;@@;@312 435@;@@;@@;@0@;@@;@0,5
"7318240001"@;@3 953@;@@;@10 462@;@12 396@;@10 462@;@@;@14 415@;@1 934@;@1 934@;@0,3@;@580,2@;@0,34
"2842908000"@;@825 128@;@@;@@;@@;@@;@@;@825 128@;@@;@@;@0,4@;@@;@0,58
"5702321000"@;@513@;@@;@13 647 730@;@13 652 470@;@9 480 171@;@4 173 887@;@9 474 356@;@4 740@;@513@;@0,3@;@153,9@;@2,83
"6406109000"@;@4 065 948@;@297 636@;@808 456@;@821 625@;@765 159@;@173 383@;@4 403 385@;@13 169@;@13 169@;@0,6@;@7 901,4@;@0,58
"6203429000"@;@395 839@;@388 065@;@66 022@;@66 022@;@49 277@;@17@;@461 844@;@0@;@0@;@1@;@0@;@0,63
"4504109100"@;@32 833@;@@;@@;@@;@@;@@;@32 833@;@@;@@;@0@;@@;@0,5
"8523521000"@;@1 551 940@;@@;@@;@@;@@;@@;@1 551 940@;@@;@@;@0@;@@;@0,5
"712200000"@;@@;@@;@624 367@;@703 180@;@559 526@;@71 448@;@559 526@;@78 813@;@@;@0,3@;@@;@
"8609009009"@;@7 030 125@;@19 950@;@10 890 213@;@13 779 213@;@5 593 714@;@@;@17 920 338@;@2 889 000@;@2 889 000@;@0,6@;@1 733 400@;@0,44
"9405290012"@;@13 832@;@187@;@@;@@;@@;@@;@13 832@;@@;@@;@0,3@;@@;@0,56
"1521909100"@;@4 163@;@@;@@;@@;@@;@@;@4 163@;@@;@@;@0@;@@;@0,5
"7307210001"@;@5 629@;@@;@80 040@;@80 040@;@80 040@;@@;@85 669@;@0@;@0@;@0,3@;@0@;@0,09
"6116109001"@;@@;@@;@37 921@;@37 921@;@37 921@;@@;@37 921@;@0@;@@;@0,7@;@@;@
"5305000000"@;@2 882 685@;@1 423@;@@;@@;@@;@@;@2 882 685@;@@;@@;@0,3@;@@;@0,56
"3922200000"@;@588 233@;@735 599@;@836 500@;@838 939@;@970 207@;@26 576@;@1 398 157@;@2 439@;@2 439@;@0,6@;@1 463,4@;@0,33
"9027300000"@;@5 233 776@;@422 370@;@@;@@;@@;@@;@5 233 776@;@@;@@;@0,3@;@@;@0,56
"5211491000"@;@336@;@@;@@;@@;@@;@@;@336@;@@;@@;@0@;@@;@0,5
"8527215201"@;@28@;@@;@@;@@;@@;@@;@28@;@@;@@;@0@;@@;@0,5
"8101991000"@;@8 347@;@@;@@;@@;@@;@@;@8 347@;@@;@@;@0@;@@;@0,5
"5408320000"@;@306 680@;@@;@@;@@;@@;@@;@306 680@;@@;@@;@0@;@@;@0,5
"7018105900"@;@1 860@;@@;@@;@@;@@;@@;@1 860@;@@;@@;@0@;@@;@0,5
"3212100000"@;@5 639 880@;@25 329@;@4 863 881@;@5 081 640@;@4 799 182@;@869 918@;@9 608 514@;@217 759@;@217 759@;@0,6@;@130 655,4@;@0,43
"2936250000"@;@115 336@;@@;@116 654@;@234 686@;@116 654@;@17 888@;@214 102@;@118 032@;@115 336@;@0,3@;@34 600,8@;@0,64
"8421396100"@;@2 587 206@;@9 682@;@9 582@;@9 582@;@9 582@;@@;@2 587 106@;@0@;@0@;@0,6@;@0@;@0,62
"810907500"@;@@;@@;@197 215@;@214 948@;@197 215@;@@;@197 215@;@17 733@;@@;@0,3@;@@;@
"0813300000"@;@1 650@;@3 655 001@;@@;@@;@@;@@;@1 650@;@@;@@;@0,3@;@@;@0,56
"8301401100"@;@9 733 329@;@128 126@;@27 552@;@30 057@;@13 190@;@20 903@;@9 611 852@;@2 505@;@2 505@;@0,6@;@1 503@;@0,63
"5808100000"@;@225 908@;@406@;@1 433 585@;@1 850 438@;@1 273 178@;@169 988@;@1 489 505@;@416 853@;@225 908@;@0,6@;@135 544,8@;@0,75
"4202990000"@;@996 156@;@43 611@;@14 273@;@14 273@;@14 273@;@@;@966 818@;@0@;@0@;@1@;@0@;@0,72
"7013375900"@;@2 137@;@@;@@;@@;@@;@@;@2 137@;@@;@@;@0@;@@;@0,5
"6403599900"@;@412 634@;@71 561@;@212 061@;@212 061@;@257 843@;@448 351@;@104 783@;@0@;@0@;@0,6@;@0@;@2,09
"9401910001"@;@829@;@@;@13 299@;@13 380@;@13 299@;@@;@14 128@;@81@;@81@;@0,3@;@24,3@;@0,12
"2921599000"@;@10 898@;@@;@@;@@;@@;@@;@10 898@;@@;@@;@0@;@@;@0,5
"403901900"@;@@;@@;@879 841@;@886 070@;@894 928@;@3 944@;@894 928@;@6 229@;@@;@0,3@;@@;@
"2918120000"@;@737 948@;@@;@@;@@;@@;@@;@737 948@;@@;@@;@0,4@;@@;@0,58
"3907911000"@;@6 041 063@;@360 135@;@@;@@;@@;@@;@6 041 063@;@@;@@;@0,3@;@@;@0,56
"5909009000"@;@27 909@;@@;@1 174 605@;@1 174 605@;@580 587@;@594 018@;@608 496@;@0@;@0@;@0,3@;@0@;@0,08
"0508000000"@;@5 295@;@6 720@;@@;@@;@@;@@;@5 295@;@@;@@;@0,3@;@@;@0,56
"3207100000"@;@4 928 874@;@14 321@;@1 816 484@;@1 974 060@;@989 939@;@826 989@;@5 904 048@;@157 576@;@157 576@;@1@;@157 576@;@0,63
"5403410000"@;@151 435@;@@;@87 348@;@87 348@;@87 348@;@@;@238 783@;@0@;@0@;@0,3@;@0@;@0,38
"8441300000"@;@2 957 476@;@26 778@;@135 751@;@135 751@;@135 751@;@@;@3 066 449@;@0@;@0@;@0,6@;@0@;@0,6
"5209290000"@;@8 612@;@362 260@;@59 251@;@59 251@;@59 251@;@@;@67 863@;@0@;@0@;@0,6@;@0@;@0,18
"1702190000"@;@9 733@;@@;@@;@@;@@;@@;@9 733@;@@;@@;@0@;@@;@0,5
"8413603900"@;@3 716 443@;@90 970@;@1 565 774@;@1 667 463@;@1 363 315@;@77 805@;@5 113 442@;@101 689@;@101 689@;@0,6@;@61 013,4@;@0,49
"7321811000"@;@@;@@;@708@;@833@;@@;@5 087@;@0@;@125@;@@;@0,3@;@@;@
"9405420022"@;@235 357@;@33@;@6 596@;@6 596@;@6 596@;@@;@241 920@;@0@;@0@;@0,6@;@0@;@0,61
"0603110000"@;@133 852@;@119 311@;@@;@@;@@;@@;@133 852@;@@;@@;@0,7@;@@;@0,64
"2009111901"@;@@;@@;@894 224@;@894 224@;@2 949 682@;@55 993@;@2 949 682@;@0@;@@;@0,3@;@@;@
"2309904100"@;@5 061 202@;@@;@@;@@;@@;@@;@5 061 202@;@@;@@;@0@;@@;@0,5
"8308900000"@;@1 738 124@;@6 787@;@@;@@;@@;@@;@1 738 124@;@@;@@;@0,3@;@@;@0,56
"8202998000"@;@490 292@;@1 426@;@@;@@;@@;@@;@490 292@;@@;@@;@0,3@;@@;@0,56
"9406200000"@;@153 385@;@@;@5 854@;@5 854@;@5 854@;@@;@159 239@;@0@;@0@;@0,7@;@0@;@0,62
"6905900000"@;@@;@@;@5 887@;@6 221@;@5 887@;@@;@5 887@;@334@;@@;@0,3@;@@;@
"7604291009"@;@1 947 593@;@@;@3 033 044@;@3 175 962@;@3 033 044@;@@;@4 980 637@;@142 918@;@142 918@;@0,3@;@42 875,4@;@0,28
"4823709000"@;@251 392@;@29 007@;@8 352 320@;@9 771 122@;@7 938 724@;@438 405@;@8 165 307@;@1 418 802@;@251 392@;@0,6@;@150 835,2@;@1,83
"8446290000"@;@2 371 670@;@8 350@;@@;@@;@@;@@;@2 371 670@;@@;@@;@0,3@;@@;@0,56
"4820200000"@;@397 305@;@26 594@;@9 181 871@;@10 839 590@;@8 962 801@;@265 049@;@9 314 127@;@1 657 719@;@397 305@;@1@;@397 305@;@1,47
"8408203500"@;@802 298@;@@;@@;@@;@@;@@;@802 298@;@@;@@;@0@;@@;@0,5
"3925908000"@;@@;@@;@38 365 082@;@56 141 443@;@36 346 008@;@5 089 110@;@36 346 008@;@17 776 361@;@@;@0,3@;@@;@
"0910999900"@;@37 243@;@18 754@;@@;@@;@@;@@;@37 243@;@@;@@;@0,3@;@@;@0,56
"1604205000"@;@5 264@;@@;@@;@@;@@;@@;@5 264@;@@;@@;@0@;@@;@0,5
"2204219700"@;@249 186@;@206 721@;@@;@@;@@;@@;@249 186@;@@;@@;@0,7@;@@;@0,64
"4811419000"@;@10 395 075@;@116 778@;@604 297@;@672 227@;@584 534@;@72 455@;@10 810 139@;@67 930@;@67 930@;@0,6@;@40 758@;@0,6
"2903150000"@;@1 783@;@@;@@;@@;@@;@@;@1 783@;@@;@@;@0@;@@;@0,5
"8443393100"@;@126@;@@;@@;@@;@@;@@;@126@;@@;@@;@0@;@@;@0,5
"8708951000"@;@28 168 766@;@462 429@;@@;@@;@@;@@;@28 168 766@;@@;@@;@0,3@;@@;@0,56
"8481805910"@;@4 327 845@;@136 205@;@1 214 619@;@1 299 355@;@1 214 225@;@9 336@;@5 396 923@;@84 736@;@84 736@;@1@;@84 736@;@0,61
"0809210000"@;@@;@3 047 525@;@@;@@;@@;@@;@0@;@@;@@;@0,3@;@@;@
"7314140000"@;@933 990@;@2 642@;@9 859 716@;@11 115 533@;@7 108 197@;@2 079 469@;@8 714 237@;@1 255 817@;@933 990@;@1@;@933 990@;@0,66
"7318159001"@;@40 575@;@41@;@9 468@;@12 731@;@8 915@;@553@;@49 449@;@3 263@;@3 263@;@0,6@;@1 957,8@;@0,55
"0"@;@@;@@;@5 334 114 163@;@890 584 574@;@5 251 564 288@;@91 810 011@;@5 251 564 288@;@-4 443 529 589@;@@;@0,3@;@@;@
"2005999000"@;@@;@@;@277@;@277@;@277@;@243@;@277@;@0@;@@;@0,3@;@@;@
"7225409000"@;@1 240 783@;@@;@@;@@;@@;@@;@1 240 783@;@@;@@;@0@;@@;@0,5
"1207210000"@;@6 875 879@;@1 160 627@;@285 639 403@;@380 322 436@;@259 924 558@;@47 951 503@;@244 563 779@;@94 683 033@;@6 875 879@;@0,6@;@4 125 527,4@;@4,27
"0804500009"@;@411 565@;@245 656@;@@;@@;@@;@@;@411 565@;@@;@@;@0,3@;@@;@0,56
"8516500000"@;@9 440 483@;@288 441@;@3 603 283@;@3 652 425@;@3 221 735@;@700 851@;@12 054 474@;@49 142@;@49 142@;@0,6@;@29 485,2@;@0,51
"2909430000"@;@1 051 437@;@7 896@;@25 832@;@53 215@;@25 832@;@8 042@;@1 061 331@;@27 383@;@27 383@;@0,6@;@16 429,8@;@0,62
"1109000000"@;@13 253@;@381 186@;@@;@@;@@;@@;@13 253@;@@;@@;@0,3@;@@;@0,56
"8501330002"@;@@;@@;@509@;@509@;@255@;@255@;@255@;@0@;@@;@0,3@;@@;@
"4401220000"@;@437 044@;@@;@@;@@;@@;@@;@437 044@;@@;@@;@0@;@@;@0,5
"6115101000"@;@@;@@;@4 451 339@;@5 671 179@;@4 577 127@;@1 283 359@;@4 577 127@;@1 219 840@;@@;@0,3@;@@;@
"2516120000"@;@21 732@;@303 781@;@1 573 611@;@1 613 363@;@1 486 128@;@86 144@;@1 509 199@;@39 752@;@21 732@;@1@;@21 732@;@0,76
"0909620002"@;@3 277@;@210@;@@;@@;@@;@@;@3 277@;@@;@@;@0,3@;@@;@0,56
"8511200008"@;@2 413@;@@;@@;@@;@@;@@;@2 413@;@@;@@;@0@;@@;@0,5
"8607998000"@;@1 234 097@;@3 956@;@825 621@;@825 621@;@849 816@;@@;@2 055 762@;@0@;@0@;@1@;@0@;@0,5
"1106209000"@;@17 308@;@1 186@;@@;@@;@@;@@;@17 308@;@@;@@;@0,3@;@@;@0,56
"207261000"@;@@;@@;@18 187@;@36 374@;@18 187@;@@;@18 187@;@18 187@;@@;@0,3@;@@;@
"6302599000"@;@10 186@;@4 026@;@3 048 400@;@3 048 400@;@3 046 041@;@2 359@;@3 056 227@;@0@;@0@;@1@;@0@;@0,2
"1601001000"@;@7 525@;@@;@102 334 584@;@114 013 638@;@101 286 736@;@3 007 186@;@99 334 923@;@11 679 054@;@7 525@;@0,3@;@2 257,5@;@100
"3906905000"@;@955 938@;@511@;@@;@@;@@;@@;@955 938@;@@;@@;@0,3@;@@;@0,56
"7409900000"@;@2 100@;@@;@@;@@;@@;@@;@2 100@;@@;@@;@0@;@@;@0,5
"9001504900"@;@37 618@;@@;@@;@@;@@;@@;@37 618@;@@;@@;@0@;@@;@0,5
"0304750000"@;@41 646@;@@;@@;@@;@@;@@;@41 646@;@@;@@;@0@;@@;@0,5
"4409101100"@;@@;@31@;@482 362@;@482 362@;@288 770@;@193 592@;@288 770@;@0@;@@;@0,6@;@@;@
"8501618000"@;@@;@@;@20 693@;@21 694@;@19 857@;@836@;@19 857@;@1 001@;@@;@0,3@;@@;@
"6204621100"@;@4 308@;@@;@6 550 933@;@6 556 494@;@6 506 587@;@137 845@;@6 417 396@;@5 561@;@4 308@;@0,3@;@1 292,4@;@0,45
"8481803100"@;@266 348@;@@;@6 314@;@6 314@;@5 130@;@1 184@;@271 478@;@0@;@0@;@0,3@;@0@;@0,55
"8457101008"@;@4 277 703@;@@;@@;@@;@@;@@;@4 277 703@;@@;@@;@0@;@@;@0,5
"2208906901"@;@9 028@;@@;@@;@@;@@;@@;@9 028@;@@;@@;@0@;@@;@0,5
"8421910001"@;@5 656@;@3 635@;@6 530@;@6 530@;@6 530@;@@;@12 186@;@0@;@0@;@0,6@;@0@;@0,35
"8437100000"@;@6 969 851@;@52 172@;@@;@@;@@;@@;@6 969 851@;@@;@@;@0,3@;@@;@0,56
"2807000001"@;@8 985@;@@;@31 472 627@;@36 542 695@;@30 025 073@;@527 758@;@30 953 854@;@5 070 068@;@8 985@;@0,7@;@6 289,5@;@100
"8420918000"@;@269 745@;@@;@@;@@;@@;@@;@269 745@;@@;@@;@0@;@@;@0,5
"3824999201"@;@770 202@;@39 861@;@@;@@;@@;@@;@770 202@;@@;@@;@0,3@;@@;@0,56
"406103000"@;@@;@@;@1 721 016@;@1 753 985@;@1 626 667@;@78 606@;@1 626 667@;@32 969@;@@;@0,3@;@@;@
"2927000000"@;@1 167 413@;@@;@@;@@;@@;@@;@1 167 413@;@@;@@;@0,4@;@@;@0,58
"1211500000"@;@@;@@;@808 830@;@809 386@;@808 830@;@5 723@;@808 830@;@556@;@@;@0,3@;@@;@
"6215900000"@;@8 441@;@901@;@12 131@;@12 998@;@12 131@;@@;@20 572@;@867@;@867@;@0,6@;@520,2@;@0,36
"4418400000"@;@1 126 840@;@1 589@;@956@;@956@;@956@;@@;@1 126 207@;@0@;@0@;@1@;@0@;@0,7
"9504909009"@;@@;@@;@186 606@;@186 606@;@186 606@;@@;@186 606@;@0@;@@;@0,3@;@@;@
"1601009109"@;@2 179@;@194 208@;@13 049 740@;@13 484 757@;@5 769 847@;@2 200 366@;@10 851 553@;@435 017@;@2 179@;@0,6@;@1 307,4@;@60,01
"8311300000"@;@208 438@;@@;@45 491@;@45 491@;@45 491@;@@;@253 929@;@0@;@0@;@0,3@;@0@;@0,47
"6207210000"@;@259 774@;@29 552@;@462 693@;@471 020@;@455 321@;@10 344@;@712 123@;@8 327@;@8 327@;@1@;@8 327@;@0,39
"9018410000"@;@3 997 087@;@@;@426 608@;@@;@426 608@;@@;@4 423 695@;@@;@@;@0,3@;@@;@0,51
"6005220000"@;@6 899@;@@;@11 224@;@11 224@;@11 224@;@@;@18 123@;@0@;@0@;@0,3@;@0@;@0,25
"7505220000"@;@249 303@;@@;@@;@@;@@;@@;@249 303@;@@;@@;@0@;@@;@0,5
"1602503109"@;@501@;@@;@@;@@;@@;@@;@501@;@@;@@;@0@;@@;@0,5
"8411810001"@;@544 992@;@@;@@;@@;@@;@@;@544 992@;@@;@@;@0@;@@;@0,5
"8443192009"@;@487 937@;@@;@@;@@;@@;@@;@487 937@;@@;@@;@0@;@@;@0,5
"8516900000"@;@4 204 488@;@18 623@;@1 772 806@;@1 837 665@;@1 564 740@;@@;@5 958 671@;@64 859@;@64 859@;@0,6@;@38 915,4@;@0,48
"1101001500"@;@@;@@;@744 016 238@;@1 122 787 817@;@632 180 297@;@139 460 840@;@632 180 297@;@378 771 579@;@@;@0,3@;@@;@
"9030908500"@;@235 530@;@@;@1 350 924@;@1 350 924@;@1 151 219@;@75 051@;@1 511 403@;@0@;@0@;@0,3@;@0@;@0,14
"8518403008"@;@71 141@;@@;@@;@@;@@;@@;@71 141@;@@;@@;@0@;@@;@0,5
"8523529009"@;@111 056 930@;@685 899@;@3 029 832@;@3 029 832@;@3 029 832@;@@;@113 400 863@;@0@;@0@;@1@;@0@;@0,69
"2846909000"@;@162@;@@;@@;@@;@@;@@;@162@;@@;@@;@0@;@@;@0,5
"3920591000"@;@45 195@;@@;@@;@@;@@;@@;@45 195@;@@;@@;@0@;@@;@0,5
"403105100"@;@@;@@;@172 512@;@215 347@;@172 512@;@@;@172 512@;@42 835@;@@;@0,3@;@@;@
"8464201100"@;@29 550@;@@;@@;@@;@@;@@;@29 550@;@@;@@;@0@;@@;@0,5
"5506400000"@;@@;@@;@4 855@;@6 069@;@4 855@;@@;@4 855@;@1 214@;@@;@0,3@;@@;@
"8479301009"@;@4 379 563@;@@;@@;@@;@@;@@;@4 379 563@;@@;@@;@0@;@@;@0,5
"8541410006"@;@131 175@;@@;@@;@@;@@;@@;@131 175@;@@;@@;@0@;@@;@0,5
"8462690091"@;@14 650@;@@;@@;@@;@@;@@;@14 650@;@@;@@;@0@;@@;@0,5
"2208403900"@;@60 807@;@@;@@;@@;@@;@@;@60 807@;@@;@@;@0@;@@;@0,5
"6306900000"@;@75 770@;@375@;@@;@@;@@;@@;@75 770@;@@;@@;@0,3@;@@;@0,56
"5211390000"@;@606 608@;@5 648@;@4 014 376@;@4 014 376@;@2 890 798@;@3 504 842@;@1 116 142@;@0@;@0@;@0,6@;@0@;@0,39
"7217201000"@;@238 351@;@55 750@;@@;@@;@@;@@;@238 351@;@@;@@;@0,3@;@@;@0,56
"8702101193"@;@861 921@;@150 314@;@@;@@;@@;@@;@861 921@;@@;@@;@0,3@;@@;@0,56
"8212200000"@;@898 631@;@2 396@;@@;@@;@@;@@;@898 631@;@@;@@;@0,3@;@@;@0,56
"7304410008"@;@8 388 228@;@@;@@;@@;@@;@@;@8 388 228@;@@;@@;@0@;@@;@0,5
"9503009901"@;@48 304@;@@;@@;@@;@@;@@;@48 304@;@@;@@;@0@;@@;@0,5
"4016995201"@;@371 412@;@@;@1 483@;@1 483@;@1 483@;@@;@372 895@;@0@;@0@;@0,3@;@0@;@0,56
"6801000000"@;@113 065@;@8 794 574@;@15 616 863@;@35 467 588@;@14 541 794@;@1 536 221@;@14 193 707@;@19 850 725@;@113 065@;@1@;@113 065@;@52,87
"8477809900"@;@@;@@;@62 256@;@66 361@;@62 256@;@13 573@;@62 256@;@4 105@;@@;@0,3@;@@;@
"2930409000"@;@7 240 278@;@234 832@;@@;@@;@@;@@;@7 240 278@;@@;@@;@0,3@;@@;@0,56
"0406905000"@;@28 417@;@@;@@;@@;@@;@@;@28 417@;@@;@@;@0@;@@;@0,5
"1905319900"@;@9 198 024@;@2 148 738@;@19 027 757@;@40 570 920@;@18 871 580@;@566 718@;@27 659 063@;@21 543 163@;@9 198 024@;@1@;@9 198 024@;@1,07
"5211590000"@;@290 629@;@@;@1 724@;@1 724@;@1 724@;@@;@292 353@;@0@;@0@;@0,3@;@0@;@0,56
"9024101900"@;@222 602@;@@;@@;@@;@@;@@;@222 602@;@@;@@;@0@;@@;@0,5
"8540710001"@;@7 013@;@@;@@;@@;@@;@@;@7 013@;@@;@@;@0@;@@;@0,5
"0706909005"@;@@;@@;@@;@@;@@;@@;@0@;@@;@@;@0,4@;@@;@
"5608118000"@;@187 419@;@3 362@;@@;@@;@@;@@;@187 419@;@@;@@;@0,3@;@@;@0,56
"8504408400"@;@@;@@;@27 871@;@30 945@;@27 871@;@@;@27 871@;@3 074@;@@;@0,3@;@@;@
"3307200000"@;@30 066 549@;@165 063@;@251 771@;@251 771@;@151 445@;@138 610@;@30 014 647@;@0@;@0@;@0,6@;@0@;@0,62
"8438500000"@;@11 336 828@;@136 511@;@19 550@;@19 550@;@13 617@;@8 953@;@11 210 914@;@0@;@0@;@1@;@0@;@0,71
"9608910000"@;@60@;@@;@@;@@;@@;@@;@60@;@@;@@;@0@;@@;@0,5
"3304990000"@;@32 412 195@;@527 204@;@5 348 100@;@5 679 223@;@5 130 829@;@515 463@;@36 717 628@;@331 123@;@331 123@;@0,6@;@198 673,8@;@0,56
"0207456100"@;@21 839@;@@;@@;@@;@@;@@;@21 839@;@@;@@;@0@;@@;@0,5
"3920995900"@;@480 853@;@@;@60 241@;@60 241@;@60 241@;@5@;@541 089@;@0@;@0@;@0,7@;@0@;@0,58
"8479896009"@;@1 262 199@;@@;@@;@@;@@;@@;@1 262 199@;@@;@@;@0@;@@;@0,5
"8532220000"@;@400 233@;@857@;@11 850@;@11 850@;@11 850@;@@;@411 226@;@0@;@0@;@1@;@0@;@0,69
"5401101400"@;@73 221@;@1 982@;@261 712@;@261 712@;@261 712@;@37@;@334 896@;@0@;@0@;@0,6@;@0@;@0,23
"2710203700"@;@@;@@;@@;@@;@49 712 967@;@4 655 059@;@49 712 967@;@@;@@;@0@;@@;@
"6107910000"@;@11 101@;@1 088 220@;@169 535@;@192 588@;@182 974@;@8 034@;@172 602@;@23 053@;@11 101@;@1@;@11 101@;@0,86
"1604129100"@;@2 004 199@;@401@;@61 115@;@61 115@;@64 877@;@10 322@;@2 054 591@;@0@;@0@;@0,6@;@0@;@0,61
"1602509501"@;@459 556@;@2 340@;@@;@@;@@;@@;@459 556@;@@;@@;@0,7@;@@;@0,64
"9010900000"@;@341@;@@;@@;@@;@@;@@;@341@;@@;@@;@0@;@@;@0,5
"406102009"@;@@;@@;@11 913@;@19 855@;@11 913@;@@;@11 913@;@7 942@;@@;@0,3@;@@;@
"1515905009"@;@26 342@;@49 700@;@@;@@;@@;@@;@26 342@;@@;@@;@0,3@;@@;@0,56
"2008601900"@;@8 426@;@@;@@;@@;@@;@@;@8 426@;@@;@@;@0@;@@;@0,5
"1704908200"@;@845 528@;@825@;@383 224@;@459 126@;@383 224@;@@;@1 227 927@;@75 902@;@75 902@;@0,6@;@45 541,2@;@0,49
"2520201000"@;@@;@@;@87 245@;@87 484@;@83 328@;@9 035@;@83 328@;@239@;@@;@0,3@;@@;@
"401201109"@;@@;@@;@3 217 764@;@3 335 384@;@1 179 665@;@2 042 839@;@1 179 665@;@117 620@;@@;@0,3@;@@;@
"6115969900"@;@413 540@;@1 559 644@;@189 870@;@190 956@;@127 392@;@73 242@;@530 168@;@1 086@;@1 086@;@0,6@;@651,6@;@0,51
"6115220000"@;@258 513@;@100@;@168 883@;@177 439@;@291 817@;@10 942@;@416 354@;@8 556@;@8 556@;@0,6@;@5 133,6@;@0,44
"7304110001"@;@36 928@;@189@;@10 801@;@10 801@;@10 801@;@15 485@;@32 055@;@0@;@0@;@0,6@;@0@;@0,7
"710805100"@;@@;@@;@44 377@;@44 377@;@44 377@;@@;@44 377@;@0@;@@;@0,3@;@@;@
"6211424200"@;@6 181@;@@;@34 034@;@34 034@;@34 034@;@@;@40 215@;@0@;@0@;@0,3@;@0@;@0,14
"7305110008"@;@61 739 122@;@@;@9 887 483@;@113 880 298@;@10 489 421@;@83 137@;@71 543 468@;@103 992 815@;@61 739 122@;@0,7@;@43 217 385,4@;@1,08
"0601104000"@;@@;@1 398@;@@;@@;@@;@@;@0@;@@;@@;@0,3@;@@;@
"7304293002"@;@3 623@;@@;@@;@@;@@;@@;@3 623@;@@;@@;@0@;@@;@0,5
"6202930000"@;@@;@@;@250 966@;@260 002@;@187 007@;@77 874@;@187 007@;@9 036@;@@;@0,3@;@@;@
"1604144100"@;@195 165@;@6 228@;@@;@@;@@;@@;@195 165@;@@;@@;@0,3@;@@;@0,56
"5911909000"@;@4 253 710@;@30 963@;@7 420 294@;@12 139 522@;@7 312 789@;@551 274@;@11 122 730@;@4 719 228@;@4 253 710@;@1@;@4 253 710@;@0,72
"0808108007"@;@419 914@;@24 404@;@@;@@;@@;@@;@419 914@;@@;@@;@0,3@;@@;@0,56
"9403609001"@;@@;@@;@221 147@;@258 819@;@210 268@;@10 879@;@210 268@;@37 672@;@@;@0,3@;@@;@
"2836400000"@;@347 580@;@1 914 811@;@@;@@;@@;@@;@347 580@;@@;@@;@0,3@;@@;@0,56
"6205300000"@;@891 671@;@874 025@;@1 027 640@;@1 037 188@;@983 195@;@471 435@;@1 447 876@;@9 548@;@9 548@;@1@;@9 548@;@0,51
"8523599300"@;@43 078@;@@;@@;@@;@@;@@;@43 078@;@@;@@;@0@;@@;@0,5
"9606290000"@;@104 949@;@4 085@;@127@;@127@;@127@;@@;@100 991@;@0@;@0@;@0,6@;@0@;@0,64
"7308409000"@;@@;@@;@179 497@;@179 497@;@144 168@;@36 277@;@144 168@;@0@;@@;@0,3@;@@;@
"7213914900"@;@24 586 092@;@803 823@;@53 431 322@;@53 749 354@;@59 953 919@;@1 401 832@;@76 615 582@;@318 032@;@318 032@;@1@;@318 032@;@0,36
"6203491100"@;@4 567@;@@;@265 847@;@274 849@;@256 983@;@41 946@;@228 468@;@9 002@;@4 567@;@0,3@;@1 370,1@;@0,66
"4401490000"@;@38 651@;@@;@715 822@;@715 822@;@715 747@;@75@;@754 398@;@0@;@0@;@0,3@;@0@;@0,09
"2620210000"@;@@;@@;@4 654@;@4 654@;@4 654@;@@;@4 654@;@0@;@@;@0,3@;@@;@
"2008201100"@;@@;@@;@8 394@;@8 394@;@8 394@;@@;@8 394@;@0@;@@;@0,3@;@@;@
"0304620000"@;@127 066@;@@;@@;@@;@@;@@;@127 066@;@@;@@;@0@;@@;@0,5
"0713390001"@;@@;@777@;@@;@@;@@;@@;@0@;@@;@@;@0,3@;@@;@
"8484100000"@;@@;@@;@277 988@;@278 120@;@37 484@;@239 978@;@37 484@;@132@;@@;@0,3@;@@;@
"2934996001"@;@60 843@;@@;@@;@@;@@;@@;@60 843@;@@;@@;@0@;@@;@0,5
"8477901000"@;@@;@@;@31 371@;@37 059@;@31 371@;@@;@31 371@;@5 688@;@@;@0,3@;@@;@
"0711907000"@;@@;@8 063 896@;@@;@@;@@;@@;@0@;@@;@@;@0,3@;@@;@
"403101900"@;@@;@@;@5 096@;@8 154@;@5 096@;@@;@5 096@;@3 058@;@@;@0,3@;@@;@
"4016930005"@;@15 023 209@;@1 655 157@;@690 397@;@822 172@;@695 347@;@@;@14 058 449@;@131 775@;@131 775@;@1@;@131 775@;@0,74
"8413606900"@;@333 154@;@292@;@1 685 503@;@1 686 570@;@1 485 798@;@75 051@;@1 943 606@;@1 067@;@1 067@;@0,6@;@640,2@;@0,21
"0403207900"@;@367 026@;@@;@@;@@;@@;@@;@367 026@;@@;@@;@0@;@@;@0,5
"5703290009"@;@1 130 917@;@@;@18 278@;@18 278@;@18 278@;@@;@1 149 195@;@0@;@0@;@0,3@;@0@;@0,55
"1516300009"@;@14 040@;@@;@@;@@;@@;@@;@14 040@;@@;@@;@0@;@@;@0,5
"7801100000"@;@190 771@;@@;@@;@@;@@;@@;@190 771@;@@;@@;@0@;@@;@0,5
"4804291000"@;@3 612 939@;@@;@237@;@237@;@237@;@@;@3 613 176@;@0@;@0@;@0,3@;@0@;@0,56
"0808301000"@;@@;@6 053@;@@;@@;@@;@@;@0@;@@;@@;@0,3@;@@;@
"4802559000"@;@3 838 801@;@95 842@;@5 862@;@5 862@;@5 862@;@@;@3 748 821@;@0@;@0@;@1@;@0@;@0,71
"8443321003"@;@1 015 015@;@24 000@;@@;@@;@@;@@;@1 015 015@;@@;@@;@0,3@;@@;@0,56
"7216329900"@;@2 080 355@;@@;@@;@@;@@;@@;@2 080 355@;@@;@@;@0@;@@;@0,5
"0202305000"@;@577 361@;@@;@@;@@;@@;@@;@577 361@;@@;@@;@0@;@@;@0,5
"8403109000"@;@44 260 722@;@2 900 962@;@14 450 501@;@16 432 883@;@14 330 040@;@860 053@;@54 950 208@;@1 982 382@;@1 982 382@;@1@;@1 982 382@;@0,62
"5205240004"@;@@;@10 770@;@@;@@;@@;@@;@0@;@@;@@;@0,3@;@@;@
"7315200000"@;@113 425@;@@;@21 175@;@36 531@;@20 622@;@553@;@134 047@;@15 356@;@15 356@;@0,3@;@4 606,8@;@0,52
"0207119000"@;@6 206@;@@;@@;@@;@@;@@;@6 206@;@@;@@;@0@;@@;@0,5
"8479200000"@;@5 426 681@;@49 100@;@@;@@;@@;@@;@5 426 681@;@@;@@;@0,3@;@@;@0,56
"1006102300"@;@73 287@;@@;@@;@@;@@;@@;@73 287@;@@;@@;@0@;@@;@0,5
"8504312900"@;@2 937 328@;@543@;@252 289@;@289 502@;@244 755@;@19 860@;@3 169 214@;@37 213@;@37 213@;@1@;@37 213@;@0,67
"0407901000"@;@1 142@;@@;@@;@@;@@;@@;@1 142@;@@;@@;@0@;@@;@0,5
"6302221000"@;@212@;@@;@5 276 943@;@5 339 666@;@5 185 975@;@91 081@;@5 186 074@;@62 723@;@212@;@0,7@;@148,4@;@88,9
"8512301009"@;@1 377 082@;@38 645@;@545@;@545@;@545@;@@;@1 338 982@;@0@;@0@;@0,6@;@0@;@0,63
"5513120000"@;@115 616@;@@;@@;@@;@@;@@;@115 616@;@@;@@;@0@;@@;@0,5
"9606220000"@;@257 010@;@1 660@;@@;@@;@@;@@;@257 010@;@@;@@;@0,3@;@@;@0,56
"8539908002"@;@4 267@;@@;@@;@@;@@;@@;@4 267@;@@;@@;@0@;@@;@0,5
"3808931100"@;@518 934@;@@;@268 256@;@2 980 622@;@294 469@;@151 116@;@636 074@;@2 712 366@;@518 934@;@0,3@;@155 680,2@;@2,04
"4820401000"@;@@;@@;@145 275@;@30 822 596@;@145 275@;@@;@145 275@;@30 677 321@;@@;@0,3@;@@;@
"8460191000"@;@49 567@;@@;@@;@@;@@;@@;@49 567@;@@;@@;@0@;@@;@0,5
"2009897909"@;@@;@@;@2 135 450@;@2 140 428@;@2 071 183@;@64 267@;@2 071 183@;@4 978@;@@;@0,3@;@@;@
"8452300000"@;@250 283@;@@;@@;@@;@@;@@;@250 283@;@@;@@;@0@;@@;@0,5
"7228304100"@;@1 431@;@@;@@;@@;@@;@@;@1 431@;@@;@@;@0@;@@;@0,5
"5401101600"@;@44 946@;@109@;@2 128 256@;@2 135 113@;@2 106 132@;@63 208@;@2 109 994@;@6 857@;@6 857@;@0,6@;@4 114,2@;@0,18
"2203001000"@;@230 495@;@@;@10 125 216@;@10 210 918@;@10 102 113@;@193 787@;@10 161 924@;@85 702@;@85 702@;@0,3@;@25 710,6@;@0,18
"6805300002"@;@80@;@@;@@;@@;@@;@@;@80@;@@;@@;@0@;@@;@0,5
"2914230000"@;@1 420@;@@;@@;@@;@@;@@;@1 420@;@@;@@;@0@;@@;@0,5
"8311100000"@;@@;@@;@41 408 499@;@41 519 537@;@41 295 601@;@856 485@;@41 295 601@;@111 038@;@@;@0,3@;@@;@
"6204329000"@;@149 727@;@174 728@;@@;@@;@@;@@;@149 727@;@@;@@;@0,3@;@@;@0,56
"1104290400"@;@59 567@;@@;@@;@@;@@;@@;@59 567@;@@;@@;@0@;@@;@0,5
"8537209800"@;@20 667 683@;@1 108 000@;@6 465 498@;@6 652 524@;@5 015 608@;@817 742@;@25 207 439@;@187 026@;@187 026@;@1@;@187 026@;@0,61
"806201000"@;@@;@@;@23 903 187@;@25 663 532@;@23 629 475@;@516 296@;@23 629 475@;@1 760 345@;@@;@0,3@;@@;@
"8440109000"@;@246 528@;@35 435@;@@;@@;@@;@@;@246 528@;@@;@@;@0,3@;@@;@0,56
"6802929000"@;@@;@@;@135 860@;@135 860@;@135 860@;@@;@135 860@;@0@;@@;@0,3@;@@;@
"0901909000"@;@1 489@;@@;@@;@@;@@;@@;@1 489@;@@;@@;@0@;@@;@0,5
"5515199000"@;@34 719@;@@;@@;@@;@@;@@;@34 719@;@@;@@;@0@;@@;@0,5
"8711100000"@;@522 964@;@@;@33 536 353@;@33 536 353@;@4 913 827@;@30 251 963@;@3 807 354@;@0@;@0@;@0,3@;@0@;@0,13
"303419000"@;@@;@@;@4 250@;@4 250@;@2 410@;@1 841@;@2 410@;@0@;@@;@0,3@;@@;@
"813100000"@;@@;@@;@1 569 614@;@1 577 021@;@1 569 614@;@2 570@;@1 569 614@;@7 407@;@@;@0,3@;@@;@
"2005995000"@;@36 622@;@250 015@;@41 906@;@48 890@;@38 151@;@41 723@;@36 805@;@6 984@;@6 984@;@0,6@;@4 190,4@;@0,67
"7214993900"@;@1 474 809@;@542 220@;@16 485@;@122 111@;@16 485@;@@;@949 074@;@105 626@;@105 626@;@1@;@105 626@;@1
"3806900000"@;@265 416@;@@;@@;@@;@@;@@;@265 416@;@@;@@;@0@;@@;@0,5
"406200000"@;@@;@@;@6 961 626@;@7 323 136@;@6 298 328@;@552 672@;@6 298 328@;@361 510@;@@;@0,3@;@@;@
"7227909500"@;@66 010@;@2 359@;@13 541@;@14 130@;@13 541@;@@;@77 192@;@589@;@589@;@0,6@;@353,4@;@0,55
"5402690000"@;@1 013@;@@;@@;@@;@@;@@;@1 013@;@@;@@;@0@;@@;@0,5
"4403228000"@;@2 683 065@;@@;@@;@@;@@;@@;@2 683 065@;@@;@@;@0@;@@;@0,5
"8478900000"@;@1 117 200@;@4 959@;@24 494@;@33 401@;@24 494@;@@;@1 136 735@;@8 907@;@8 907@;@0,6@;@5 344,2@;@0,61
"3922900000"@;@2 258 428@;@6 030 147@;@8 160 574@;@8 429 039@;@8 390 745@;@322 717@;@10 096 285@;@268 465@;@268 465@;@1@;@268 465@;@0,35
"8523495100"@;@80 863@;@@;@@;@@;@@;@@;@80 863@;@@;@@;@0@;@@;@0,5
"7228506100"@;@495 314@;@@;@6 971@;@10 457@;@6 971@;@@;@502 285@;@3 486@;@3 486@;@0,3@;@1 045,8@;@0,56
"2902410000"@;@206 261@;@@;@@;@@;@@;@@;@206 261@;@@;@@;@0@;@@;@0,5
"3401190000"@;@6 511 405@;@330 317@;@20 602 503@;@37 098 491@;@16 668 333@;@3 387 817@;@23 726 091@;@16 495 988@;@6 511 405@;@1@;@6 511 405@;@1,1
"9503008900"@;@@;@@;@18 358@;@@;@18 358@;@@;@18 358@;@@;@@;@0,3@;@@;@
"2713110000"@;@439@;@6 138 293@;@@;@@;@99 007@;@332 771@;@-332 332@;@@;@@;@0,3@;@@;@0,06
"8428909100"@;@@;@@;@6 701@;@7 116@;@6 701@;@@;@6 701@;@415@;@@;@0,3@;@@;@
"1518009900"@;@5 384@;@@;@@;@@;@@;@@;@5 384@;@@;@@;@0@;@@;@0,5
"8413702109"@;@@;@@;@@;@@;@@;@@;@0@;@@;@@;@0,4@;@@;@
"8207605000"@;@3 248@;@@;@@;@@;@@;@@;@3 248@;@@;@@;@0@;@@;@0,5
"7304240002"@;@21@;@@;@@;@@;@@;@@;@21@;@@;@@;@0@;@@;@0,5
"6211324100"@;@3 416@;@@;@988@;@5 928@;@988@;@@;@4 404@;@4 940@;@3 416@;@0,3@;@1 024,8@;@0,88
"2303101100"@;@@;@@;@394 069@;@417 263@;@64 117@;@198 596@;@64 117@;@23 194@;@@;@0,3@;@@;@
"2933592000"@;@425@;@@;@@;@@;@@;@@;@425@;@@;@@;@0@;@@;@0,5
"8418308001"@;@292 648@;@@;@@;@@;@@;@@;@292 648@;@@;@@;@0@;@@;@0,5
"9405390000"@;@143 775@;@3 224@;@8 755@;@8 755@;@8 755@;@@;@149 306@;@0@;@0@;@0,6@;@0@;@0,6
"4418105000"@;@@;@@;@1 519 723@;@1 571 626@;@1 377 007@;@176 558@;@1 377 007@;@51 903@;@@;@0,3@;@@;@
"3004900002"@;@1 085 921 738@;@10 825 304@;@193 724 487@;@281 918 392@;@156 132 622@;@60 010 330@;@1 208 810 591@;@88 193 905@;@88 193 905@;@1@;@88 193 905@;@0,67
"2826191000"@;@423 651@;@@;@@;@@;@@;@@;@423 651@;@@;@@;@0,4@;@@;@0,58
"9306290000"@;@74 612@;@@;@@;@@;@@;@@;@74 612@;@@;@@;@0@;@@;@0,5
"7228709000"@;@263 571@;@@;@@;@@;@@;@@;@263 571@;@@;@@;@0@;@@;@0,5
"7318163001"@;@17 834@;@@;@9 921@;@14 778@;@9 368@;@553@;@27 202@;@4 857@;@4 857@;@0,7@;@3 399,9@;@0,55
"6302399000"@;@91 332@;@147 077@;@731 071@;@773 485@;@626 718@;@105 685@;@716 718@;@42 414@;@42 414@;@1@;@42 414@;@0,4
"8416900000"@;@664 403@;@784@;@230 301@;@234 277@;@230 301@;@@;@893 920@;@3 976@;@3 976@;@0,6@;@2 385,6@;@0,49
"0403905101"@;@@;@@;@@;@@;@@;@@;@0@;@@;@@;@0,4@;@@;@
"5208219000"@;@2 254@;@1 088 937@;@419 394@;@419 394@;@381 125@;@38 269@;@383 379@;@0@;@0@;@0,6@;@0@;@0,12
"7322900000"@;@1 396 811@;@133 628@;@587 775@;@665 718@;@563 090@;@30 760@;@1 820 198@;@77 943@;@77 943@;@1@;@77 943@;@0,6
"1803100000"@;@1 572 880@;@@;@85 866@;@92 953@;@85 866@;@1 368@;@1 657 378@;@7 087@;@7 087@;@0,3@;@2 126,1@;@0,54
"4419009000"@;@@;@@;@1 708@;@1 708@;@1 708@;@@;@1 708@;@0@;@@;@0,3@;@@;@
"7010905300"@;@1 843 281@;@837 742@;@@;@@;@@;@@;@1 843 281@;@@;@@;@0,3@;@@;@0,56
"8705200001"@;@9 838 835@;@@;@1 723 573@;@3 447 146@;@1 723 573@;@@;@11 562 408@;@1 723 573@;@1 723 573@;@0,7@;@1 206 501,1@;@0,62
"4805920000"@;@8 776 841@;@3 218 766@;@31 492@;@31 492@;@31 492@;@@;@5 589 567@;@0@;@0@;@0,6@;@0@;@0,91
"1103119000"@;@1 268 225@;@1 095@;@185 473@;@185 473@;@185 473@;@@;@1 452 603@;@0@;@0@;@0,6@;@0@;@0,56
"9618000000"@;@655 520@;@31 155@;@2 592@;@2 592@;@2 592@;@@;@626 957@;@0@;@0@;@0,6@;@0@;@0,64
"6305328900"@;@@;@@;@4 740@;@4 740@;@4 740@;@@;@4 740@;@0@;@@;@0,3@;@@;@
"6810190001"@;@41 008@;@36 084@;@15 849 376@;@16 345 814@;@12 914 291@;@3 265 228@;@12 625 156@;@496 438@;@41 008@;@1@;@41 008@;@3,83
"5702429000"@;@3 464 840@;@14 692 752@;@77 031 751@;@80 896 194@;@80 598 447@;@3 829 607@;@76 666 984@;@3 864 443@;@3 464 840@;@1@;@3 464 840@;@0,56
"8442508000"@;@765 697@;@173 131@;@927 255@;@927 792@;@927 119@;@10 439@;@1 682 513@;@537@;@537@;@0,6@;@322,2@;@0,35
"8420108000"@;@2 699 237@;@29 188@;@12 071@;@12 071@;@12 071@;@@;@2 682 120@;@0@;@0@;@0,6@;@0@;@0,62
"5702318000"@;@431@;@12 075@;@@;@@;@@;@@;@431@;@@;@@;@0,3@;@@;@0,56
"6203120000"@;@209 972@;@7 770 522@;@8 988 907@;@10 116 984@;@8 928 932@;@1 850 320@;@7 348 559@;@1 128 077@;@209 972@;@1@;@209 972@;@1,83
"8418690001"@;@238 915@;@@;@@;@@;@@;@@;@238 915@;@@;@@;@0@;@@;@0,5
"2501003100"@;@3 801@;@@;@2 956 821@;@3 028 172@;@3 709 930@;@1 682 308@;@1 278 314@;@71 351@;@3 801@;@0,3@;@1 140,3@;@5,69
"1515501900"@;@14 773@;@77 069@;@@;@@;@@;@@;@14 773@;@@;@@;@0,3@;@@;@0,56
"8428202000"@;@3 440 407@;@@;@275 953@;@276 800@;@272 184@;@3 769@;@3 712 591@;@847@;@847@;@0,3@;@254,1@;@0,52
"8447120002"@;@285 612@;@@;@@;@@;@@;@@;@285 612@;@@;@@;@0@;@@;@0,5
"0712901100"@;@715 720@;@@;@@;@@;@@;@@;@715 720@;@@;@@;@0@;@@;@0,5
"2009815900"@;@423@;@@;@@;@@;@@;@@;@423@;@@;@@;@0,4@;@@;@0,58
"5514410000"@;@874 408@;@20 471@;@2 935@;@2 935@;@2 935@;@@;@856 872@;@0@;@0@;@0,6@;@0@;@0,63
"7326909203"@;@271@;@@;@384 427@;@387 690@;@383 874@;@3 822@;@380 876@;@3 263@;@271@;@0,3@;@81,3@;@3,67
"8705300005"@;@@;@@;@139 240@;@139 240@;@139 240@;@@;@139 240@;@0@;@@;@0,3@;@@;@
"7806008009"@;@449 175@;@@;@790@;@790@;@790@;@@;@449 965@;@0@;@0@;@0,3@;@0@;@0,56
"2710195100"@;@@;@@;@33 701 520@;@216 931 197@;@19 475 980@;@9 589 853@;@19 475 980@;@183 229 677@;@@;@0,3@;@@;@
"2917110000"@;@46 735@;@@;@@;@@;@@;@@;@46 735@;@@;@@;@0,4@;@@;@0,58
"2301200000"@;@22 012@;@55 440@;@10 436@;@10 436@;@10 436@;@@;@32 448@;@0@;@0@;@0,6@;@0@;@0,46
"2008605009"@;@74 236@;@5 445@;@@;@@;@@;@@;@74 236@;@@;@@;@0,3@;@@;@0,56
"9114300000"@;@7 764@;@@;@@;@@;@@;@@;@7 764@;@@;@@;@0@;@@;@0,5
"5513130000"@;@22 950@;@@;@@;@@;@@;@@;@22 950@;@@;@@;@0@;@@;@0,5
"7001009100"@;@@;@@;@1 855@;@1 855@;@1 855@;@@;@1 855@;@0@;@@;@0,3@;@@;@
"3920630000"@;@43 664@;@@;@@;@@;@@;@@;@43 664@;@@;@@;@0@;@@;@0,5
"8515801000"@;@2 539 212@;@9 264@;@@;@@;@@;@@;@2 539 212@;@@;@@;@0,3@;@@;@0,56
"8545110020"@;@2 118 288@;@@;@52 532@;@105 064@;@52 532@;@@;@2 170 820@;@52 532@;@52 532@;@0,3@;@15 759,6@;@0,56
"2401300000"@;@894 862@;@35 155@;@@;@@;@@;@@;@894 862@;@@;@@;@0,3@;@@;@0,56
"0406902900"@;@3 443@;@@;@@;@@;@@;@@;@3 443@;@@;@@;@0@;@@;@0,5
"2106909802"@;@130 119@;@@;@@;@@;@@;@@;@130 119@;@@;@@;@0@;@@;@0,5
"8537209100"@;@@;@@;@71 743 990@;@73 113 037@;@64 927 792@;@19 939 071@;@64 927 792@;@1 369 047@;@@;@0,3@;@@;@
"2903110000"@;@133 969@;@@;@@;@@;@@;@@;@133 969@;@@;@@;@0@;@@;@0,5
"8544429003"@;@11 782@;@@;@@;@@;@@;@@;@11 782@;@@;@@;@0@;@@;@0,5
"6213900000"@;@83 356@;@43 295@;@22 396@;@22 396@;@22 396@;@@;@62 457@;@0@;@0@;@1@;@0@;@0,87
"7010100000"@;@2 486 644@;@@;@@;@@;@@;@@;@2 486 644@;@@;@@;@0@;@@;@0,5
"6301909000"@;@8 260@;@51 389@;@137 571@;@155 903@;@156 225@;@39 211@;@106 620@;@18 332@;@8 260@;@1@;@8 260@;@0,9
"2003909000"@;@2 658@;@@;@35 935@;@35 935@;@35 935@;@@;@38 593@;@0@;@0@;@0,3@;@0@;@0,09
"5508201000"@;@184 952@;@@;@@;@@;@@;@@;@184 952@;@@;@@;@0@;@@;@0,5
"3810901000"@;@3 313 963@;@@;@6 419@;@7 407@;@6 419@;@@;@3 320 382@;@988@;@988@;@0,3@;@296,4@;@0,56
"2307001900"@;@72 187@;@@;@@;@@;@@;@@;@72 187@;@@;@@;@0@;@@;@0,5
"8441102000"@;@7 054 585@;@46 418@;@@;@@;@@;@@;@7 054 585@;@@;@@;@0,3@;@@;@0,56
"9405210031"@;@23 774@;@@;@@;@@;@@;@@;@23 774@;@@;@@;@0@;@@;@0,5
"9403601000"@;@4 898 926@;@873 334@;@14 381 555@;@15 380 734@;@10 296 747@;@4 744 042@;@14 536 439@;@999 179@;@999 179@;@1@;@999 179@;@0,43
"5208510000"@;@5 325@;@243 450@;@@;@@;@@;@@;@5 325@;@@;@@;@0,3@;@@;@0,56
"1511109002"@;@@;@10 386@;@@;@@;@@;@@;@0@;@@;@@;@0,3@;@@;@
"8456400000"@;@1 572 672@;@17 065@;@119@;@119@;@@;@119@;@1 555 607@;@0@;@0@;@0,6@;@0@;@0,63
"7304395800"@;@24 904@;@13 093@;@@;@@;@@;@@;@24 904@;@@;@@;@0,7@;@@;@0,64
"7225910000"@;@1 592 147@;@@;@@;@@;@@;@@;@1 592 147@;@@;@@;@0@;@@;@0,5
"8306210000"@;@263@;@@;@111 179@;@117 303@;@111 179@;@@;@111 442@;@6 124@;@263@;@0,7@;@184,1@;@7,13
"0704901008"@;@@;@@;@@;@@;@@;@@;@0@;@@;@@;@0,4@;@@;@
"2202901009"@;@@;@@;@3 601 171@;@3 601 171@;@2 021 142@;@1 604 998@;@2 021 142@;@0@;@@;@0,3@;@@;@
"6204591000"@;@183 922@;@1 481@;@2 162@;@2 162@;@2 162@;@@;@184 603@;@0@;@0@;@0,6@;@0@;@0,62
"8414308909"@;@522 532@;@5 697@;@356@;@356@;@356@;@@;@517 191@;@0@;@0@;@0,6@;@0@;@0,63
"8457200000"@;@15@;@@;@@;@@;@@;@@;@15@;@@;@@;@0@;@@;@0,5
"0207137000"@;@6 943@;@@;@@;@@;@@;@@;@6 943@;@@;@@;@0@;@@;@0,5
"6506999090"@;@101 746@;@70 727@;@3 181 340@;@3 558 495@;@3 055 254@;@283 024@;@3 000 062@;@377 155@;@101 746@;@0,6@;@61 047,6@;@1,25
"8466937000"@;@1 735 739@;@105 463@;@193 064@;@193 064@;@114 062@;@79 001@;@1 744 339@;@0@;@0@;@0,6@;@0@;@0,62
"8481808502"@;@6 242@;@@;@47 402@;@47 402@;@47 008@;@22 077@;@31 567@;@0@;@0@;@0,3@;@0@;@0,16
"8519899000"@;@73 495@;@@;@@;@@;@@;@@;@73 495@;@@;@@;@0@;@@;@0,5
"9603901000"@;@104 867@;@1 133@;@@;@@;@@;@@;@104 867@;@@;@@;@0,3@;@@;@0,56
"3824609900"@;@8@;@@;@5 425@;@5 425@;@5 425@;@@;@5 433@;@0@;@0@;@0,3@;@0@;@0,06
"2309101500"@;@1 972@;@@;@@;@@;@@;@@;@1 972@;@@;@@;@0@;@@;@0,5
"8481805990"@;@9 733 762@;@240 101@;@265 743@;@265 743@;@194 580@;@84 410@;@9 674 994@;@0@;@0@;@1@;@0@;@0,7
"2007109990"@;@258 740@;@@;@@;@@;@@;@@;@258 740@;@@;@@;@0@;@@;@0,5
"6211439000"@;@249 228@;@258 588@;@284 796@;@316 018@;@284 796@;@@;@534 024@;@31 222@;@31 222@;@1@;@31 222@;@0,47
"7207201700"@;@44 639 777@;@@;@@;@@;@@;@@;@44 639 777@;@@;@@;@0@;@@;@0,5
"8504108000"@;@126 720@;@6 163@;@30 302@;@30 302@;@30 302@;@@;@150 859@;@0@;@0@;@0,6@;@0@;@0,54
"8483508000"@;@8 277 789@;@38 057@;@316 177@;@316 457@;@316 177@;@@;@8 555 909@;@280@;@280@;@0,6@;@168@;@0,6
"0709200000"@;@48@;@@;@@;@@;@@;@@;@48@;@@;@@;@0@;@@;@0,5
"9201200000"@;@885 721@;@186 964@;@@;@@;@@;@@;@885 721@;@@;@@;@0,3@;@@;@0,56
"2903620000"@;@875@;@@;@@;@@;@@;@@;@875@;@@;@@;@0@;@@;@0,5
"8545110081"@;@456 121@;@@;@@;@@;@@;@@;@456 121@;@@;@@;@0@;@@;@0,5
"4808900000"@;@17 163@;@@;@9 226 998@;@18 739 478@;@1 293 361@;@104 776@;@9 139 385@;@9 512 480@;@17 163@;@0,3@;@5 148,9@;@100
"9030899001"@;@1 399@;@@;@@;@@;@@;@@;@1 399@;@@;@@;@0@;@@;@0,5
"0710900000"@;@85 567@;@13 382@;@@;@@;@@;@@;@85 567@;@@;@@;@0,3@;@@;@0,56
"3907210001"@;@170 678@;@150@;@@;@@;@@;@@;@170 678@;@@;@@;@0,3@;@@;@0,56
"9506510000"@;@234 269@;@@;@@;@@;@@;@@;@234 269@;@@;@@;@0@;@@;@0,5
"2835260000"@;@5 317 023@;@51 703@;@@;@@;@@;@@;@5 317 023@;@@;@@;@0,3@;@@;@0,56
"2009898900"@;@55 197@;@13 601@;@2 933 260@;@2 941 885@;@2 984 671@;@70 398@;@2 918 059@;@8 625@;@8 625@;@0,6@;@5 175@;@0,18
"1516109000"@;@45 250@;@@;@@;@@;@@;@@;@45 250@;@@;@@;@0@;@@;@0,5
"5205320006"@;@28 297@;@435 148@;@@;@@;@@;@@;@28 297@;@@;@@;@0,3@;@@;@0,56
"4011100003"@;@82 523 673@;@11 572 132@;@@;@@;@@;@@;@82 523 673@;@@;@@;@0,7@;@@;@0,64
"5703900000"@;@33 129@;@1 694@;@@;@@;@@;@@;@33 129@;@@;@@;@0,3@;@@;@0,56
"6203431100"@;@90 126@;@3 180 271@;@333 444@;@19 190 117@;@330 913@;@52 329@;@371 241@;@18 856 673@;@90 126@;@1@;@90 126@;@63,09
"2513100000"@;@424 544@;@399@;@@;@@;@@;@@;@424 544@;@@;@@;@0,3@;@@;@0,56
"3922100000"@;@2 528 116@;@1 190 161@;@3 872 310@;@4 262 461@;@2 970 060@;@619 497@;@5 780 929@;@390 151@;@390 151@;@1@;@390 151@;@0,46
"8304000000"@;@195 194@;@15@;@747 026@;@892 745@;@727 946@;@81 614@;@860 606@;@145 719@;@145 719@;@1@;@145 719@;@0,54
"1604191000"@;@163 496@;@@;@@;@@;@@;@@;@163 496@;@@;@@;@0@;@@;@0,5
"4817100000"@;@789 042@;@2 263@;@935 067@;@982 901@;@928 311@;@6 756@;@1 717 353@;@47 834@;@47 834@;@1@;@47 834@;@0,45
"3004100005"@;@8 119 210@;@211@;@1 766 798@;@1 968 073@;@2 024 899@;@291 346@;@9 594 451@;@201 275@;@201 275@;@1@;@201 275@;@0,63
"0806201000"@;@426 575@;@3 938 861@;@@;@@;@@;@@;@426 575@;@@;@@;@0,3@;@@;@0,56
"1522003100"@;@@;@@;@1 986 343@;@2 080 745@;@1 856 095@;@217 981@;@1 856 095@;@94 402@;@@;@0,3@;@@;@
"0807190000"@;@12 063@;@19 763 906@;@@;@@;@@;@@;@12 063@;@@;@@;@0,3@;@@;@0,56
"3917291500"@;@@;@@;@41 966@;@41 966@;@41 966@;@@;@41 966@;@0@;@@;@0,3@;@@;@
"4414100000"@;@4 424@;@29@;@@;@@;@@;@@;@4 424@;@@;@@;@0,3@;@@;@0,56
"2711190000"@;@17 007 629@;@2 934@;@2 773 814@;@2 773 814@;@2 831 435@;@6 382@;@19 772 127@;@0@;@0@;@0,6@;@0@;@0,55
"404902900"@;@@;@@;@2 863 978@;@3 054 580@;@2 558 516@;@305 462@;@2 558 516@;@190 602@;@@;@0,3@;@@;@
"3402209000"@;@@;@@;@10 803 529@;@11 252 240@;@10 161 338@;@1 223 855@;@10 161 338@;@448 711@;@@;@0,3@;@@;@
"5211410000"@;@46 232@;@@;@@;@@;@@;@@;@46 232@;@@;@@;@0@;@@;@0,5
"4806409000"@;@60 706@;@@;@@;@@;@@;@@;@60 706@;@@;@@;@0@;@@;@0,5
"3825610000"@;@435@;@@;@114 742@;@114 742@;@114 742@;@@;@115 177@;@0@;@0@;@0,3@;@0@;@0,06
"6005901000"@;@385@;@@;@210 646@;@243 413@;@210 646@;@@;@211 031@;@32 767@;@385@;@0,3@;@115,5@;@25,59
"8430500009"@;@768 650@;@350 000@;@@;@@;@@;@@;@768 650@;@@;@@;@0,3@;@@;@0,56
"6807100001"@;@5 545 635@;@468 610@;@4 332 854@;@5 932 193@;@4 249 902@;@209 936@;@9 199 943@;@1 599 339@;@1 599 339@;@1@;@1 599 339@;@0,59
"2840199000"@;@2 622 637@;@@;@@;@@;@@;@@;@2 622 637@;@@;@@;@0,4@;@@;@0,58
"2933610000"@;@2 567 483@;@@;@@;@@;@@;@@;@2 567 483@;@@;@@;@0@;@@;@0,5
"3921901000"@;@2 103 341@;@@;@24 088 570@;@24 429 790@;@18 358 475@;@6 062 112@;@20 129 799@;@341 220@;@341 220@;@0,3@;@102 366@;@0,16
"8501510000"@;@@;@@;@176 778@;@180 659@;@160 510@;@16 268@;@160 510@;@3 881@;@@;@0,3@;@@;@
"7202495000"@;@533 934@;@@;@790@;@790@;@790@;@@;@534 724@;@0@;@0@;@0,3@;@0@;@0,56
"8433205000"@;@1 379 422@;@77 411@;@20 074@;@20 074@;@20 074@;@81 688@;@1 240 397@;@0@;@0@;@0,6@;@0@;@0,68
"2306909000"@;@673 760@;@@;@977 645@;@977 645@;@911 273@;@91 561@;@1 559 844@;@0@;@0@;@0,3@;@0@;@0,28
"8413705900"@;@5 542 881@;@30 190@;@795 894@;@803 613@;@795 894@;@5 767@;@6 302 818@;@7 719@;@7 719@;@1@;@7 719@;@0,64
"6106909000"@;@10 352@;@@;@7 425 240@;@7 578 355@;@7 425 240@;@4 503@;@7 431 089@;@153 115@;@10 352@;@0,3@;@3 105,6@;@4,5
"8458112000"@;@3 610 477@;@99 331@;@@;@@;@@;@@;@3 610 477@;@@;@@;@0,3@;@@;@0,56
"2903130000"@;@17 818@;@@;@@;@@;@@;@@;@17 818@;@@;@@;@0,4@;@@;@0,58
"5206120008"@;@27 334@;@64 469@;@@;@@;@@;@@;@27 334@;@@;@@;@0,3@;@@;@0,56
"0308902000"@;@344@;@@;@@;@@;@@;@@;@344@;@@;@@;@0@;@@;@0,5
"5810929000"@;@901 265@;@@;@119 892@;@141 492@;@91 334@;@30 143@;@991 014@;@21 600@;@21 600@;@0,3@;@6 480@;@0,52
"5802200000"@;@1 516@;@28 799@;@449 008@;@449 008@;@440 972@;@8 036@;@442 488@;@0@;@0@;@0,6@;@0@;@0,12
"2004101000"@;@7 691 930@;@70 521@;@861 146@;@861 146@;@713 691@;@39 469@;@8 443 086@;@0@;@0@;@0,6@;@0@;@0,58
"8412808000"@;@127 604@;@54 773@;@@;@@;@@;@@;@127 604@;@@;@@;@0,3@;@@;@0,56
"8525899900"@;@1 600 318@;@130 948@;@@;@@;@@;@@;@1 600 318@;@@;@@;@0,3@;@@;@0,56
"2004909800"@;@116 233@;@@;@731 422@;@733 973@;@731 422@;@@;@847 655@;@2 551@;@2 551@;@0,3@;@765,3@;@0,14
"8418290000"@;@116 776@;@744@;@7 332 614@;@7 939 755@;@9 875 316@;@414 820@;@7 034 570@;@607 141@;@116 776@;@0,6@;@70 065,6@;@1,69
"6301309000"@;@131 496@;@172 785@;@20 655@;@20 655@;@20 655@;@1 020@;@151 131@;@0@;@0@;@1@;@0@;@0,64
"9013800000"@;@1 221 341@;@100@;@@;@@;@@;@@;@1 221 341@;@@;@@;@0,3@;@@;@0,56
"5515919000"@;@20 296@;@@;@@;@@;@@;@@;@20 296@;@@;@@;@0@;@@;@0,5
"9017201000"@;@323 316@;@39@;@@;@@;@@;@@;@323 316@;@@;@@;@0,3@;@@;@0,56
"203111009"@;@@;@@;@3 871@;@3 871@;@3 871@;@@;@3 871@;@0@;@@;@0,3@;@@;@
"5404190000"@;@529 594@;@6 694@;@@;@@;@@;@@;@529 594@;@@;@@;@0,3@;@@;@0,56
"2309103900"@;@@;@@;@60 319@;@60 319@;@58 657@;@1 662@;@58 657@;@0@;@@;@0,3@;@@;@
"8536490000"@;@9 294 742@;@166 092@;@8 216@;@8 216@;@8 216@;@@;@9 136 866@;@0@;@0@;@0,6@;@0@;@0,63
"8424900009"@;@@;@@;@@;@@;@@;@@;@0@;@@;@@;@0,4@;@@;@
"8483102509"@;@1 212 522@;@11 895@;@11 746@;@12 133@;@11 746@;@@;@1 212 373@;@387@;@387@;@0,6@;@232,2@;@0,62
"2805303000"@;@444 003@;@@;@@;@@;@@;@@;@444 003@;@@;@@;@0@;@@;@0,5
"6103390000"@;@104 080@;@26 914@;@12 166@;@12 166@;@12 166@;@@;@89 332@;@0@;@0@;@1@;@0@;@0,78
"8501320008"@;@1 274 011@;@1 183@;@733 133@;@1 033 681@;@733 133@;@@;@2 005 961@;@300 548@;@300 548@;@1@;@300 548@;@0,59
"9405500000"@;@185 159@;@740@;@@;@@;@@;@@;@185 159@;@@;@@;@0,3@;@@;@0,56
"2501009900"@;@472 790@;@397 892@;@704 030@;@784 715@;@676 794@;@31 465@;@1 145 355@;@80 685@;@80 685@;@1@;@80 685@;@0,46
"8460199000"@;@718 156@;@1 400@;@@;@@;@@;@@;@718 156@;@@;@@;@0,3@;@@;@0,56
"9010500000"@;@95 136@;@782@;@2 729@;@2 729@;@2 560@;@874@;@96 209@;@0@;@0@;@1@;@0@;@0,69
"3405909000"@;@655 365@;@3 269@;@@;@@;@@;@@;@655 365@;@@;@@;@0,3@;@@;@0,56
"0802991000"@;@1 479@;@575@;@@;@@;@@;@@;@1 479@;@@;@@;@0,3@;@@;@0,56
"7306611009"@;@@;@@;@@;@@;@@;@@;@0@;@@;@@;@0,4@;@@;@
"8450111900"@;@18 161@;@@;@828 768@;@839 324@;@736 159@;@247 737@;@599 192@;@10 556@;@10 556@;@0,3@;@3 166,8@;@0,25
"1008300000"@;@9 272@;@@;@@;@@;@@;@@;@9 272@;@@;@@;@0@;@@;@0,5
"1701149035"@;@15 172@;@@;@@;@@;@@;@@;@15 172@;@@;@@;@0@;@@;@0,5
"9018903000"@;@7 143 775@;@11 453@;@12 623@;@14 033@;@12 746@;@@;@7 144 945@;@1 410@;@1 410@;@0,6@;@846@;@0,62
"8414302005"@;@9 003 032@;@@;@@;@@;@@;@@;@9 003 032@;@@;@@;@0@;@@;@0,5
"2103100000"@;@848 127@;@138@;@231 654@;@280 999@;@207 342@;@27 415@;@1 052 228@;@49 345@;@49 345@;@0,6@;@29 607@;@0,54
"8404100000"@;@2 433 481@;@@;@18 859@;@18 859@;@11 467@;@50 459@;@2 401 881@;@0@;@0@;@0,7@;@0@;@0,65
"5212219000"@;@@;@@;@3 132 012@;@3 575 822@;@2 868 879@;@263 133@;@2 868 879@;@443 810@;@@;@0,7@;@@;@
"8448330000"@;@1 692 052@;@53 455@;@@;@@;@@;@@;@1 692 052@;@@;@@;@0,3@;@@;@0,56
"8703800009"@;@224 735 625@;@295 551@;@@;@@;@@;@@;@224 735 625@;@@;@@;@0,3@;@@;@0,56
"6302400000"@;@48 960@;@22 442@;@7 991 431@;@8 041 859@;@4 340 225@;@1 241 648@;@6 798 743@;@50 428@;@48 960@;@1@;@48 960@;@0,51
"6305339001"@;@@;@@;@230 104@;@230 104@;@217 652@;@41 271@;@217 652@;@0@;@@;@0,3@;@@;@
"5205240002"@;@@;@61 524 328@;@@;@@;@@;@@;@0@;@@;@@;@0,3@;@@;@
"4401390000"@;@8 086@;@@;@75@;@75@;@@;@75@;@8 086@;@0@;@0@;@0,3@;@0@;@0,56
"8528629009"@;@291 395@;@819@;@@;@@;@@;@@;@291 395@;@@;@@;@0,3@;@@;@0,56
"9029203109"@;@180 986@;@9 607@;@@;@@;@@;@@;@180 986@;@@;@@;@0,3@;@@;@0,56
"2914620000"@;@55 166@;@@;@@;@@;@@;@@;@55 166@;@@;@@;@0@;@@;@0,5
"9508290000"@;@3 211 401@;@182 680@;@514@;@514@;@514@;@@;@3 029 235@;@0@;@0@;@1@;@0@;@0,73
"0801120000"@;@3 474@;@@;@@;@@;@@;@@;@3 474@;@@;@@;@0@;@@;@0,5
"8456301101"@;@36 365@;@@;@@;@@;@@;@@;@36 365@;@@;@@;@0@;@@;@0,5
"8509900000"@;@3 066 179@;@41@;@@;@@;@@;@@;@3 066 179@;@@;@@;@0,3@;@@;@0,56
"8701931000"@;@55 591 777@;@1 193 496@;@6 667 425@;@6 667 425@;@3 735 947@;@4 515 933@;@56 549 773@;@0@;@0@;@0,6@;@0@;@0,61
"9033000000"@;@2 502 586@;@21 540@;@@;@@;@@;@@;@2 502 586@;@@;@@;@0,3@;@@;@0,56
"8538901100"@;@@;@@;@6 973 172@;@7 445 929@;@6 647 721@;@325 451@;@6 647 721@;@472 757@;@@;@0,3@;@@;@
"9603909100"@;@1 435 067@;@8 887@;@105 787@;@111 321@;@105 577@;@210@;@1 531 757@;@5 534@;@5 534@;@1@;@5 534@;@0,67
"0403201100"@;@243 220@;@37@;@@;@@;@@;@@;@243 220@;@@;@@;@0,3@;@@;@0,56
"1101001501"@;@121 816 854@;@17 078 159@;@6 665 579@;@17 722 344@;@4 359 931@;@1 390 272@;@110 014 002@;@11 056 765@;@11 056 765@;@0,6@;@6 634 059@;@0,7
"3923509000"@;@7 652 624@;@1 752 381@;@5 352 434@;@5 820 572@;@4 931 906@;@756 312@;@10 496 365@;@468 138@;@468 138@;@1@;@468 138@;@0,58
"6305331009"@;@771 978@;@1 424 872@;@6 312 384@;@6 312 384@;@5 846 277@;@934 732@;@6 149 630@;@0@;@0@;@1@;@0@;@0,26
"7019900009"@;@@;@@;@142 171@;@182 261@;@142 171@;@@;@142 171@;@40 090@;@@;@0,3@;@@;@
"403905900"@;@@;@@;@519 626@;@547 487@;@511 726@;@3 160@;@511 726@;@27 861@;@@;@0,3@;@@;@
"4410190009"@;@@;@@;@804 168@;@804 168@;@804 168@;@@;@804 168@;@0@;@@;@0,3@;@@;@
"6204530000"@;@2 191 632@;@105 001@;@32 139@;@160 695@;@14 284@;@17 855@;@2 100 915@;@128 556@;@128 556@;@0,6@;@77 133,6@;@0,66
"8302500000"@;@2 176 863@;@13 958@;@31 680@;@31 680@;@31 680@;@@;@2 194 585@;@0@;@0@;@1@;@0@;@0,7
"4016999708"@;@6 576 565@;@161 533@;@162 923@;@176 511@;@142 541@;@20 382@;@6 557 573@;@13 588@;@13 588@;@1@;@13 588@;@0,7
"9020000009"@;@@;@@;@@;@@;@@;@@;@0@;@@;@@;@0,4@;@@;@
"5607902000"@;@33 458@;@41@;@@;@@;@@;@@;@33 458@;@@;@@;@0,3@;@@;@0,56
"9101110000"@;@4 357@;@@;@@;@@;@@;@@;@4 357@;@@;@@;@0@;@@;@0,5
"8708913000"@;@@;@@;@90 977@;@90 977@;@90 977@;@@;@90 977@;@0@;@@;@0,3@;@@;@
"8415200009"@;@443 134@;@1 000@;@3 333 130@;@3 408 858@;@3 333 130@;@@;@3 776 264@;@75 728@;@75 728@;@0,6@;@45 436,8@;@0,23
"1507101000"@;@@;@@;@53 927@;@53 927@;@51 327@;@2 599@;@51 327@;@0@;@@;@0,3@;@@;@
"2834298000"@;@1 031 753@;@158 774@;@@;@@;@@;@@;@1 031 753@;@@;@@;@0,7@;@@;@0,64
"3301259000"@;@3 433@;@@;@@;@@;@@;@@;@3 433@;@@;@@;@0@;@@;@0,5
"4302304570"@;@@;@@;@4 939@;@4 939@;@@;@4 939@;@0@;@0@;@@;@0,3@;@@;@
"7010906700"@;@25 200@;@@;@@;@@;@@;@@;@25 200@;@@;@@;@0@;@@;@0,5
"8465960000"@;@389 343@;@18 075@;@4 772@;@4 772@;@4 772@;@@;@376 040@;@0@;@0@;@0,6@;@0@;@0,64
"2601110000"@;@21 738@;@2@;@1 015 534@;@1 018 505@;@1 015 534@;@@;@1 037 272@;@2 971@;@2 971@;@0,6@;@1 782,6@;@0,17
"0704901002"@;@@;@@;@@;@@;@@;@@;@0@;@@;@@;@0,4@;@@;@
"8543300000"@;@7 470 130@;@458@;@35 057@;@35 057@;@35 057@;@@;@7 504 729@;@0@;@0@;@0,6@;@0@;@0,62
"4804591000"@;@56 510@;@@;@@;@@;@@;@@;@56 510@;@@;@@;@0@;@@;@0,5
"4302198030"@;@@;@@;@19 193@;@38 386@;@19 193@;@@;@19 193@;@19 193@;@@;@0,3@;@@;@
"7616999000"@;@@;@@;@@;@@;@@;@@;@0@;@@;@@;@0,4@;@@;@
"7314419000"@;@@;@@;@236 354@;@239 394@;@159 795@;@76 559@;@159 795@;@3 040@;@@;@0,3@;@@;@
"1302310000"@;@534 422@;@@;@@;@@;@@;@@;@534 422@;@@;@@;@0@;@@;@0,5
"2909440000"@;@192 104@;@@;@@;@@;@@;@@;@192 104@;@@;@@;@0@;@@;@0,5
"3402420000"@;@4 158 537@;@97 261@;@33 735@;@33 904@;@33 735@;@6 854@;@4 088 157@;@169@;@169@;@1@;@169@;@0,71
"2912420000"@;@11 141@;@@;@@;@@;@@;@@;@11 141@;@@;@@;@0@;@@;@0,5
"8535309008"@;@8 791 979@;@15 046@;@214 270@;@335 581@;@214 270@;@@;@8 991 203@;@121 311@;@121 311@;@0,6@;@72 786,6@;@0,61
"2921410000"@;@736@;@@;@@;@@;@@;@@;@736@;@@;@@;@0@;@@;@0,5
"5212249000"@;@7 697@;@28 751@;@@;@@;@@;@@;@7 697@;@@;@@;@0,3@;@@;@0,56
"1904209900"@;@687 574@;@112 080@;@330 392@;@330 392@;@237 008@;@93 384@;@812 502@;@0@;@0@;@0,6@;@0@;@0,54
"7218911000"@;@15 701@;@@;@@;@@;@@;@@;@15 701@;@@;@@;@0@;@@;@0,5
"8703407099"@;@86 600@;@@;@@;@@;@@;@@;@86 600@;@@;@@;@0@;@@;@0,5
"8716109200"@;@6 190@;@@;@@;@@;@@;@@;@6 190@;@@;@@;@0,4@;@@;@0,58
"8415109000"@;@36 729 970@;@9 701 111@;@135 859 584@;@168 771 578@;@130 273 409@;@1 232 644@;@171 356 910@;@32 911 994@;@32 911 994@;@1@;@32 911 994@;@0,58
"8477809500"@;@2 693 987@;@75 275@;@@;@@;@@;@@;@2 693 987@;@@;@@;@0,3@;@@;@0,56
"3917290009"@;@@;@@;@@;@@;@@;@@;@0@;@@;@@;@0,4@;@@;@
"8463101000"@;@8 587 044@;@15 173@;@@;@@;@@;@@;@8 587 044@;@@;@@;@0,3@;@@;@0,56
"2835220000"@;@51 881@;@@;@@;@@;@@;@@;@51 881@;@@;@@;@0,4@;@@;@0,58
"2827398500"@;@208 289@;@103 183@;@@;@@;@@;@@;@208 289@;@@;@@;@0,7@;@@;@0,64
"8414302002"@;@@;@@;@948@;@948@;@948@;@@;@948@;@0@;@@;@0,3@;@@;@
"1605290000"@;@717 681@;@@;@@;@@;@@;@@;@717 681@;@@;@@;@0@;@@;@0,5
"1104196900"@;@8 978@;@@;@@;@@;@@;@@;@8 978@;@@;@@;@0@;@@;@0,5
"0210993900"@;@118 761@;@@;@@;@@;@@;@@;@118 761@;@@;@@;@0@;@@;@0,5
"8474310000"@;@@;@@;@1 983@;@1 983@;@1 983@;@@;@1 983@;@0@;@@;@0,3@;@@;@
"8524120090"@;@57 563@;@@;@@;@@;@@;@@;@57 563@;@@;@@;@0@;@@;@0,5
"1301900000"@;@271 298@;@1 742 228@;@@;@@;@@;@@;@271 298@;@@;@@;@0,3@;@@;@0,56
"406102001"@;@@;@@;@877 897@;@934 212@;@798 896@;@7 900@;@798 896@;@56 315@;@@;@0,3@;@@;@
"8903931000"@;@48 627@;@38 056@;@@;@@;@@;@@;@48 627@;@@;@@;@0,3@;@@;@0,56
"9406909009"@;@1 810 055@;@463 988@;@5 675 334@;@5 675 334@;@5 675 334@;@@;@7 485 389@;@0@;@0@;@1@;@0@;@0,32
"0901220009"@;@41 329@;@@;@@;@@;@@;@@;@41 329@;@@;@@;@0@;@@;@0,5
"9405190015"@;@38 787@;@@;@@;@@;@@;@@;@38 787@;@@;@@;@0@;@@;@0,5
"402913100"@;@@;@@;@4 898@;@4 898@;@4 898@;@@;@4 898@;@0@;@@;@0,3@;@@;@
"3909509000"@;@16 481 141@;@569 104@;@5 181 991@;@5 198 025@;@5 181 991@;@116 144@;@20 977 884@;@16 034@;@16 034@;@1@;@16 034@;@0,59
"4011100009"@;@31 694 955@;@1 300 892@;@@;@@;@@;@@;@31 694 955@;@@;@@;@0,7@;@@;@0,64
"4016999100"@;@1 948 914@;@1 530@;@228 830@;@261 012@;@228 830@;@@;@2 176 214@;@32 182@;@32 182@;@0,6@;@19 309,2@;@0,57
"8524120019"@;@870@;@@;@@;@@;@@;@@;@870@;@@;@@;@0@;@@;@0,5
"4016995701"@;@3 556 914@;@26 362@;@17 301@;@17 301@;@17 301@;@@;@3 547 853@;@0@;@0@;@1@;@0@;@0,7
"8536201001"@;@@;@@;@41 032@;@41 032@;@39 831@;@36 293@;@39 831@;@0@;@@;@0,3@;@@;@
"0106398010"@;@@;@469@;@@;@@;@@;@@;@0@;@@;@@;@0,3@;@@;@
"2204301000"@;@@;@22 271@;@2 136 909@;@2 145 608@;@293 901@;@1 843 007@;@293 902@;@8 699@;@@;@0,6@;@@;@
"8456908000"@;@@;@@;@27 504@;@39 292@;@27 504@;@@;@27 504@;@11 788@;@@;@0,3@;@@;@
"7102100000"@;@@;@@;@4 499@;@4 499@;@4 499@;@@;@4 499@;@0@;@@;@0,3@;@@;@
"7413000004"@;@@;@@;@@;@@;@@;@@;@0@;@@;@@;@0,4@;@@;@
"5903109009"@;@4 846 781@;@87 465@;@933 272@;@1 105 764@;@581 195@;@752 472@;@4 940 116@;@172 492@;@172 492@;@1@;@172 492@;@0,7
"1513299002"@;@200 419@;@@;@@;@@;@@;@@;@200 419@;@@;@@;@0@;@@;@0,5
"8401200000"@;@32 506@;@@;@@;@@;@@;@@;@32 506@;@@;@@;@0@;@@;@0,5
"7415390000"@;@464 983@;@347 490@;@14 620@;@17 883@;@14 067@;@553@;@131 560@;@3 263@;@3 263@;@0,6@;@1 957,8@;@1,89
"4302197500"@;@98 958@;@128 227@;@1 843 904@;@1 847 686@;@87 347@;@1 771 116@;@171 746@;@3 782@;@3 782@;@0,6@;@2 269,2@;@0,42
"8465101000"@;@289 403@;@1 058@;@11 898@;@11 898@;@11 898@;@@;@300 243@;@0@;@0@;@0,6@;@0@;@0,6
"7411219000"@;@71 022@;@@;@@;@@;@@;@@;@71 022@;@@;@@;@0@;@@;@0,5
"7321820000"@;@23 756@;@2 380@;@5 576@;@5 576@;@17 612@;@7 317@;@19 635@;@0@;@0@;@0,6@;@0@;@0,72
"8535100000"@;@124 690@;@100 511@;@635 879@;@664 313@;@635 879@;@141 266@;@619 303@;@28 434@;@28 434@;@1@;@28 434@;@0,37
"1704901000"@;@@;@@;@1 173 513@;@1 189 365@;@1 156 528@;@16 985@;@1 156 528@;@15 852@;@@;@0,3@;@@;@
"7603200000"@;@2 806 707@;@@;@@;@@;@@;@@;@2 806 707@;@@;@@;@0@;@@;@0,5
"7304499500"@;@440 787@;@200@;@@;@@;@@;@@;@440 787@;@@;@@;@0,3@;@@;@0,56
"6302392000"@;@@;@@;@386 814@;@386 814@;@386 814@;@@;@386 814@;@0@;@@;@0,3@;@@;@
"1515600000"@;@17 400@;@@;@380 467@;@385 361@;@231 649@;@626 894@;@231 649@;@4 894@;@4 894@;@0,3@;@1 468,2@;@0,18
"8517610008"@;@169 082 706@;@5 256 041@;@@;@@;@@;@@;@169 082 706@;@@;@@;@0,3@;@@;@0,56
"8451500000"@;@7 211 029@;@1 669@;@@;@@;@@;@@;@7 211 029@;@@;@@;@0,3@;@@;@0,56
"2204218400"@;@26 112@;@@;@@;@@;@@;@@;@26 112@;@@;@@;@0@;@@;@0,5
"5601300000"@;@4 573@;@@;@84 429 246@;@127 013 158@;@64 719 464@;@19 650 086@;@64 783 733@;@42 583 912@;@4 573@;@0,3@;@1 371,9@;@100
"7007111001"@;@294 156@;@800@;@98 956@;@98 956@;@98 857@;@24 641@;@367 671@;@0@;@0@;@0,6@;@0@;@0,52
"0712320000"@;@6 265@;@@;@@;@@;@@;@@;@6 265@;@@;@@;@0@;@@;@0,5
"5007204100"@;@@;@@;@244 196@;@244 196@;@244 196@;@60 078@;@244 196@;@0@;@@;@0,3@;@@;@
"3006700000"@;@1 338 344@;@46@;@7 581@;@7 581@;@7 581@;@@;@1 345 879@;@0@;@0@;@1@;@0@;@0,7
"7217209000"@;@1 557 012@;@77 593@;@531 487@;@531 487@;@531 487@;@@;@2 010 906@;@0@;@0@;@0,6@;@0@;@0,51
"3919909000"@;@@;@@;@31 325@;@31 325@;@31 325@;@@;@31 325@;@0@;@@;@0,3@;@@;@
"6310100002"@;@42@;@@;@@;@@;@@;@@;@42@;@@;@@;@0@;@@;@0,5
"8414308109"@;@2 838 029@;@105 365@;@63@;@63@;@63@;@@;@2 732 727@;@0@;@0@;@0,6@;@0@;@0,64
"5111909100"@;@1 337@;@@;@@;@@;@@;@@;@1 337@;@@;@@;@0@;@@;@0,5
"4002800000"@;@1 947 842@;@@;@@;@@;@@;@@;@1 947 842@;@@;@@;@0@;@@;@0,5
"9110900000"@;@3 808@;@@;@@;@@;@@;@@;@3 808@;@@;@@;@0@;@@;@0,5
"3808998000"@;@3 154 976@;@173 161@;@@;@@;@@;@@;@3 154 976@;@@;@@;@0,7@;@@;@0,64
"4302110090"@;@17 171@;@@;@@;@@;@@;@@;@17 171@;@@;@@;@0@;@@;@0,5
"0206490009"@;@35 461@;@@;@@;@@;@@;@@;@35 461@;@@;@@;@0@;@@;@0,5
"8702101199"@;@1 737 202@;@35 804 087@;@45 089 421@;@55 440 276@;@18 093 480@;@26 995 941@;@19 830 682@;@10 350 855@;@1 737 202@;@1@;@1 737 202@;@2,03
"3105300000"@;@32 964 556@;@34 625 797@;@@;@@;@@;@@;@32 964 556@;@@;@@;@0,3@;@@;@0,56
"6204599000"@;@215 836@;@3 391@;@12 328@;@24 656@;@12 973@;@5 391@;@219 382@;@12 328@;@12 328@;@0,6@;@7 396,8@;@0,63
"0709601003"@;@@;@@;@@;@@;@@;@@;@0@;@@;@@;@0,4@;@@;@
"4601291000"@;@3 101@;@@;@@;@@;@@;@@;@3 101@;@@;@@;@0@;@@;@0,5
"2902190000"@;@992 101@;@@;@@;@@;@@;@@;@992 101@;@@;@@;@0@;@@;@0,5
"7222203100"@;@117 371@;@@;@790@;@2 765@;@790@;@@;@118 161@;@1 975@;@1 975@;@0,3@;@592,5@;@0,56
"5804109000"@;@2 850 867@;@6 999@;@90 180@;@90 180@;@43 570@;@50 719@;@2 883 329@;@0@;@0@;@1@;@0@;@0,69
"3815110000"@;@5 339 214@;@60 567@;@363 138@;@384 803@;@363 138@;@47 554@;@5 594 231@;@21 665@;@21 665@;@0,6@;@12 999@;@0,6
"2204214300"@;@18 998@;@@;@@;@@;@@;@@;@18 998@;@@;@@;@0@;@@;@0,5
"8506109100"@;@51 738@;@80 082@;@@;@@;@@;@@;@51 738@;@@;@@;@0,3@;@@;@0,56
"2840300000"@;@8 911@;@@;@@;@@;@@;@@;@8 911@;@@;@@;@0@;@@;@0,5
"8211930000"@;@507 374@;@32@;@@;@@;@@;@@;@507 374@;@@;@@;@0,3@;@@;@0,56
"405901000"@;@@;@@;@401 838@;@570 120@;@372 480@;@33 751@;@372 480@;@168 282@;@@;@0,3@;@@;@
"7002201000"@;@496@;@@;@@;@@;@@;@@;@496@;@@;@@;@0@;@@;@0,5
"2009509008"@;@31 722@;@36 522@;@@;@@;@@;@@;@31 722@;@@;@@;@0,3@;@@;@0,56
"2009902908"@;@25 897@;@2 771@;@@;@@;@@;@@;@25 897@;@@;@@;@0,3@;@@;@0,56
"3004400001"@;@@;@@;@349 376@;@366 744@;@333 879@;@15 681@;@333 879@;@17 368@;@@;@0,3@;@@;@
"9607201000"@;@696 526@;@4 227@;@@;@@;@@;@@;@696 526@;@@;@@;@0,3@;@@;@0,56
"2514000000"@;@2 562@;@2@;@@;@@;@@;@@;@2 562@;@@;@@;@0,3@;@@;@0,56
"3905999090"@;@214 303@;@81 820@;@@;@@;@@;@@;@214 303@;@@;@@;@0,3@;@@;@0,56
"9506310000"@;@49@;@@;@705 767@;@1 109 690@;@272 816@;@432 951@;@272 865@;@403 923@;@49@;@0,3@;@14,7@;@100
"3401110009"@;@677 207@;@74 021@;@284 584@;@285 118@;@406 415@;@234 401@;@653 369@;@534@;@534@;@0,6@;@320,4@;@0,64
"7304240009"@;@16 525@;@@;@@;@@;@@;@@;@16 525@;@@;@@;@0@;@@;@0,5
"0106310090"@;@66@;@383@;@@;@@;@@;@@;@66@;@@;@@;@0,3@;@@;@0,56
"2009315101"@;@@;@@;@6 842 615@;@6 842 615@;@10 028 314@;@590 396@;@10 028 314@;@0@;@@;@0,3@;@@;@
"3812310000"@;@11 850@;@@;@60 880@;@114 150@;@60 880@;@@;@72 730@;@53 270@;@11 850@;@0,3@;@3 555@;@1,49
"0403909900"@;@534 762@;@@;@@;@@;@@;@@;@534 762@;@@;@@;@0,4@;@@;@0,58
"8524990019"@;@18 150@;@@;@@;@@;@@;@@;@18 150@;@@;@@;@0@;@@;@0,5
"7321890000"@;@246 553@;@752 598@;@97 274@;@98 224@;@56 168@;@294 129@;@49 698@;@950@;@950@;@1@;@950@;@2,68
"0706100009"@;@@;@825 483@;@@;@@;@@;@@;@0@;@@;@@;@0,3@;@@;@
"2009311900"@;@1 141@;@@;@18 566@;@18 566@;@18 566@;@@;@19 707@;@0@;@0@;@0,3@;@0@;@0,09
"4804119000"@;@688 331@;@15 519@;@10 443 339@;@10 443 339@;@9 708 235@;@1 680 606@;@9 451 064@;@0@;@0@;@0,6@;@0@;@0,16
"1507909001"@;@@;@273 607@;@@;@@;@@;@@;@0@;@@;@@;@0,3@;@@;@
"5208130000"@;@2 511@;@756 886@;@138 252@;@138 252@;@138 252@;@@;@140 763@;@0@;@0@;@1@;@0@;@0,21
"2501005100"@;@58 295@;@461 227@;@741 914@;@780 493@;@648 756@;@282 624@;@517 585@;@38 579@;@38 579@;@1@;@38 579@;@0,45
"9005900000"@;@65@;@@;@@;@@;@@;@@;@65@;@@;@@;@0@;@@;@0,5
"9405490011"@;@18 145@;@@;@@;@@;@@;@@;@18 145@;@@;@@;@0@;@@;@0,5
"0906190000"@;@13 986@;@@;@@;@@;@@;@@;@13 986@;@@;@@;@0@;@@;@0,5
"8517693900"@;@25 746@;@@;@@;@@;@@;@@;@25 746@;@@;@@;@0@;@@;@0,5
"8507208001"@;@339 646@;@@;@@;@@;@@;@@;@339 646@;@@;@@;@0@;@@;@0,5
"9405420029"@;@543 998@;@@;@3 658@;@3 658@;@3 658@;@@;@547 656@;@0@;@0@;@0,7@;@0@;@0,64
"9207901000"@;@93 053@;@@;@@;@@;@@;@@;@93 053@;@@;@@;@0@;@@;@0,5
"8428700009"@;@2 492 176@;@@;@@;@@;@@;@@;@2 492 176@;@@;@@;@0@;@@;@0,5
"8507800001"@;@1 000 215@;@5 229@;@@;@@;@@;@@;@1 000 215@;@@;@@;@0,3@;@@;@0,56
"0511998523"@;@4 441@;@@;@@;@@;@@;@@;@4 441@;@@;@@;@0@;@@;@0,5
"4010340000"@;@108 697@;@6 246@;@23 033@;@23 033@;@23 033@;@@;@125 484@;@0@;@0@;@1@;@0@;@0,63
"7210300000"@;@2 050 193@;@@;@@;@@;@@;@@;@2 050 193@;@@;@@;@0@;@@;@0,5
"6115961000"@;@17 292@;@@;@458 971@;@526 495@;@458 971@;@102 525@;@373 738@;@67 524@;@17 292@;@0,3@;@5 187,6@;@1,25
"1806903900"@;@5 328 572@;@134 522@;@947 788@;@986 296@;@937 588@;@20 056@;@6 121 782@;@38 508@;@38 508@;@0,6@;@23 104,8@;@0,56
"2309101900"@;@1 165@;@@;@@;@@;@@;@@;@1 165@;@@;@@;@0@;@@;@0,5
"4016950000"@;@657 022@;@34 271@;@1 353 056@;@1 353 056@;@1 153 351@;@75 051@;@1 935 027@;@0@;@0@;@0,6@;@0@;@0,29
"9603401000"@;@1 148 553@;@29 522@;@23 919@;@29 576@;@23 919@;@@;@1 142 950@;@5 657@;@5 657@;@0,6@;@3 394,2@;@0,62
"8507209800"@;@@;@@;@6 083@;@6 083@;@6 083@;@@;@6 083@;@0@;@@;@0,3@;@@;@
"0811203900"@;@41 481@;@1 698@;@@;@@;@@;@@;@41 481@;@@;@@;@0,3@;@@;@0,56
"7007218009"@;@@;@@;@@;@@;@@;@@;@0@;@@;@@;@0,4@;@@;@
"6815990002"@;@2 696@;@@;@@;@@;@@;@@;@2 696@;@@;@@;@0@;@@;@0,5
"6302100009"@;@59 447@;@843 753@;@973 126@;@1 510 888@;@957 159@;@32 574@;@999 999@;@537 762@;@59 447@;@1@;@59 447@;@2,94
"8407908000"@;@75 271@;@@;@@;@@;@@;@@;@75 271@;@@;@@;@0@;@@;@0,5
"4202125001"@;@97 897@;@5 433@;@@;@@;@@;@@;@97 897@;@@;@@;@0,3@;@@;@0,56
"9111100000"@;@102@;@@;@@;@@;@@;@@;@102@;@@;@@;@0@;@@;@0,5
"710809500"@;@@;@@;@259 243@;@259 243@;@30 978@;@3 967@;@30 978@;@0@;@@;@0,3@;@@;@
"3916901000"@;@2 343 724@;@146 256@;@287 401@;@287 401@;@270 005@;@46 747@;@2 438 122@;@0@;@0@;@0,6@;@0@;@0,6
"7306301909"@;@@;@@;@@;@@;@@;@@;@0@;@@;@@;@0,4@;@@;@
"8448200000"@;@396 307@;@@;@139 315@;@142 910@;@139 315@;@@;@535 622@;@3 595@;@3 595@;@0,3@;@1 078,5@;@0,43
"5801330000"@;@67 663@;@@;@1 846 963@;@2 170 769@;@1 787 267@;@59 696@;@1 854 930@;@323 806@;@67 663@;@0,3@;@20 298,9@;@1,51
"7211190000"@;@12 004 891@;@16 689 103@;@8 051 871@;@71 100 291@;@8 051 871@;@@;@20 056 762@;@63 048 420@;@12 004 891@;@1@;@12 004 891@;@2,07
"7308401000"@;@@;@@;@1 258 919@;@1 258 919@;@1 266 039@;@@;@1 266 039@;@0@;@@;@0,3@;@@;@
"9620000008"@;@618@;@@;@@;@@;@@;@@;@618@;@@;@@;@0@;@@;@0,5
"9012101000"@;@2 429 006@;@@;@@;@@;@@;@@;@2 429 006@;@@;@@;@0@;@@;@0,5
"8414808000"@;@@;@@;@7 335 992@;@13 225 150@;@6 919 772@;@940 733@;@6 919 772@;@5 889 158@;@@;@0,3@;@@;@
"7320109000"@;@698 505@;@51 950@;@7 565@;@7 565@;@7 565@;@@;@654 120@;@0@;@0@;@0,6@;@0@;@0,65
"2844109000"@;@@;@817 432 345@;@@;@@;@@;@@;@0@;@@;@@;@0,3@;@@;@
"2008199300"@;@38 091@;@329 873@;@990 707@;@990 707@;@990 707@;@@;@1 028 798@;@0@;@0@;@1@;@0@;@0,22
"0714909000"@;@@;@63 700@;@@;@@;@@;@@;@0@;@@;@@;@0,3@;@@;@
"7321829000"@;@@;@@;@25 791@;@27 554@;@30 706@;@13 035@;@30 706@;@1 763@;@@;@0,3@;@@;@
"9021901000"@;@1 115 574@;@199 069@;@@;@@;@@;@@;@1 115 574@;@@;@@;@0,3@;@@;@0,56
"1301200000"@;@163 726@;@@;@@;@@;@@;@@;@163 726@;@@;@@;@0@;@@;@0,5
"9014208000"@;@82 797@;@3 382@;@@;@@;@@;@@;@82 797@;@@;@@;@0,3@;@@;@0,56
"4008190000"@;@5 784 854@;@4 300@;@61 337@;@61 337@;@61 337@;@@;@5 841 891@;@0@;@0@;@0,6@;@0@;@0,62
"3004900006"@;@2 786 090@;@14@;@@;@@;@@;@@;@2 786 090@;@@;@@;@0,7@;@@;@0,64
"9004901000"@;@315 944@;@@;@55 251@;@57 153@;@55 251@;@7 963@;@363 232@;@1 902@;@1 902@;@0,7@;@1 331,4@;@0,58
"8477801200"@;@238 587@;@@;@@;@@;@@;@@;@238 587@;@@;@@;@0@;@@;@0,5
"2106102000"@;@1 449 580@;@@;@2 782 614@;@18 873 681@;@2 712 043@;@429 006@;@3 803 188@;@16 091 067@;@1 449 580@;@0,3@;@434 874@;@3,58
"8512909002"@;@4 955 147@;@177 607@;@@;@@;@@;@@;@4 955 147@;@@;@@;@0,3@;@@;@0,56
"0803909000"@;@@;@20 315@;@@;@@;@@;@@;@0@;@@;@@;@0,3@;@@;@
"6003301000"@;@111 833@;@@;@3 555@;@3 555@;@3 555@;@@;@115 388@;@0@;@0@;@0,3@;@0@;@0,54
"7007218000"@;@130 502@;@@;@2 664 851@;@2 708 182@;@2 664 851@;@600 615@;@2 194 738@;@43 331@;@43 331@;@0,3@;@12 999,3@;@0,19
"2002909900"@;@1 601@;@@;@1 264@;@1 264@;@1 264@;@@;@2 865@;@0@;@0@;@0,3@;@0@;@0,34
"0806109000"@;@1 800@;@12 955 631@;@@;@@;@@;@@;@1 800@;@@;@@;@0,7@;@@;@0,64
"6815109009"@;@@;@@;@75 715@;@75 715@;@75 715@;@@;@75 715@;@0@;@@;@0,3@;@@;@
"1704909900"@;@@;@@;@2 008 646@;@2 103 378@;@1 921 150@;@94 375@;@1 921 150@;@94 732@;@@;@0,3@;@@;@
"0302895000"@;@302@;@@;@@;@@;@@;@@;@302@;@@;@@;@0@;@@;@0,5
"6907229009"@;@7 872 863@;@1 699 621@;@5 503 573@;@6 441 113@;@5 503 573@;@273 875@;@11 402 940@;@937 540@;@937 540@;@0,6@;@562 524@;@0,5
"0402913000"@;@2 612@;@@;@@;@@;@@;@@;@2 612@;@@;@@;@0@;@@;@0,5
"7013221000"@;@37 035@;@@;@@;@@;@@;@@;@37 035@;@@;@@;@0@;@@;@0,5
"1702500000"@;@169 086@;@138@;@@;@@;@@;@@;@169 086@;@@;@@;@0,3@;@@;@0,56
"9021108004"@;@1 932 875@;@@;@@;@@;@@;@@;@1 932 875@;@@;@@;@0,4@;@@;@0,58
"8426410001"@;@2 231 216@;@@;@30 218@;@30 218@;@30 218@;@@;@2 261 434@;@0@;@0@;@0,3@;@0@;@0,55
"7318240008"@;@574 372@;@993@;@8 415@;@10 788@;@8 415@;@@;@581 794@;@2 373@;@2 373@;@1@;@2 373@;@0,69
"3005901000"@;@1 541@;@247 171@;@18 933 012@;@21 704 784@;@13 087 167@;@6 958 748@;@11 975 805@;@2 771 772@;@1 541@;@1@;@1 541@;@100
"7222118109"@;@188 913@;@@;@10 220@;@10 220@;@10 220@;@@;@199 133@;@0@;@0@;@0,3@;@0@;@0,53
"0707000503"@;@@;@247 753@;@@;@@;@@;@@;@0@;@@;@@;@0,3@;@@;@
"1602901000"@;@@;@@;@1 445 443@;@1 496 949@;@1 445 443@;@6 473@;@1 445 443@;@51 506@;@@;@0,3@;@@;@
"7325991000"@;@243 005@;@@;@2 247 060@;@2 605 763@;@1 121 305@;@631 524@;@1 858 541@;@358 703@;@243 005@;@0,3@;@72 901,5@;@0,57
"3917229009"@;@@;@@;@@;@@;@@;@@;@0@;@@;@@;@0,4@;@@;@
"7320208901"@;@60 628@;@@;@@;@@;@@;@@;@60 628@;@@;@@;@0@;@@;@0,5
"3603200001"@;@543 284@;@@;@@;@@;@@;@@;@543 284@;@@;@@;@0@;@@;@0,5
"7615200000"@;@3 011@;@@;@35 709@;@35 709@;@35 709@;@@;@38 720@;@0@;@0@;@0,3@;@0@;@0,1
"6205200000"@;@2 375 300@;@1 440 630@;@2 158 898@;@2 178 575@;@2 035 240@;@494 210@;@4 039 988@;@19 677@;@19 677@;@1@;@19 677@;@0,5
"3923409000"@;@1 716 926@;@30 825@;@6 550 421@;@6 663 597@;@6 164 290@;@271 996@;@7 995 351@;@113 176@;@113 176@;@0,6@;@67 905,6@;@0,25
"8606100000"@;@14 676 900@;@918 567@;@10 482 459@;@21 903 646@;@10 482 459@;@@;@24 240 792@;@11 421 187@;@11 421 187@;@1@;@11 421 187@;@0,74
"9401530000"@;@2 633@;@667 872@;@593 041@;@729 671@;@595 850@;@8 837@;@586 837@;@136 630@;@2 633@;@1@;@2 633@;@15,77
"8204200000"@;@620 070@;@28 954@;@@;@@;@@;@@;@620 070@;@@;@@;@0,3@;@@;@0,56
"2204299008"@;@@;@@;@447 199@;@447 199@;@475 149@;@69 875@;@475 149@;@0@;@@;@0,3@;@@;@
"8606920000"@;@7 951 473@;@3 512 979@;@20 312 924@;@24 105 048@;@6 302 907@;@18 301 715@;@9 962 682@;@3 792 124@;@3 792 124@;@1@;@3 792 124@;@0,74
"8412218006"@;@596 970@;@1 657@;@6 091@;@414 991@;@6 091@;@@;@601 404@;@408 900@;@408 900@;@0,6@;@245 340@;@0,82
"8462620018"@;@356 599@;@@;@@;@@;@@;@@;@356 599@;@@;@@;@0@;@@;@0,5
"8536700002"@;@2 054@;@@;@8 369@;@8 369@;@8 369@;@@;@10 423@;@0@;@0@;@0,3@;@0@;@0,16
"8421290009"@;@7 304 090@;@677 118@;@138 047@;@152 698@;@138 047@;@@;@6 765 019@;@14 651@;@14 651@;@0,6@;@8 790,6@;@0,66
"7010909102"@;@11 898@;@@;@@;@@;@@;@@;@11 898@;@@;@@;@0@;@@;@0,5
"9404901000"@;@@;@@;@3 967 056@;@4 088 510@;@2 317 679@;@1 656 230@;@2 317 679@;@121 454@;@@;@0,3@;@@;@
"0809400500"@;@25 175@;@26 449 409@;@@;@@;@@;@@;@25 175@;@@;@@;@0,3@;@@;@0,56
"1902201000"@;@9 589@;@@;@214 349@;@216 165@;@214 176@;@173@;@223 765@;@1 816@;@1 816@;@0,3@;@544,8@;@0,14
"9303300000"@;@428 876@;@@;@@;@@;@@;@@;@428 876@;@@;@@;@0@;@@;@0,5
"3403990000"@;@10 988 536@;@1 144 408@;@351 805@;@355 971@;@349 815@;@22 290@;@10 173 643@;@4 166@;@4 166@;@1@;@4 166@;@0,74
"8708929909"@;@978 445@;@@;@14 426 716@;@14 426 716@;@@;@90 657@;@15 314 504@;@0@;@0@;@0,3@;@0@;@0,09
"7225990000"@;@35 029 269@;@@;@@;@@;@@;@@;@35 029 269@;@@;@@;@0@;@@;@0,5
"1512111000"@;@26 666@;@@;@17 587 004@;@17 607 116@;@17 550 802@;@67 085@;@17 546 585@;@20 112@;@20 112@;@0,3@;@6 033,6@;@0,29
"8442400000"@;@43 626@;@@;@@;@@;@@;@@;@43 626@;@@;@@;@0@;@@;@0,5
"2517101000"@;@2 230@;@63 741@;@34 168 725@;@35 550 083@;@30 460 628@;@4 092 780@;@30 078 175@;@1 381 358@;@2 230@;@1@;@2 230@;@100
"8412292001"@;@157@;@@;@4 350@;@413 250@;@4 350@;@@;@4 507@;@408 900@;@157@;@0,3@;@47,1@;@100
"8466108000"@;@6 850@;@1 167@;@@;@@;@@;@@;@6 850@;@@;@@;@0,3@;@@;@0,56
"8453100000"@;@574 884@;@6 348@;@@;@@;@@;@@;@574 884@;@@;@@;@0,3@;@@;@0,56
"6815990000"@;@@;@@;@5 826 679@;@5 871 025@;@2 349 768@;@3 032 318@;@2 349 768@;@44 346@;@@;@0,3@;@@;@
"8412212003"@;@@;@@;@4 350@;@413 250@;@4 350@;@@;@4 350@;@408 900@;@@;@0,3@;@@;@
"9024900000"@;@175 470@;@@;@@;@@;@@;@@;@175 470@;@@;@@;@0@;@@;@0,5
"6006321000"@;@82@;@@;@@;@@;@@;@@;@82@;@@;@@;@0@;@@;@0,5
"5205130004"@;@26 383@;@512 182@;@9 159 839@;@9 159 839@;@8 476 178@;@683 661@;@8 502 561@;@0@;@0@;@0,6@;@0@;@0,12
"4414001000"@;@@;@@;@600@;@600@;@600@;@@;@600@;@0@;@@;@0,3@;@@;@
"2106905900"@;@@;@@;@572 261@;@614 751@;@423 369@;@225 445@;@423 369@;@42 490@;@@;@0,3@;@@;@
"7412200000"@;@2 403 193@;@3 154 043@;@4 054 204@;@4 085 056@;@3 929 782@;@375 017@;@6 082 380@;@30 852@;@30 852@;@0,6@;@18 511,2@;@0,32
"0207275000"@;@194 574@;@@;@@;@@;@@;@@;@194 574@;@@;@@;@0@;@@;@0,5
"7304591000"@;@2 152 563@;@@;@@;@@;@@;@@;@2 152 563@;@@;@@;@0@;@@;@0,5
"6203298000"@;@@;@@;@114 638@;@148 336@;@114 638@;@@;@114 638@;@33 698@;@@;@0,3@;@@;@
"8112220000"@;@@;@@;@39 645@;@39 645@;@37 844@;@1 801@;@37 844@;@0@;@@;@0,3@;@@;@
"0406906300"@;@27 214@;@@;@@;@@;@@;@@;@27 214@;@@;@@;@0@;@@;@0,5
"1108191000"@;@@;@@;@180 099@;@180 099@;@180 099@;@@;@180 099@;@0@;@@;@0,7@;@@;@
"8449000000"@;@8 417 773@;@@;@8 155 951@;@8 156 011@;@8 155 951@;@@;@16 573 724@;@60@;@60@;@0,3@;@18@;@0,31
"7323920000"@;@110 389@;@9 744@;@54 251@;@135 628@;@50 735@;@8 713@;@146 183@;@81 377@;@81 377@;@0,6@;@48 826,2@;@0,72
"4012200009"@;@113 082@;@28 664@;@1 480@;@1 480@;@1 480@;@@;@85 898@;@0@;@0@;@0,6@;@0@;@0,78
"5211499000"@;@1 428@;@@;@585@;@585@;@585@;@@;@2 013@;@0@;@0@;@0,3@;@0@;@0,41
"8528521000"@;@7 463 127@;@546 859@;@166 217@;@170 757@;@81 215@;@85 002@;@6 997 483@;@4 540@;@4 540@;@0,6@;@2 724@;@0,65
"5206130008"@;@@;@8 276@;@@;@@;@@;@@;@0@;@@;@@;@0,3@;@@;@
"8535309001"@;@497 662@;@35 981@;@@;@@;@@;@@;@497 662@;@@;@@;@0,7@;@@;@0,64
"2907151000"@;@342@;@@;@@;@@;@@;@@;@342@;@@;@@;@0@;@@;@0,5
"8483602009"@;@@;@@;@@;@@;@@;@@;@0@;@@;@@;@0,4@;@@;@
"8421197001"@;@7 900@;@380@;@26 242@;@26 242@;@26 242@;@@;@34 142@;@0@;@0@;@0,6@;@0@;@0,24
"6302991000"@;@431@;@@;@@;@@;@@;@@;@431@;@@;@@;@0,4@;@@;@0,58
"8903999100"@;@@;@@;@14 096@;@14 096@;@14 096@;@@;@14 096@;@0@;@@;@0,3@;@@;@
"4010120000"@;@1 606 109@;@22 722@;@2 373 878@;@2 412 474@;@2 277 590@;@784 118@;@3 195 869@;@38 596@;@38 596@;@1@;@38 596@;@0,46
"0102291000"@;@19 488@;@@;@@;@@;@@;@@;@19 488@;@@;@@;@0@;@@;@0,5
"4403231800"@;@5 835@;@@;@@;@@;@@;@@;@5 835@;@@;@@;@0@;@@;@0,5
"9101990000"@;@61@;@@;@@;@@;@@;@@;@61@;@@;@@;@0@;@@;@0,5
"1103131000"@;@222 010@;@@;@@;@@;@@;@@;@222 010@;@@;@@;@0@;@@;@0,5
"4012902000"@;@594 532@;@1 970@;@@;@@;@@;@@;@594 532@;@@;@@;@0,3@;@@;@0,56
"401503900"@;@@;@@;@1 004 353@;@1 026 036@;@1 004 353@;@@;@1 004 353@;@21 683@;@@;@0,3@;@@;@
"5407619000"@;@3 775 221@;@3 762@;@@;@@;@@;@@;@3 775 221@;@@;@@;@0,3@;@@;@0,56
"2102101000"@;@36 572@;@@;@@;@@;@@;@@;@36 572@;@@;@@;@0@;@@;@0,5
"0813501900"@;@@;@1 399 149@;@@;@@;@@;@@;@0@;@@;@@;@0,7@;@@;@
"8504230001"@;@365 320@;@@;@192 650@;@192 650@;@192 650@;@10 863@;@547 107@;@0@;@0@;@0,3@;@0@;@0,39
"2009111100"@;@@;@@;@4 708@;@5 493@;@4 708@;@@;@4 708@;@785@;@@;@0,3@;@@;@
"6203293000"@;@@;@@;@231 217@;@355 035@;@203 358@;@29 806@;@203 358@;@123 818@;@@;@0,7@;@@;@
"2005998000"@;@234 631@;@572 351@;@@;@@;@@;@@;@234 631@;@@;@@;@0,7@;@@;@0,64
"3824996500"@;@1 567 610@;@@;@@;@@;@@;@@;@1 567 610@;@@;@@;@0,4@;@@;@0,58
"0806209000"@;@3 693 615@;@71 926 830@;@@;@@;@@;@@;@3 693 615@;@@;@@;@0,7@;@@;@0,64
"7326909600"@;@17 592@;@@;@42 727@;@50 164@;@42 174@;@553@;@59 766@;@7 437@;@7 437@;@0,7@;@5 205,9@;@0,41
"5205240000"@;@@;@@;@34 443 125@;@40 828 103@;@32 166 391@;@1 894 571@;@32 166 391@;@6 384 978@;@@;@0,3@;@@;@
"1602411000"@;@91 936@;@@;@@;@@;@@;@@;@91 936@;@@;@@;@0@;@@;@0,5
"1512291000"@;@@;@@;@130 180 706@;@170 021 641@;@112 956 840@;@12 605 779@;@112 956 840@;@39 840 935@;@@;@0,7@;@@;@
"2922290000"@;@25 375@;@@;@@;@@;@@;@@;@25 375@;@@;@@;@0@;@@;@0,5
"9405110029"@;@3 686 182@;@63 079@;@@;@@;@@;@@;@3 686 182@;@@;@@;@0,3@;@@;@0,56
"5601290000"@;@2 249@;@814 381@;@@;@@;@@;@@;@2 249@;@@;@@;@0,3@;@@;@0,56
"8705903005"@;@159 300@;@@;@272 555@;@272 555@;@272 555@;@@;@431 855@;@0@;@0@;@0,3@;@0@;@0,24
"9015301000"@;@1 690 222@;@1 251@;@@;@@;@@;@@;@1 690 222@;@@;@@;@0,3@;@@;@0,56
"8448390000"@;@6 764 051@;@132 015@;@@;@@;@@;@@;@6 764 051@;@@;@@;@0,3@;@@;@0,56
"1211300000"@;@@;@@;@829 989@;@829 989@;@829 989@;@@;@829 989@;@0@;@@;@0,3@;@@;@
"0206109800"@;@316 514@;@@;@@;@@;@@;@@;@316 514@;@@;@@;@0@;@@;@0,5
"7209179009"@;@49 842 199@;@1 179 526@;@@;@@;@@;@@;@49 842 199@;@@;@@;@0,3@;@@;@0,56
"6306290009"@;@1 853 394@;@@;@@;@@;@@;@@;@1 853 394@;@@;@@;@0@;@@;@0,5
"4011800000"@;@95 385 134@;@@;@@;@@;@@;@@;@95 385 134@;@@;@@;@0@;@@;@0,5
"8482800001"@;@206 337@;@@;@59 833@;@61 597@;@57 546@;@2 287@;@263 883@;@1 764@;@1 764@;@0,3@;@529,2@;@0,45
"0802310000"@;@10 811 894@;@1 468 262@;@@;@@;@@;@@;@10 811 894@;@@;@@;@0,3@;@@;@0,56
"5804101000"@;@481 818@;@@;@161 174@;@166 633@;@161 174@;@@;@642 992@;@5 459@;@5 459@;@0,3@;@1 637,7@;@0,44
"7606129201"@;@1 123@;@@;@@;@@;@@;@@;@1 123@;@@;@@;@0@;@@;@0,5
"4409299200"@;@295 160@;@@;@372 279@;@372 279@;@372 279@;@@;@667 439@;@0@;@0@;@0,7@;@0@;@0,36
"7208902000"@;@20 335@;@@;@6 935@;@8 322@;@6 935@;@@;@27 270@;@1 387@;@1 387@;@0,3@;@416,1@;@0,45
"2516121000"@;@@;@@;@111 739@;@111 739@;@80 832@;@30 913@;@80 832@;@0@;@@;@0,3@;@@;@
"4104191000"@;@@;@@;@645 449@;@645 449@;@650 476@;@2 113 109@;@650 476@;@0@;@@;@0,3@;@@;@
"8805290008"@;@113 533@;@@;@@;@@;@@;@@;@113 533@;@@;@@;@0@;@@;@0,5
"3214101009"@;@14 860 126@;@234 491@;@856 104@;@923 024@;@830 665@;@39 533@;@15 442 206@;@66 920@;@66 920@;@1@;@66 920@;@0,68
"7019800004"@;@17 472@;@@;@@;@@;@@;@@;@17 472@;@@;@@;@0@;@@;@0,5
"3812100000"@;@1 434 027@;@@;@354 234@;@354 234@;@354 234@;@@;@1 788 261@;@0@;@0@;@0,3@;@0@;@0,46
"8704900000"@;@14 364@;@@;@@;@@;@@;@@;@14 364@;@@;@@;@0@;@@;@0,5
"3823191000"@;@24 894@;@@;@85 499@;@85 499@;@31 182@;@80 954@;@29 439@;@0@;@0@;@0,3@;@0@;@0,48
"4002999000"@;@377 606@;@1 008@;@@;@@;@@;@@;@377 606@;@@;@@;@0,3@;@@;@0,56
"6802991000"@;@1 966 628@;@3 593@;@18 257@;@18 500@;@18 140@;@117@;@1 981 175@;@243@;@243@;@1@;@243@;@0,7
"8309100000"@;@1 403 061@;@@;@1 902 931@;@1 902 931@;@1 703 226@;@124 887@;@3 181 105@;@0@;@0@;@0,7@;@0@;@0,36
"0406902100"@;@879 034@;@@;@@;@@;@@;@@;@879 034@;@@;@@;@0@;@@;@0,5
"6107290000"@;@5 767@;@@;@193 449@;@201 716@;@193 449@;@@;@199 216@;@8 267@;@5 767@;@0,3@;@1 730,1@;@0,5
"3307900000"@;@@;@@;@3 037 656@;@3 090 572@;@2 978 364@;@514 389@;@2 978 364@;@52 916@;@@;@0,3@;@@;@
"1517109000"@;@20 682 413@;@2 268 099@;@26 082 773@;@29 398 633@;@21 639 793@;@4 559 003@;@42 206 183@;@3 315 860@;@3 315 860@;@1@;@3 315 860@;@0,49
"0809290000"@;@@;@70 349 184@;@@;@@;@@;@@;@0@;@@;@@;@0,3@;@@;@
"4403960002"@;@1 379 738@;@@;@@;@@;@@;@@;@1 379 738@;@@;@@;@0@;@@;@0,5
"2926100000"@;@@;@@;@275 151@;@344 124@;@@;@419 258@;@0@;@68 973@;@@;@0,3@;@@;@
"4403970002"@;@6 174@;@@;@@;@@;@@;@@;@6 174@;@@;@@;@0@;@@;@0,5
"7201501000"@;@@;@@;@7 256@;@9 446@;@7 256@;@@;@7 256@;@2 190@;@@;@0,7@;@@;@
"8703605994"@;@101 130@;@@;@@;@@;@@;@@;@101 130@;@@;@@;@0@;@@;@0,5
"5516440000"@;@29 640@;@@;@@;@@;@@;@@;@29 640@;@@;@@;@0@;@@;@0,5
"0207141000"@;@17 836 597@;@2 811 360@;@@;@@;@@;@@;@17 836 597@;@@;@@;@0,3@;@@;@0,56
"5906100000"@;@78 950@;@12@;@268 543@;@276 842@;@251 925@;@16 618@;@330 875@;@8 299@;@8 299@;@0,6@;@4 979,4@;@0,27
"5408100000"@;@26 689@;@1 329@;@@;@@;@@;@@;@26 689@;@@;@@;@0,3@;@@;@0,56
"9405409909"@;@@;@@;@5 512 142@;@7 293 716@;@4 757 690@;@1 404 184@;@4 757 690@;@1 781 574@;@@;@0,3@;@@;@
"5205110008"@;@37 891@;@290 800@;@7 773 842@;@7 773 842@;@7 773 842@;@3 247 908@;@4 563 825@;@0@;@0@;@0,6@;@0@;@0,12
"3824501000"@;@@;@@;@242 096 709@;@2 204 473 394@;@236 811 782@;@7 366 023@;@236 811 782@;@1 962 376 685@;@@;@0,7@;@@;@
"8529901069"@;@2 403@;@@;@@;@@;@@;@@;@2 403@;@@;@@;@0@;@@;@0,5
"3002190000"@;@@;@@;@1 282 365@;@1 282 365@;@626 876@;@626 876@;@626 876@;@0@;@@;@0,3@;@@;@
"9012901000"@;@5 976@;@@;@@;@@;@@;@@;@5 976@;@@;@@;@0@;@@;@0,5
"4003000000"@;@108 041@;@22 044@;@76 807@;@78 187@;@76 807@;@@;@162 804@;@1 380@;@1 380@;@1@;@1 380@;@0,54
"2529300000"@;@154 521@;@@;@@;@@;@@;@@;@154 521@;@@;@@;@0@;@@;@0,5
"2002909100"@;@3 184 283@;@38 657@;@12 321@;@12 321@;@12 321@;@3 520@;@3 154 427@;@0@;@0@;@0,6@;@0@;@0,62
"7615108009"@;@4 248 080@;@124 236@;@1 464 352@;@1 474 333@;@1 464 352@;@@;@5 588 196@;@9 981@;@9 981@;@1@;@9 981@;@0,58
"0904120000"@;@47 254@;@90 242@;@@;@@;@@;@@;@47 254@;@@;@@;@0,3@;@@;@0,56
"9017200500"@;@515@;@@;@@;@@;@@;@@;@515@;@@;@@;@0@;@@;@0,5
"5111200000"@;@50 707@;@3 230@;@@;@@;@@;@@;@50 707@;@@;@@;@0,3@;@@;@0,56
"7219221009"@;@8 209 655@;@@;@@;@@;@@;@@;@8 209 655@;@@;@@;@0@;@@;@0,5
"3701300000"@;@3 422 028@;@@;@798 177@;@798 177@;@418 292@;@379 885@;@3 840 320@;@0@;@0@;@0,3@;@0@;@0,51
"2505100000"@;@7 884 710@;@16 056@;@34 845 562@;@37 974 242@;@33 180 179@;@1 520 902@;@41 209 370@;@3 128 680@;@3 128 680@;@1@;@3 128 680@;@0,41
"5911311900"@;@1 679@;@@;@21 549@;@21 549@;@21 549@;@@;@23 228@;@0@;@0@;@0,3@;@0@;@0,1
"2815110000"@;@29 888 257@;@89 827@;@@;@@;@@;@@;@29 888 257@;@@;@@;@0,7@;@@;@0,64
"8483209000"@;@@;@@;@790@;@790@;@790@;@@;@790@;@0@;@@;@0,3@;@@;@
"6405901000"@;@851 981@;@1 751 140@;@762 141@;@771 383@;@714 722@;@9 451@;@1 604 671@;@9 242@;@9 242@;@1@;@9 242@;@0,47
"2921199900"@;@738 130@;@@;@@;@@;@@;@@;@738 130@;@@;@@;@0@;@@;@0,5
"8524190027"@;@16 850@;@@;@@;@@;@@;@@;@16 850@;@@;@@;@0@;@@;@0,5
"9027890000"@;@10 760 153@;@992 251@;@@;@@;@@;@@;@10 760 153@;@@;@@;@0,3@;@@;@0,56
"8708109009"@;@2 303 370@;@2 439 440@;@295 297@;@297 682@;@295 218@;@1 248@;@2 597 419@;@2 385@;@2 385@;@1@;@2 385@;@0,64
"9017209000"@;@18 211@;@@;@@;@@;@@;@@;@18 211@;@@;@@;@0@;@@;@0,5
"9403202000"@;@1 377 890@;@1 708@;@3 214 108@;@3 558 875@;@3 096 779@;@143 405@;@4 448 593@;@344 767@;@344 767@;@1@;@344 767@;@0,43
"2610000000"@;@221 974@;@@;@@;@@;@@;@@;@221 974@;@@;@@;@0@;@@;@0,5
"7313000000"@;@163 179@;@369@;@9 724 555@;@11 635 367@;@9 541 439@;@183 116@;@9 704 618@;@1 910 812@;@163 179@;@1@;@163 179@;@3,72
"8504230000"@;@@;@@;@33 442 751@;@33 442 751@;@33 512 749@;@5 150 372@;@33 512 749@;@0@;@@;@0,3@;@@;@
"8528711900"@;@129 087@;@@;@@;@@;@@;@@;@129 087@;@@;@@;@0@;@@;@0,5
"7601100000"@;@121 415 826@;@245 784@;@24 786@;@26 251@;@24 786@;@@;@121 194 828@;@1 465@;@1 465@;@0,6@;@879@;@0,62
"2833292000"@;@2 633 037@;@1 418 273@;@@;@@;@@;@@;@2 633 037@;@@;@@;@0,7@;@@;@0,64
"8429529000"@;@22 558 807@;@36 700@;@1 703 013@;@1 703 013@;@1 643 038@;@59 975@;@24 165 145@;@0@;@0@;@1@;@0@;@0,67
"8483308007"@;@9 210 270@;@140 332@;@1 517 897@;@1 535 292@;@1 317 639@;@75 604@;@10 512 231@;@17 395@;@17 395@;@1@;@17 395@;@0,64
"7324100009"@;@@;@@;@@;@@;@@;@@;@0@;@@;@@;@0,4@;@@;@
"4104115100"@;@13 640@;@8 899 198@;@4 203 630@;@4 315 087@;@4 233 785@;@64 789@;@4 152 481@;@111 457@;@13 640@;@0,6@;@8 184@;@2,57
"8706009900"@;@@;@@;@694 407@;@694 407@;@728 068@;@@;@728 068@;@0@;@@;@0,3@;@@;@
"9028301100"@;@4 033 494@;@@;@17 841 585@;@88 322 604@;@21 205 592@;@1 772 821@;@20 102 258@;@70 481 019@;@4 033 494@;@0,7@;@2 823 445,8@;@5,48
"4707100000"@;@7 601 022@;@8 477@;@3 958 946@;@3 958 946@;@3 927 484@;@108 587@;@11 442 904@;@0@;@0@;@0,6@;@0@;@0,45
"5516220000"@;@212 530@;@@;@1 765@;@1 765@;@1 765@;@@;@214 295@;@0@;@0@;@0,3@;@0@;@0,56
"0710809500"@;@4 240@;@7 351 297@;@@;@@;@@;@@;@4 240@;@@;@@;@0,3@;@@;@0,56
"2302301000"@;@51 472@;@@;@3 332 825@;@3 863 618@;@3 318 201@;@176 820@;@3 207 477@;@530 793@;@51 472@;@0,3@;@15 441,6@;@3,16
"9503007500"@;@1 835 662@;@21 512@;@70 143@;@@;@70 143@;@@;@1 884 293@;@@;@@;@0,6@;@@;@0,61
"5905009000"@;@3 455@;@@;@55 301@;@61 446@;@73 723@;@@;@58 756@;@6 145@;@3 455@;@0,3@;@1 036,5@;@0,62
"8403909000"@;@1 111 548@;@26 877@;@2 995 867@;@3 225 595@;@1 313 860@;@1 682 007@;@2 425 408@;@229 728@;@229 728@;@0,6@;@137 836,8@;@0,41
"8708922001"@;@1 867 222@;@2 840 464@;@@;@@;@@;@@;@1 867 222@;@@;@@;@0,3@;@@;@0,56
"6117100000"@;@142 098@;@88 525@;@1 322 425@;@1 323 486@;@1 321 594@;@1 820@;@1 462 703@;@1 061@;@1 061@;@0,6@;@636,6@;@0,17
"7214999500"@;@247 260@;@28 503@;@41 231@;@41 231@;@29 009@;@12 222@;@247 766@;@0@;@0@;@0,6@;@0@;@0,62
"402211100"@;@@;@@;@246 367@;@247 322@;@246 367@;@@;@246 367@;@955@;@@;@0,3@;@@;@
"402913000"@;@@;@@;@266 152@;@267 505@;@266 152@;@7 018@;@266 152@;@1 353@;@@;@0,3@;@@;@
"6203439000"@;@251 232@;@628@;@525 508@;@525 508@;@525 508@;@@;@776 740@;@0@;@0@;@1@;@0@;@0,36
"8705100091"@;@4 815 844@;@@;@11 699 156@;@14 014 877@;@3 569 057@;@1 944 288@;@14 570 712@;@2 315 721@;@2 315 721@;@0,7@;@1 621 004,7@;@0,45
"6104590000"@;@82 341@;@58 478@;@146 473@;@197 936@;@149 633@;@10 645@;@218 169@;@51 463@;@51 463@;@0,6@;@30 877,8@;@0,5
"8429409000"@;@96 378@;@@;@@;@@;@@;@@;@96 378@;@@;@@;@0@;@@;@0,5
"0808108003"@;@508 500@;@3 583 784@;@@;@@;@@;@@;@508 500@;@@;@@;@0,3@;@@;@0,56
"9609101000"@;@931 443@;@241@;@8 939@;@8 939@;@8 939@;@@;@940 141@;@0@;@0@;@0,6@;@0@;@0,62
"8547900000"@;@525 040@;@786@;@330 523@;@349 966@;@317 811@;@12 712@;@842 065@;@19 443@;@19 443@;@0,6@;@11 665,8@;@0,44
"8517620001"@;@@;@@;@1 347 849@;@1 386 085@;@1 347 480@;@14 177@;@1 347 480@;@38 236@;@@;@0,3@;@@;@
"8428108009"@;@@;@@;@@;@@;@@;@@;@0@;@@;@@;@0,4@;@@;@
"2833240000"@;@84 714@;@@;@@;@@;@@;@@;@84 714@;@@;@@;@0@;@@;@0,5
"9404902000"@;@449 193@;@110 905@;@39 675@;@78 741@;@32 999@;@6 676@;@371 287@;@39 066@;@39 066@;@1@;@39 066@;@0,83
"8413704509"@;@@;@@;@@;@@;@@;@@;@0@;@@;@@;@0,4@;@@;@
"8485200000"@;@151 092@;@@;@85 228@;@158 683@;@85 228@;@15 917@;@220 403@;@73 455@;@73 455@;@0,3@;@22 036,5@;@0,55
"3206500000"@;@322 273@;@@;@@;@@;@@;@@;@322 273@;@@;@@;@0,4@;@@;@0,58
"2202991500"@;@304 359@;@@;@@;@@;@@;@@;@304 359@;@@;@@;@0@;@@;@0,5
"9506399000"@;@9 778@;@@;@@;@@;@@;@@;@9 778@;@@;@@;@0@;@@;@0,5
"3904610000"@;@37 185@;@@;@@;@@;@@;@@;@37 185@;@@;@@;@0@;@@;@0,5
"8527215209"@;@10 531@;@8 924@;@@;@@;@@;@@;@10 531@;@@;@@;@0,3@;@@;@0,56
"5205460002"@;@@;@24 600@;@@;@@;@@;@@;@0@;@@;@@;@0,3@;@@;@
"8438809800"@;@5 983 107@;@262 837@;@@;@@;@@;@@;@5 983 107@;@@;@@;@0,3@;@@;@0,56
"3004100001"@;@4 689 522@;@599 685@;@7 534 916@;@7 985 310@;@8 881 062@;@1 763 182@;@10 461 256@;@450 394@;@450 394@;@1@;@450 394@;@0,45
"3824997000"@;@299 087@;@178 647@;@108 153@;@108 153@;@108 153@;@@;@228 593@;@0@;@0@;@1@;@0@;@0,85
"1104298500"@;@@;@@;@5 664@;@5 664@;@5 664@;@@;@5 664@;@0@;@@;@0,3@;@@;@
"2001905000"@;@151 312@;@19 081@;@525 603@;@579 811@;@559 202@;@52 845@;@624 070@;@54 208@;@54 208@;@0,6@;@32 524,8@;@0,35
"9506699000"@;@51 427@;@50@;@1 267 863@;@1 409 947@;@373 123@;@1 121 000@;@198 290@;@142 084@;@51 427@;@1@;@51 427@;@1,16
"6204339000"@;@687 412@;@259 543@;@19 840@;@19 840@;@19 840@;@1 203@;@446 506@;@0@;@0@;@1@;@0@;@0,97
"6104440000"@;@230 800@;@263 517@;@@;@@;@@;@@;@230 800@;@@;@@;@0,3@;@@;@0,56
"7606129203"@;@1 325 954@;@@;@@;@@;@@;@@;@1 325 954@;@@;@@;@0@;@@;@0,5
"7009100009"@;@1 243 815@;@148 438@;@@;@@;@@;@@;@1 243 815@;@@;@@;@0,3@;@@;@0,56
"0406902500"@;@474 566@;@@;@@;@@;@@;@@;@474 566@;@@;@@;@0@;@@;@0,5
"8417201000"@;@160 965@;@640@;@78 017@;@78 017@;@78 017@;@@;@238 342@;@0@;@0@;@0,6@;@0@;@0,46
"8544609001"@;@617@;@@;@@;@@;@@;@@;@617@;@@;@@;@0@;@@;@0,5
"2009391909"@;@@;@@;@13 788@;@13 788@;@13 788@;@@;@13 788@;@0@;@@;@0,3@;@@;@
"6005369000"@;@217 696@;@@;@485 515@;@485 515@;@261 389@;@224 125@;@479 086@;@0@;@0@;@0,3@;@0@;@0,29
"902200000"@;@@;@@;@6 986 725@;@7 026 571@;@7 021 567@;@356 533@;@7 021 567@;@39 846@;@@;@0,3@;@@;@
"2819100000"@;@62 549@;@16 446@;@@;@@;@@;@@;@62 549@;@@;@@;@0,3@;@@;@0,56
"6116109002"@;@828@;@@;@28 441@;@28 441@;@28 441@;@@;@29 269@;@0@;@0@;@0,3@;@0@;@0,07
"0207143000"@;@3 118 065@;@@;@@;@@;@@;@@;@3 118 065@;@@;@@;@0@;@@;@0,5
"0302433000"@;@4 604@;@@;@@;@@;@@;@@;@4 604@;@@;@@;@0@;@@;@0,5
"6112311000"@;@10 874@;@@;@@;@@;@@;@@;@10 874@;@@;@@;@0@;@@;@0,5
"7311009900"@;@2 659 428@;@24 420@;@1 291 335@;@1 291 335@;@1 291 335@;@@;@3 926 343@;@0@;@0@;@0,6@;@0@;@0,46
"7009920000"@;@1 154 955@;@139 169@;@195 796@;@195 796@;@195 796@;@@;@1 211 582@;@0@;@0@;@0,6@;@0@;@0,6
"8708913501"@;@259 380@;@142 720@;@72 209 414@;@86 648 134@;@71 811 503@;@397 911@;@72 070 883@;@14 438 720@;@259 380@;@0,6@;@155 628@;@16,82
"3604900000"@;@176 562@;@@;@@;@@;@@;@@;@176 562@;@@;@@;@0@;@@;@0,5
"9405602000"@;@@;@@;@491 440@;@603 337@;@491 440@;@46 171@;@491 440@;@111 897@;@@;@0,3@;@@;@
"6104490000"@;@120 585@;@40 196@;@38 033@;@38 033@;@38 033@;@@;@118 422@;@0@;@0@;@0,6@;@0@;@0,63
"8414802800"@;@1 303 651@;@20@;@1 936 775@;@1 936 775@;@1 936 775@;@@;@3 240 426@;@0@;@0@;@0,6@;@0@;@0,32
"5210390000"@;@339 598@;@4@;@@;@@;@@;@@;@339 598@;@@;@@;@0,3@;@@;@0,56
"7007191000"@;@76 464@;@@;@7 826 305@;@8 185 825@;@7 720 432@;@262 390@;@7 640 379@;@359 520@;@76 464@;@0,3@;@22 939,2@;@1,48
"2804501000"@;@1 479@;@@;@@;@@;@@;@@;@1 479@;@@;@@;@0@;@@;@0,5
"8453900000"@;@189 973@;@14@;@@;@@;@@;@@;@189 973@;@@;@@;@0,3@;@@;@0,56
"8539322001"@;@767@;@@;@@;@@;@@;@@;@767@;@@;@@;@0@;@@;@0,5
"6802290009"@;@355 361@;@590@;@13 446@;@13 446@;@13 446@;@@;@368 217@;@0@;@0@;@0,6@;@0@;@0,6
"0703200000"@;@1 742 206@;@8 221 631@;@@;@@;@@;@@;@1 742 206@;@@;@@;@0,3@;@@;@0,56
"8523519300"@;@527 375@;@1 619@;@@;@@;@@;@@;@527 375@;@@;@@;@0,3@;@@;@0,56
"4406120000"@;@28 615@;@@;@@;@@;@@;@@;@28 615@;@@;@@;@0@;@@;@0,5
"2707999900"@;@220 387@;@@;@@;@@;@@;@@;@220 387@;@@;@@;@0@;@@;@0,5
"207279909"@;@@;@@;@8 527 167@;@8 529 661@;@6 193 668@;@1 735 715@;@6 193 668@;@2 494@;@@;@0,3@;@@;@
"7224903100"@;@@;@@;@4 380@;@5 475@;@4 380@;@@;@4 380@;@1 095@;@@;@0,3@;@@;@
"9403903000"@;@@;@@;@2 961 727@;@3 323 142@;@2 344 260@;@633 149@;@2 344 260@;@361 415@;@@;@0,3@;@@;@
"8424819100"@;@@;@@;@966 385@;@966 385@;@364 860@;@611 386@;@364 860@;@0@;@@;@0,3@;@@;@
"2702100000"@;@65 708 539@;@1 586 247@;@156 554 931@;@157 163 470@;@136 509 106@;@36 643 844@;@185 619 626@;@608 539@;@608 539@;@0,6@;@365 123,4@;@0,3
"4818401900"@;@@;@@;@105 697@;@111 755@;@105 418@;@279@;@105 418@;@6 058@;@@;@0,3@;@@;@
"3305100000"@;@43 782 587@;@2 608 781@;@7 749 191@;@8 325 699@;@7 258 511@;@1 133 971@;@47 789 026@;@576 508@;@576 508@;@1@;@576 508@;@0,66
"8714913000"@;@608 248@;@4 574@;@52 025@;@52 025@;@52 025@;@@;@655 699@;@0@;@0@;@0,6@;@0@;@0,58
"2917131000"@;@5 198@;@@;@@;@@;@@;@@;@5 198@;@@;@@;@0@;@@;@0,5
"2009909700"@;@18 430@;@@;@@;@@;@@;@@;@18 430@;@@;@@;@0@;@@;@0,5
"0603197000"@;@367 738@;@610 861@;@@;@@;@@;@@;@367 738@;@@;@@;@0,7@;@@;@0,64
"2209001900"@;@97@;@@;@@;@@;@@;@@;@97@;@@;@@;@0@;@@;@0,5
"1605590000"@;@103@;@@;@@;@@;@@;@@;@103@;@@;@@;@0@;@@;@0,5
"8531109509"@;@@;@@;@84 240@;@84 240@;@84 240@;@@;@84 240@;@0@;@@;@0,3@;@@;@
"201300009"@;@@;@@;@53 504@;@59 449@;@53 504@;@@;@53 504@;@5 945@;@@;@0,3@;@@;@
"6115990000"@;@139 819@;@192 286@;@28 593 646@;@29 362 507@;@27 906 227@;@1 469 040@;@27 264 425@;@768 861@;@139 819@;@0,6@;@83 891,4@;@1,77
"8481806900"@;@2 236 798@;@@;@39 194@;@39 194@;@38 800@;@4 265@;@2 271 727@;@0@;@0@;@0,3@;@0@;@0,55
"8433591109"@;@228 137@;@@;@@;@@;@@;@@;@228 137@;@@;@@;@0@;@@;@0,5
"8544119000"@;@125 111@;@267 825@;@6 386 907@;@8 781 949@;@6 604 784@;@808 879@;@5 703 139@;@2 395 042@;@125 111@;@1@;@125 111@;@5,95
"8543100000"@;@89 800@;@@;@@;@@;@@;@@;@89 800@;@@;@@;@0@;@@;@0,5
"7307291009"@;@@;@@;@1 579 716@;@1 581 318@;@1 394 154@;@75 051@;@1 394 154@;@1 602@;@@;@0,3@;@@;@
"4002310000"@;@158 904@;@@;@@;@@;@@;@@;@158 904@;@@;@@;@0@;@@;@0,5
"4401301000"@;@@;@@;@226 942@;@226 942@;@226 942@;@@;@226 942@;@0@;@@;@0,3@;@@;@
"7201109000"@;@@;@@;@108 702@;@146 081@;@108 540@;@161@;@108 540@;@37 379@;@@;@0,3@;@@;@
"8421990004"@;@178 840@;@65@;@@;@@;@@;@@;@178 840@;@@;@@;@0,3@;@@;@0,56
"0713101000"@;@6 673@;@@;@@;@@;@@;@@;@6 673@;@@;@@;@0@;@@;@0,5
"8402120000"@;@3 764 835@;@6 651@;@238 211@;@238 211@;@238 211@;@@;@3 996 395@;@0@;@0@;@0,6@;@0@;@0,59
"1211908603"@;@838@;@10 053 178@;@1 383 733@;@1 400 976@;@1 383 733@;@32 200@;@1 352 371@;@17 243@;@838@;@0,6@;@502,8@;@6,29
"8422901000"@;@20 795@;@@;@@;@@;@@;@@;@20 795@;@@;@@;@0@;@@;@0,5
"2804291000"@;@787 211@;@@;@@;@@;@@;@@;@787 211@;@@;@@;@0@;@@;@0,5
"8704319100"@;@@;@@;@167 628 481@;@167 628 481@;@180 881 509@;@6 182 849@;@180 881 509@;@0@;@@;@0,3@;@@;@
"3811190000"@;@10 055 308@;@@;@28 268@;@35 977@;@1 111@;@114 009@;@9 969 567@;@7 709@;@7 709@;@0,7@;@5 396,3@;@0,64
"8533409000"@;@651 754@;@2 446@;@1 714@;@1 714@;@1 714@;@@;@651 022@;@0@;@0@;@0,6@;@0@;@0,62
"5514210000"@;@648 424@;@@;@4 176@;@4 176@;@4 176@;@@;@652 600@;@0@;@0@;@0,7@;@0@;@0,64
"710290000"@;@@;@@;@3 995 892@;@4 147 575@;@3 969 821@;@26 070@;@3 969 821@;@151 683@;@@;@0,3@;@@;@
"7005102500"@;@@;@4 546 379@;@15 557 735@;@15 557 735@;@11 243 513@;@2 360@;@15 555 375@;@0@;@@;@0,6@;@@;@
"4418730001"@;@@;@@;@28 836@;@28 836@;@28 836@;@@;@28 836@;@0@;@@;@0,7@;@@;@
"8480309000"@;@68 151@;@335@;@106 530@;@119 610@;@107 406@;@3 763@;@170 918@;@13 080@;@13 080@;@0,6@;@7 848@;@0,38
"8420911000"@;@6 452@;@@;@@;@@;@@;@@;@6 452@;@@;@@;@0@;@@;@0,5
"5407530000"@;@897 163@;@@;@3 858@;@3 858@;@3 858@;@@;@901 021@;@0@;@0@;@0,3@;@0@;@0,56
"4418290000"@;@10 546 429@;@417 450@;@579 860@;@735 323@;@571 328@;@9 741@;@10 699 098@;@155 463@;@155 463@;@1@;@155 463@;@0,7
"8415101000"@;@76 698@;@@;@1 677 351@;@1 714 712@;@1 503 829@;@670 114@;@1 083 935@;@37 361@;@37 361@;@0,3@;@11 208,3@;@0,24
"4911101009"@;@419 145@;@1 128@;@@;@@;@@;@@;@419 145@;@@;@@;@0,7@;@@;@0,64
"8517180000"@;@2 404 302@;@38 504@;@@;@@;@@;@@;@2 404 302@;@@;@@;@0,3@;@@;@0,56
"0602907000"@;@458 523@;@13 420@;@@;@@;@@;@@;@458 523@;@@;@@;@0,7@;@@;@0,64
"7019730000"@;@2 477@;@@;@@;@@;@@;@@;@2 477@;@@;@@;@0@;@@;@0,5
"4412390000"@;@374 255@;@@;@77 383@;@77 383@;@77 383@;@@;@451 638@;@0@;@0@;@0,7@;@0@;@0,55
"8460239000"@;@3 738 437@;@@;@@;@@;@@;@@;@3 738 437@;@@;@@;@0@;@@;@0,5
"8413706509"@;@@;@@;@@;@@;@@;@@;@0@;@@;@@;@0,4@;@@;@
"5911319000"@;@20 630@;@@;@@;@@;@@;@@;@20 630@;@@;@@;@0@;@@;@0,5
"4411129000"@;@5 707 187@;@58 272@;@1 007 196@;@1 725 981@;@1 007 196@;@259 644@;@6 396 467@;@718 785@;@718 785@;@1@;@718 785@;@0,68
"8204120000"@;@1 108 675@;@5 264@;@1 365 144@;@1 365 144@;@1 165 439@;@75 051@;@2 398 768@;@0@;@0@;@1@;@0@;@0,43
"8455210002"@;@@;@@;@810@;@1 600@;@810@;@@;@810@;@790@;@@;@0,3@;@@;@
"7223001100"@;@@;@@;@20 156 060@;@25 512 999@;@20 154 164@;@9 614 706@;@20 154 164@;@5 356 939@;@@;@0,3@;@@;@
"1107101900"@;@10 927@;@@;@323 906@;@323 906@;@323 906@;@@;@334 833@;@0@;@0@;@0,3@;@0@;@0,08
"7016901000"@;@14 028@;@8 457@;@1 035 847@;@1 049 748@;@1 023 982@;@102 204@;@947 671@;@13 901@;@13 901@;@0,6@;@8 340,6@;@0,42
"1206009100"@;@34 050 833@;@79 633@;@29 650 199@;@59 202 712@;@26 720 962@;@1 816 223@;@61 805 176@;@29 552 513@;@29 552 513@;@0,6@;@17 731 507,8@;@0,66
"8445200009"@;@38 870 406@;@13 100@;@@;@@;@@;@@;@38 870 406@;@@;@@;@0,3@;@@;@0,56
"4810929009"@;@5 775 843@;@1 951 625@;@991@;@991@;@991@;@@;@3 825 209@;@0@;@0@;@1@;@0@;@0,95
"2903450000"@;@899 367@;@2 023@;@@;@@;@@;@@;@899 367@;@@;@@;@0,3@;@@;@0,56
"9109100000"@;@21 552@;@@;@@;@@;@@;@@;@21 552@;@@;@@;@0@;@@;@0,5
"9403990009"@;@1 562 032@;@67 224@;@1 000 440@;@1 004 450@;@289 443@;@710 998@;@1 784 250@;@4 010@;@4 010@;@1@;@4 010@;@0,64
"0602300000"@;@73 418@;@@;@@;@@;@@;@@;@73 418@;@@;@@;@0@;@@;@0,5
"4706910000"@;@90@;@@;@138 693@;@175 561@;@138 693@;@@;@138 783@;@36 868@;@90@;@0,3@;@27@;@100
"0305399080"@;@82 839@;@@;@@;@@;@@;@@;@82 839@;@@;@@;@0@;@@;@0,5
"2923300000"@;@5@;@@;@@;@@;@@;@@;@5@;@@;@@;@0@;@@;@0,5
"1805000000"@;@21 855 312@;@152 079@;@49 193@;@49 193@;@49 193@;@@;@21 752 426@;@0@;@0@;@0,6@;@0@;@0,62
"8421990008"@;@@;@@;@353 591@;@353 591@;@163 088@;@312 560@;@163 088@;@0@;@@;@0,3@;@@;@
"3821000000"@;@1 903 293@;@380 403@;@@;@@;@@;@@;@1 903 293@;@@;@@;@0,3@;@@;@0,56
"2903230000"@;@66 002@;@22 597@;@@;@@;@@;@@;@66 002@;@@;@@;@0,3@;@@;@0,56
"6307901000"@;@313 983@;@22 869@;@695 796@;@695 796@;@781 898@;@150 458@;@859 321@;@0@;@0@;@1@;@0@;@0,38
"6115109009"@;@@;@@;@82 074@;@83 182@;@82 074@;@@;@82 074@;@1 108@;@@;@0,3@;@@;@
"7318290001"@;@2 625 323@;@48@;@16 455@;@21 981@;@15 902@;@553@;@2 641 177@;@5 526@;@5 526@;@0,6@;@3 315,6@;@0,62
"7320903000"@;@223 889@;@2@;@@;@@;@@;@@;@223 889@;@@;@@;@0,3@;@@;@0,56
"4504902000"@;@69 086@;@@;@@;@@;@@;@@;@69 086@;@@;@@;@0@;@@;@0,5
"8504408200"@;@@;@@;@20 872@;@31 677@;@20 872@;@@;@20 872@;@10 805@;@@;@0,3@;@@;@
"7322900009"@;@@;@@;@@;@@;@@;@@;@0@;@@;@@;@0,4@;@@;@
"3603500000"@;@4 280@;@@;@@;@@;@@;@@;@4 280@;@@;@@;@0@;@@;@0,5
"8301300000"@;@292 548@;@785@;@26 939@;@26 939@;@26 939@;@@;@318 702@;@0@;@0@;@1@;@0@;@0,66
"9619008109"@;@16 591 017@;@540 112@;@4 040 865@;@4 147 204@;@3 352 973@;@2 119 024@;@17 972 746@;@106 339@;@106 339@;@1@;@106 339@;@0,66
"9101190000"@;@61 357@;@@;@@;@@;@@;@@;@61 357@;@@;@@;@0@;@@;@0,5
"8704319801"@;@11 059@;@@;@@;@@;@@;@@;@11 059@;@@;@@;@0@;@@;@0,5
"5509610000"@;@18 552@;@10 638@;@@;@@;@@;@@;@18 552@;@@;@@;@0,3@;@@;@0,56
"8466933000"@;@15 817@;@238@;@40 594@;@40 594@;@40 594@;@@;@56 411@;@0@;@0@;@0,6@;@0@;@0,26
"2008307100"@;@616@;@@;@@;@@;@@;@@;@616@;@@;@@;@0@;@@;@0,5
"8461401108"@;@661 460@;@@;@@;@@;@@;@@;@661 460@;@@;@@;@0@;@@;@0,5
"406901300"@;@@;@@;@165 206@;@173 999@;@165 206@;@@;@165 206@;@8 793@;@@;@0,3@;@@;@
"0305630000"@;@@;@82@;@@;@@;@@;@@;@0@;@@;@@;@0,3@;@@;@
"8708912009"@;@3 973 080@;@@;@@;@@;@@;@@;@3 973 080@;@@;@@;@0@;@@;@0,5
"0710806100"@;@10 094@;@@;@@;@@;@@;@@;@10 094@;@@;@@;@0@;@@;@0,5
"4104415100"@;@5 021@;@@;@@;@@;@@;@@;@5 021@;@@;@@;@0@;@@;@0,5
"8907900001"@;@51 422@;@@;@@;@@;@@;@@;@51 422@;@@;@@;@0@;@@;@0,5
"206101000"@;@@;@@;@43 609@;@47 630@;@43 609@;@@;@43 609@;@4 021@;@@;@0,3@;@@;@
"8471490000"@;@23 582 720@;@655 441@;@4 860 903@;@5 168 373@;@4 860 903@;@25 441@;@27 762 741@;@307 470@;@307 470@;@1@;@307 470@;@0,63
"0910911000"@;@17 693@;@1 635@;@@;@@;@@;@@;@17 693@;@@;@@;@0,3@;@@;@0,56
"8524920027"@;@258@;@@;@@;@@;@@;@@;@258@;@@;@@;@0@;@@;@0,5
"8414102500"@;@2 573 054@;@@;@6 044@;@6 044@;@6 044@;@@;@2 579 098@;@0@;@0@;@0,3@;@0@;@0,56
"3926909707"@;@1 876 423@;@5 718@;@@;@@;@@;@@;@1 876 423@;@@;@@;@0,3@;@@;@0,56
"8462620013"@;@59 410@;@@;@@;@@;@@;@@;@59 410@;@@;@@;@0@;@@;@0,5
"2936900001"@;@45 149@;@@;@@;@@;@@;@@;@45 149@;@@;@@;@0@;@@;@0,5
"6002400000"@;@427 385@;@720@;@66 912 568@;@77 646 953@;@47 401 401@;@14 367 567@;@52 972 386@;@10 734 385@;@427 385@;@0,6@;@256 431@;@7,66
"2208308200"@;@1 395 017@;@@;@@;@@;@@;@@;@1 395 017@;@@;@@;@0@;@@;@0,5
"8708959901"@;@1 555@;@@;@@;@@;@@;@@;@1 555@;@@;@@;@0@;@@;@0,5
"7006009000"@;@660 475@;@2 352@;@425 933@;@445 461@;@420 998@;@11 738@;@1 072 318@;@19 528@;@19 528@;@0,6@;@11 716,8@;@0,44
"8205598091"@;@12 132@;@@;@@;@@;@@;@@;@12 132@;@@;@@;@0@;@@;@0,5
"2309903300"@;@14 772@;@@;@3 237 465@;@4 160 331@;@3 009 662@;@33 397@;@3 218 840@;@922 866@;@14 772@;@0,3@;@4 431,6@;@18,8
"3104300000"@;@914 079@;@17 613 950@;@23 775 097@;@27 727 454@;@21 115 765@;@6 541 048@;@18 148 128@;@3 952 357@;@914 079@;@1@;@914 079@;@1,52
"9015201000"@;@1 105 217@;@2 326@;@@;@@;@@;@@;@1 105 217@;@@;@@;@0,3@;@@;@0,56
"6115101002"@;@49 282@;@19 815@;@147 733@;@147 733@;@147 733@;@@;@197 015@;@0@;@0@;@0,6@;@0@;@0,25
"0910993300"@;@2 896@;@44 233@;@@;@@;@@;@@;@2 896@;@@;@@;@0,3@;@@;@0,56
"8441107000"@;@4 291 613@;@@;@@;@@;@@;@@;@4 291 613@;@@;@@;@0@;@@;@0,5
"7326909100"@;@@;@@;@790@;@790@;@790@;@@;@790@;@0@;@@;@0,3@;@@;@
"8446210000"@;@1 455 797@;@19 364@;@@;@@;@@;@@;@1 455 797@;@@;@@;@0,3@;@@;@0,56
"7209279001"@;@89 650@;@@;@@;@@;@@;@@;@89 650@;@@;@@;@0@;@@;@0,5
"8443194000"@;@479@;@@;@@;@@;@@;@@;@479@;@@;@@;@0@;@@;@0,5
"8536611000"@;@923 228@;@1 732@;@278 018@;@286 986@;@278 018@;@@;@1 199 514@;@8 968@;@8 968@;@0,6@;@5 380,8@;@0,51
"1601009100"@;@@;@@;@8 883 471@;@9 903 535@;@8 548 887@;@60 191@;@8 548 887@;@1 020 064@;@@;@0,3@;@@;@
"0707000505"@;@@;@193 766@;@@;@@;@@;@@;@0@;@@;@@;@0,7@;@@;@
"1604121000"@;@@;@@;@108 460@;@132 353@;@105 916@;@6 597@;@105 916@;@23 893@;@@;@0,3@;@@;@
"2204109601"@;@26 851@;@@;@@;@@;@@;@@;@26 851@;@@;@@;@0@;@@;@0,5
"1101001109"@;@817 479@;@@;@11 456 915@;@20 391 522@;@5 048 714@;@6 408 202@;@5 866 192@;@8 934 607@;@817 479@;@0,3@;@245 243,7@;@3,41
"403205900"@;@@;@@;@5 969@;@5 969@;@5 969@;@@;@5 969@;@0@;@@;@0,3@;@@;@
"8806940001"@;@23 400@;@@;@@;@@;@@;@@;@23 400@;@@;@@;@0@;@@;@0,5
"6703000000"@;@161 032@;@480 238@;@406 908@;@409 700@;@406 908@;@@;@567 940@;@2 792@;@2 792@;@0,6@;@1 675,2@;@0,27
"7205210000"@;@308@;@@;@790@;@790@;@790@;@@;@1 098@;@0@;@0@;@0,3@;@0@;@0,2
"9405490024"@;@6 902@;@@;@@;@@;@@;@@;@6 902@;@@;@@;@0@;@@;@0,5
"7104910000"@;@159 349@;@@;@@;@@;@@;@@;@159 349@;@@;@@;@0@;@@;@0,5
"8433115100"@;@178 670@;@@;@@;@@;@@;@@;@178 670@;@@;@@;@0@;@@;@0,5
"3208901909"@;@1 828 172@;@33 332@;@2 162 727@;@2 173 075@;@2 157 608@;@5 119@;@3 985 780@;@10 348@;@10 348@;@1@;@10 348@;@0,43
"0305549000"@;@22 392@;@@;@@;@@;@@;@@;@22 392@;@@;@@;@0@;@@;@0,5
"7219230001"@;@1 222@;@@;@4 927@;@5 748@;@4 927@;@@;@6 149@;@821@;@821@;@0,3@;@246,3@;@0,36
"2921309900"@;@39 715@;@@;@@;@@;@@;@@;@39 715@;@@;@@;@0@;@@;@0,5
"8419390008"@;@3 634 551@;@49 198@;@248 403@;@248 403@;@248 403@;@@;@3 833 756@;@0@;@0@;@1@;@0@;@0,67
"8523519101"@;@515 851@;@@;@@;@@;@@;@@;@515 851@;@@;@@;@0@;@@;@0,5
"8202100000"@;@525 353@;@63@;@@;@@;@@;@@;@525 353@;@@;@@;@0,3@;@@;@0,56
"4107991000"@;@229 818@;@12 769@;@102 801@;@102 801@;@86 835@;@42 333@;@277 517@;@0@;@0@;@1@;@0@;@0,61
"3004200002"@;@130 763 730@;@353 266@;@20 785 971@;@27 111 155@;@19 184 440@;@5 835 980@;@145 360 455@;@6 325 184@;@6 325 184@;@1@;@6 325 184@;@0,66
"2101301100"@;@2 824@;@@;@@;@@;@@;@@;@2 824@;@@;@@;@0@;@@;@0,5
"9018199000"@;@3 076 748@;@917 551@;@541 920@;@763 219@;@504 257@;@38 086@;@2 663 031@;@221 299@;@221 299@;@1@;@221 299@;@0,8
"3003100001"@;@@;@@;@864@;@864@;@864@;@@;@864@;@0@;@@;@0,3@;@@;@
"2827590000"@;@16 639@;@@;@@;@@;@@;@@;@16 639@;@@;@@;@0@;@@;@0,5
"8462399900"@;@@;@@;@92 271@;@92 271@;@92 271@;@@;@92 271@;@0@;@@;@0,3@;@@;@
"8212900000"@;@1 018@;@122@;@@;@@;@@;@@;@1 018@;@@;@@;@0,3@;@@;@0,56
"7202210000"@;@1 693 100@;@@;@6 570@;@6 570@;@6 570@;@@;@1 699 670@;@0@;@0@;@0,7@;@0@;@0,64
"2910900000"@;@13 309@;@2 738@;@@;@@;@@;@@;@13 309@;@@;@@;@0,3@;@@;@0,56
"2204109809"@;@85@;@@;@@;@@;@@;@@;@85@;@@;@@;@0@;@@;@0,5
"6704900000"@;@86 240@;@@;@@;@@;@@;@@;@86 240@;@@;@@;@0@;@@;@0,5
"2003102000"@;@7 677@;@@;@@;@@;@@;@@;@7 677@;@@;@@;@0@;@@;@0,5
"2824100000"@;@490 889@;@906 944@;@645 446@;@702 603@;@597 950@;@@;@1 136 335@;@57 157@;@57 157@;@1@;@57 157@;@0,45
"6101908000"@;@127 269@;@216 802@;@44 524@;@44 524@;@44 524@;@@;@171 793@;@0@;@0@;@1@;@0@;@0,57
"6104299000"@;@28 249@;@45 696@;@2 887 149@;@2 887 149@;@2 173 033@;@714 116@;@2 201 282@;@0@;@0@;@1@;@0@;@0,21
"6802931000"@;@13 273 336@;@17 519 813@;@7 203 359@;@7 254 631@;@7 202 920@;@31 701@;@20 444 994@;@51 272@;@51 272@;@1@;@51 272@;@0,53
"0302720000"@;@1 786@;@@;@@;@@;@@;@@;@1 786@;@@;@@;@0@;@@;@0,5
"0701905000"@;@59 400@;@620 139@;@@;@@;@@;@@;@59 400@;@@;@@;@0,7@;@@;@0,64
"6205908001"@;@56 365@;@@;@117 574@;@117 574@;@61 941@;@82 689@;@91 250@;@0@;@0@;@0,3@;@0@;@0,37
"8516797000"@;@3 224 289@;@1 015 906@;@1 357 164@;@7 110 438@;@1 353 845@;@417 949@;@3 147 598@;@5 753 274@;@3 224 289@;@1@;@3 224 289@;@1,25
"8539500000"@;@@;@@;@473 477@;@487 140@;@476 119@;@6 592@;@476 119@;@13 663@;@@;@0,3@;@@;@
"0106190010"@;@@;@@;@@;@@;@@;@@;@0@;@@;@@;@0,4@;@@;@
"2515120000"@;@73 813@;@277 101@;@5 473 439@;@5 883 114@;@5 186 594@;@1 337 873@;@4 209 379@;@409 675@;@73 813@;@0,6@;@44 287,8@;@1,79
"3918101000"@;@2 116 515@;@268 460@;@13 196 761@;@14 059 562@;@12 346 362@;@1 736 685@;@13 576 591@;@862 801@;@862 801@;@1@;@862 801@;@0,4
"4407123200"@;@59 925@;@@;@@;@@;@@;@@;@59 925@;@@;@@;@0@;@@;@0,5
"2002901100"@;@8 970@;@400@;@4 672 554@;@4 690 152@;@3 537 704@;@2 187 110@;@2 494 414@;@17 598@;@8 970@;@0,6@;@5 382@;@0,71
"7907000000"@;@@;@@;@790@;@790@;@790@;@@;@790@;@0@;@@;@0,3@;@@;@
"2009120008"@;@307 906@;@5@;@@;@@;@@;@@;@307 906@;@@;@@;@0,3@;@@;@0,56
"8708999309"@;@259 642@;@@;@2 467 583@;@2 770 337@;@2 440 282@;@362 869@;@2 364 356@;@302 754@;@259 642@;@0,3@;@77 892,6@;@0,46
"7209189100"@;@8 385 803@;@30 745@;@@;@@;@@;@@;@8 385 803@;@@;@@;@0,3@;@@;@0,56
"2009803400"@;@@;@@;@327 274@;@327 274@;@327 274@;@@;@327 274@;@0@;@@;@0,3@;@@;@
"1006400000"@;@19 133@;@10 743@;@7 069@;@7 069@;@@;@7 069@;@8 390@;@0@;@0@;@1@;@0@;@1,34
"2008606009"@;@51 172@;@27 291@;@@;@@;@@;@@;@51 172@;@@;@@;@0,3@;@@;@0,56
"8716398004"@;@50 127@;@28 679@;@@;@@;@@;@@;@50 127@;@@;@@;@0,3@;@@;@0,56
"2503009000"@;@1 886@;@2 672 626@;@6 984 955@;@6 993 764@;@3 989 749@;@1 265 071@;@5 721 770@;@8 809@;@1 886@;@0,6@;@1 131,6@;@1,52
"7010909101"@;@4 317@;@@;@@;@@;@@;@@;@4 317@;@@;@@;@0@;@@;@0,5
"9405190033"@;@11 100@;@@;@@;@@;@@;@@;@11 100@;@@;@@;@0@;@@;@0,5
"2942000000"@;@360 130@;@1 532@;@@;@@;@@;@@;@360 130@;@@;@@;@0,3@;@@;@0,56
"9405290019"@;@6 680@;@@;@@;@@;@@;@@;@6 680@;@@;@@;@0@;@@;@0,5
"9617000009"@;@8 385@;@1@;@@;@@;@@;@@;@8 385@;@@;@@;@0,3@;@@;@0,56
"7213914100"@;@752 582@;@@;@12 775@;@15 436@;@12 775@;@@;@765 357@;@2 661@;@2 661@;@0,3@;@798,3@;@0,55
"7615103000"@;@193 757@;@@;@630 036@;@630 036@;@773 948@;@265 233@;@558 560@;@0@;@0@;@0,7@;@0@;@0,31
"8539319000"@;@4 269@;@@;@@;@@;@@;@@;@4 269@;@@;@@;@0@;@@;@0,5
"4814200000"@;@63 386 706@;@8 953 731@;@18 684 469@;@18 711 833@;@17 904 148@;@3 960 257@;@69 157 187@;@27 364@;@27 364@;@1@;@27 364@;@0,66
"2909303800"@;@1 988@;@@;@@;@@;@@;@@;@1 988@;@@;@@;@0@;@@;@0,5
"5807101000"@;@705 637@;@20 229@;@10 579 453@;@10 839 641@;@5 050 454@;@1 623 969@;@9 661 121@;@260 188@;@260 188@;@0,6@;@156 112,8@;@0,27
"9106100000"@;@7 265@;@12@;@@;@@;@@;@@;@7 265@;@@;@@;@0,3@;@@;@0,56
"0406908400"@;@315 295@;@@;@@;@@;@@;@@;@315 295@;@@;@@;@0@;@@;@0,5
"8433191000"@;@3 628@;@@;@@;@@;@@;@@;@3 628@;@@;@@;@0@;@@;@0,5
"6207110000"@;@18 879@;@124 739@;@105 017@;@107 931@;@103 043@;@1 974@;@121 922@;@2 914@;@2 914@;@1@;@2 914@;@0,32
"9205909000"@;@185 870@;@@;@15 050@;@15 050@;@15 050@;@@;@200 920@;@0@;@0@;@0,7@;@0@;@0,6
"2710194600"@;@1 772 449@;@653 170@;@@;@@;@@;@@;@1 772 449@;@@;@@;@0,7@;@@;@0,64
"8507308000"@;@533 686@;@@;@533 415@;@533 415@;@533 415@;@@;@1 067 101@;@0@;@0@;@0,7@;@0@;@0,39
"4015110000"@;@@;@@;@122 185@;@136 146@;@122 185@;@@;@122 185@;@13 961@;@@;@0,3@;@@;@
"0204210000"@;@23 458 404@;@@;@@;@@;@@;@@;@23 458 404@;@@;@@;@0@;@@;@0,5
"2903810000"@;@431@;@@;@@;@@;@@;@@;@431@;@@;@@;@0@;@@;@0,5
"6005210000"@;@@;@13 278 066@;@19 451 584@;@19 732 901@;@19 455 005@;@4 617 861@;@14 833 723@;@281 317@;@@;@1@;@@;@
"0813509900"@;@621@;@644 984@;@@;@@;@@;@@;@621@;@@;@@;@0,7@;@@;@0,64
"7614100000"@;@24 741 267@;@@;@13 764 814@;@17 140 426@;@12 714 257@;@1 358 584@;@37 147 497@;@3 375 612@;@3 375 612@;@0,7@;@2 362 928,4@;@0,51
"8479893000"@;@1 213@;@299@;@@;@@;@@;@@;@1 213@;@@;@@;@0,3@;@@;@0,56
"8459590000"@;@566 708@;@@;@@;@@;@@;@@;@566 708@;@@;@@;@0@;@@;@0,5
"8402200000"@;@1 020 109@;@@;@@;@@;@@;@@;@1 020 109@;@@;@@;@0@;@@;@0,5
"8511400001"@;@8 278@;@2 349@;@@;@@;@@;@@;@8 278@;@@;@@;@0,3@;@@;@0,56
"2836600000"@;@109 519@;@350@;@@;@@;@@;@@;@109 519@;@@;@@;@0,3@;@@;@0,56
"8605000000"@;@@;@@;@14 355 670@;@14 355 670@;@16 312 478@;@@;@16 312 478@;@0@;@@;@0,3@;@@;@
"8413607000"@;@972 229@;@53 017@;@2 963@;@2 981@;@2 963@;@1 738@;@920 437@;@18@;@18@;@0,6@;@10,8@;@0,65
"6303991000"@;@11 578@;@1 510@;@@;@@;@@;@@;@11 578@;@@;@@;@0,7@;@@;@0,64
"4202321000"@;@296 590@;@@;@@;@@;@@;@@;@296 590@;@@;@@;@0@;@@;@0,5
"3809920000"@;@1 410 865@;@@;@1 124@;@1 124@;@1 124@;@@;@1 411 989@;@0@;@0@;@0,3@;@0@;@0,56
"9026802000"@;@8 793 057@;@96 703@;@149 481@;@149 481@;@149 481@;@@;@8 845 835@;@0@;@0@;@1@;@0@;@0,7
"4008290000"@;@817 837@;@1 903 121@;@6 127 572@;@6 148 578@;@6 795 466@;@257 022@;@6 688 387@;@21 006@;@21 006@;@0,6@;@12 603,6@;@0,19
"3824993000"@;@205 982@;@163 294@;@@;@@;@@;@@;@205 982@;@@;@@;@0,3@;@@;@0,56
"0709400000"@;@108 786@;@561 374@;@@;@@;@@;@@;@108 786@;@@;@@;@0,7@;@@;@0,64
"3405901010"@;@2 279@;@@;@@;@@;@@;@@;@2 279@;@@;@@;@0@;@@;@0,5
"6907219003"@;@4 625@;@@;@@;@@;@@;@@;@4 625@;@@;@@;@0@;@@;@0,5
"8516601090"@;@25 916@;@10 216 198@;@31 252 239@;@31 499 342@;@32 298 992@;@1 805 371@;@29 472 784@;@247 103@;@25 916@;@1@;@25 916@;@3,06
"8445300000"@;@1 324 451@;@92 217@;@@;@@;@@;@@;@1 324 451@;@@;@@;@0,3@;@@;@0,56
"2101129201"@;@21 334 421@;@104 563@;@@;@@;@@;@@;@21 334 421@;@@;@@;@0,7@;@@;@0,64
"9405210013"@;@500 842@;@834@;@@;@@;@@;@@;@500 842@;@@;@@;@0,3@;@@;@0,56
"7415210000"@;@116 571@;@429@;@10 270@;@11 132@;@10 270@;@@;@126 412@;@862@;@862@;@0,6@;@517,2@;@0,58
"712903000"@;@@;@@;@873 081@;@873 081@;@208 661@;@664 420@;@208 661@;@0@;@@;@0,3@;@@;@
"2009791902"@;@1 012 334@;@48 472 214@;@1 002 379@;@1 002 379@;@499 755@;@603 886@;@1 410 827@;@0@;@0@;@0,6@;@0@;@0,48
"8534001900"@;@634 023@;@340@;@@;@@;@@;@@;@634 023@;@@;@@;@0,3@;@@;@0,56
"9002900000"@;@312 427@;@16 948@;@@;@@;@@;@@;@312 427@;@@;@@;@0,3@;@@;@0,56
"8529901026"@;@11 504 633@;@@;@@;@@;@@;@@;@11 504 633@;@@;@@;@0@;@@;@0,5
"1904901009"@;@18 466@;@1 911@;@@;@@;@@;@@;@18 466@;@@;@@;@0,3@;@@;@0,56
"8455301000"@;@1 257 147@;@@;@426@;@544@;@426@;@@;@1 257 573@;@118@;@118@;@0,3@;@35,4@;@0,56
"8302200009"@;@@;@@;@46 798@;@58 498@;@46 798@;@@;@46 798@;@11 700@;@@;@0,3@;@@;@
"7402000000"@;@1 489@;@@;@@;@@;@@;@@;@1 489@;@@;@@;@0@;@@;@0,5
"4419120000"@;@153 306@;@25@;@@;@@;@@;@@;@153 306@;@@;@@;@0,3@;@@;@0,56
"4706100000"@;@@;@32 450 346@;@41 281 676@;@49 505 484@;@42 807 974@;@4 997 583@;@36 284 093@;@8 223 808@;@@;@0,6@;@@;@
"7005298000"@;@5 883 160@;@83 083@;@1 093 850@;@1 142 071@;@1 079 372@;@14 477@;@6 879 450@;@48 221@;@48 221@;@0,6@;@28 932,6@;@0,55
"401209900"@;@@;@@;@26 036 564@;@26 105 991@;@25 178 360@;@1 281 547@;@25 178 360@;@69 427@;@@;@0,3@;@@;@
"2209009900"@;@98 711@;@@;@204 405@;@1 282 877@;@219 471@;@4 619@;@298 497@;@1 078 472@;@98 711@;@0,3@;@29 613,3@;@3,5
"8433197000"@;@1 313@;@@;@@;@@;@@;@@;@1 313@;@@;@@;@0,4@;@@;@0,58
"8703405929"@;@468 831@;@@;@@;@@;@@;@@;@468 831@;@@;@@;@0@;@@;@0,5
"8402900009"@;@@;@@;@798 460@;@833 776@;@798 460@;@@;@798 460@;@35 316@;@@;@0,3@;@@;@
"1604139000"@;@4 513 851@;@1 060@;@@;@@;@@;@@;@4 513 851@;@@;@@;@0,3@;@@;@0,56
"7309005900"@;@2 806 442@;@97 607@;@1 525 128@;@1 534 773@;@1 494 083@;@43 381@;@4 190 582@;@9 645@;@9 645@;@1@;@9 645@;@0,54
"2710195500"@;@@;@@;@7 152 166@;@17 103 006@;@7 001 277@;@117 110@;@7 001 277@;@9 950 840@;@@;@0,3@;@@;@
"8480600000"@;@1 507 127@;@538 462@;@201 222@;@202 488@;@205 298@;@79 005@;@1 090 882@;@1 266@;@1 266@;@1@;@1 266@;@0,89
"9615110000"@;@863 786@;@36 525@;@@;@@;@@;@@;@863 786@;@@;@@;@0,3@;@@;@0,56
"7607191000"@;@569 876@;@2 891@;@@;@@;@@;@@;@569 876@;@@;@@;@0,3@;@@;@0,56
"511911000"@;@@;@@;@6 056 484@;@6 056 484@;@5 653 151@;@580 788@;@5 653 151@;@0@;@@;@0,3@;@@;@
"2712109000"@;@800 880@;@@;@124 880@;@124 880@;@124 880@;@@;@925 760@;@0@;@0@;@0,3@;@0@;@0,49
"9603301000"@;@272 504@;@@;@@;@@;@@;@@;@272 504@;@@;@@;@0@;@@;@0,5
"2201101100"@;@454 529@;@210 117@;@64 741 376@;@65 787 431@;@60 504 384@;@4 245 742@;@60 950 163@;@1 046 055@;@454 529@;@1@;@454 529@;@0,89
"3915908000"@;@1 082 500@;@14 924@;@4 704 549@;@4 774 423@;@4 645 340@;@348 987@;@5 438 062@;@69 874@;@69 874@;@0,6@;@41 924,4@;@0,24
"7304312008"@;@605 713@;@886@;@@;@@;@@;@@;@605 713@;@@;@@;@0,3@;@@;@0,56
"9011800000"@;@1 623 971@;@25 139@;@@;@@;@@;@@;@1 623 971@;@@;@@;@0,3@;@@;@0,56
"8716101000"@;@@;@@;@1 975@;@1 975@;@1 975@;@@;@1 975@;@0@;@@;@0,3@;@@;@
"5803009000"@;@1 449 673@;@224 085@;@632 439@;@906 732@;@512 989@;@159 267@;@1 698 760@;@274 293@;@274 293@;@1@;@274 293@;@0,68
"7406200000"@;@414@;@@;@@;@@;@@;@@;@414@;@@;@@;@0@;@@;@0,5
"1515509900"@;@25 403@;@3 890@;@@;@@;@@;@@;@25 403@;@@;@@;@0,3@;@@;@0,56
"5205420000"@;@@;@@;@4 758 465@;@4 789 957@;@4 714 960@;@322 531@;@4 714 960@;@31 492@;@@;@0,3@;@@;@
"3204140000"@;@2 042 081@;@@;@2 114 825@;@2 135 047@;@2 114 825@;@124 552@;@4 032 354@;@20 222@;@20 222@;@0,3@;@6 066,6@;@0,32
"1107200000"@;@37 736@;@@;@@;@@;@@;@@;@37 736@;@@;@@;@0@;@@;@0,5
"3301192000"@;@12 359@;@@;@@;@@;@@;@@;@12 359@;@@;@@;@0@;@@;@0,5
"8414900009"@;@@;@@;@@;@@;@@;@@;@0@;@@;@@;@0,4@;@@;@
"0105119100"@;@@;@751 426@;@@;@@;@@;@@;@0@;@@;@@;@0,3@;@@;@
"1806905001"@;@229 187@;@496@;@2 168 794@;@2 465 393@;@2 011 311@;@146 426@;@2 251 555@;@296 599@;@229 187@;@0,6@;@137 512,2@;@0,56
"402291900"@;@@;@@;@13 040@;@15 757@;@13 040@;@@;@13 040@;@2 717@;@@;@0,3@;@@;@
"4107921000"@;@148 195@;@1 603 761@;@@;@@;@@;@@;@148 195@;@@;@@;@0,7@;@@;@0,64
"2849909000"@;@@;@50 550@;@@;@@;@@;@@;@0@;@@;@@;@0,3@;@@;@
"8462900098"@;@700@;@@;@@;@@;@@;@@;@700@;@@;@@;@0@;@@;@0,5
"3002420000"@;@24 169 084@;@11 800@;@@;@@;@@;@@;@24 169 084@;@@;@@;@0,3@;@@;@0,56
"5205440006"@;@17 471@;@524 615@;@@;@@;@@;@@;@17 471@;@@;@@;@0,3@;@@;@0,56
"7007212001"@;@731 421@;@@;@136 641@;@144 041@;@140 874@;@41 319@;@826 743@;@7 400@;@7 400@;@0,3@;@2 220@;@0,51
"8456200008"@;@101 887@;@@;@56 061@;@56 061@;@50 455@;@5 606@;@152 342@;@0@;@0@;@0,3@;@0@;@0,39
"3920202100"@;@17 689 491@;@582 084@;@8 553 992@;@10 779 687@;@7 669 871@;@1 570 102@;@24 091 297@;@2 225 695@;@2 225 695@;@0,6@;@1 335 417@;@0,52
"7318220002"@;@2 722@;@@;@11 740@;@13 930@;@11 740@;@@;@14 462@;@2 190@;@2 190@;@0,3@;@657@;@0,4
"5212121000"@;@6 724@;@@;@@;@@;@@;@@;@6 724@;@@;@@;@0@;@@;@0,5
"2825904000"@;@1 632@;@@;@@;@@;@@;@@;@1 632@;@@;@@;@0@;@@;@0,5
"6213200000"@;@4 189@;@1 072 287@;@574 136@;@576 530@;@318 922@;@255 293@;@323 032@;@2 394@;@2 394@;@0,6@;@1 436,4@;@0,3
"8708509101"@;@543 881@;@873@;@790@;@8 690@;@790@;@@;@543 798@;@7 900@;@7 900@;@0,6@;@4 740@;@0,62
"9401200001"@;@7 733 099@;@2 341 971@;@141 595 191@;@141 595 191@;@141 559 478@;@35 712@;@149 292 578@;@0@;@0@;@0,6@;@0@;@0,15
"6305321100"@;@4 690@;@5 861 240@;@13 986 345@;@20 243 397@;@13 575 788@;@502 949@;@13 488 086@;@6 257 052@;@4 690@;@1@;@4 690@;@100
"8445190001"@;@11 001 949@;@1 700@;@@;@@;@@;@@;@11 001 949@;@@;@@;@0,3@;@@;@0,56
"2710191100"@;@1 402 667@;@@;@5 925 784@;@6 892 908@;@5 959 089@;@531 181@;@6 797 270@;@967 124@;@967 124@;@0,3@;@290 137,2@;@0,37
"8462620093"@;@810 168@;@874 389@;@@;@@;@@;@@;@810 168@;@@;@@;@0,3@;@@;@0,56
"9401908001"@;@@;@@;@368 371@;@372 792@;@368 371@;@@;@368 371@;@4 421@;@@;@0,3@;@@;@
"8504909900"@;@@;@@;@34 884@;@34 884@;@34 884@;@@;@34 884@;@0@;@@;@0,3@;@@;@
"2303201000"@;@25 816@;@@;@@;@@;@@;@@;@25 816@;@@;@@;@0@;@@;@0,5
"2914110000"@;@381 120@;@2@;@560 702@;@1 435 429@;@70 957@;@489 746@;@452 076@;@874 727@;@381 120@;@1@;@381 120@;@1,31
"8525891100"@;@12 266@;@@;@@;@@;@@;@@;@12 266@;@@;@@;@0@;@@;@0,5
"9001101000"@;@15 167@;@@;@@;@@;@@;@@;@15 167@;@@;@@;@0@;@@;@0,5
"8539514019"@;@5 387@;@@;@@;@@;@@;@@;@5 387@;@@;@@;@0@;@@;@0,5
"2710194240"@;@23 806 148@;@@;@19 204 443@;@19 204 443@;@14 026 309@;@5 178 135@;@37 832 456@;@0@;@0@;@0,3@;@0@;@0,37
"0201300000"@;@1 365 262@;@@;@@;@@;@@;@@;@1 365 262@;@@;@@;@0@;@@;@0,5
"8479899707"@;@217 665 478@;@510 153@;@@;@@;@@;@@;@217 665 478@;@@;@@;@0,7@;@@;@0,64
"2843101000"@;@21 337@;@@;@@;@@;@@;@@;@21 337@;@@;@@;@0@;@@;@0,5
"5514110000"@;@2 288@;@@;@27 473@;@27 473@;@27 473@;@@;@29 761@;@0@;@0@;@0,3@;@0@;@0,1
"5609000000"@;@688 851@;@57 293@;@31 383@;@224 164@;@31 383@;@@;@662 941@;@192 781@;@192 781@;@0,6@;@115 668,6@;@0,72
"1514999009"@;@190@;@@;@@;@@;@@;@@;@190@;@@;@@;@0@;@@;@0,5
"8714950000"@;@573 272@;@1 660@;@@;@@;@@;@@;@573 272@;@@;@@;@0,3@;@@;@0,56
"8716901000"@;@41 003@;@195 645@;@205 462@;@205 462@;@5 906@;@199 556@;@46 909@;@0@;@0@;@0,6@;@0@;@0,56
"8703241098"@;@68 807 707@;@@;@@;@@;@@;@@;@68 807 707@;@@;@@;@0@;@@;@0,5
"5205110004"@;@117 491@;@@;@@;@@;@@;@@;@117 491@;@@;@@;@0@;@@;@0,5
"8523591000"@;@17 866@;@@;@@;@@;@@;@@;@17 866@;@@;@@;@0@;@@;@0,5
"7306619900"@;@15 485 563@;@371 097@;@22 194 450@;@23 209 778@;@28 713 802@;@2 980 633@;@34 699 380@;@1 015 328@;@1 015 328@;@1@;@1 015 328@;@0,44
"8429511000"@;@1 785 928@;@@;@2 054@;@2 054@;@2 054@;@@;@1 787 982@;@0@;@0@;@0,3@;@0@;@0,56
"7310219100"@;@140 954@;@@;@158 020@;@158 020@;@156 085@;@1 934@;@297 040@;@0@;@0@;@0,3@;@0@;@0,3
"8443140000"@;@939@;@@;@1 485@;@2 475@;@1 485@;@@;@2 424@;@990@;@939@;@0,3@;@281,7@;@0,57
"3103190000"@;@193 991@;@14 690 950@;@770 102@;@770 102@;@750 876@;@19 226@;@944 867@;@0@;@0@;@0,6@;@0@;@0,22
"0712900500"@;@452@;@@;@@;@@;@@;@@;@452@;@@;@@;@0@;@@;@0,5
"7228302000"@;@16 393@;@@;@@;@@;@@;@@;@16 393@;@@;@@;@0@;@@;@0,5
"2905149000"@;@3 524 233@;@@;@@;@@;@@;@@;@3 524 233@;@@;@@;@0@;@@;@0,5
"8702908010"@;@@;@@;@538 325@;@644 714@;@538 325@;@@;@538 325@;@106 389@;@@;@0,3@;@@;@
"2204212800"@;@45 532@;@@;@@;@@;@@;@@;@45 532@;@@;@@;@0@;@@;@0,5
"5510300000"@;@67 579@;@162 468@;@@;@@;@@;@@;@67 579@;@@;@@;@0,3@;@@;@0,56
"9018905001"@;@7 722 448@;@@;@3 794 719@;@6 604 491@;@2 976 298@;@702 729@;@10 814 438@;@2 809 772@;@2 809 772@;@0,7@;@1 966 840,4@;@0,61
"0910999100"@;@24 836@;@45 100@;@@;@@;@@;@@;@24 836@;@@;@@;@0,3@;@@;@0,56
"2907110000"@;@1 662 794@;@@;@@;@@;@@;@@;@1 662 794@;@@;@@;@0@;@@;@0,5
"7304599209"@;@@;@@;@@;@@;@@;@@;@0@;@@;@@;@0,4@;@@;@
"8207409000"@;@25 231@;@@;@@;@@;@@;@@;@25 231@;@@;@@;@0,4@;@@;@0,58
"8532300000"@;@441 329@;@446@;@@;@@;@@;@@;@441 329@;@@;@@;@0,3@;@@;@0,56
"4203291000"@;@181 690@;@@;@81 912@;@81 942@;@81 912@;@@;@263 602@;@30@;@30@;@0,7@;@21@;@0,48
"2905599100"@;@1 758@;@@;@@;@@;@@;@@;@1 758@;@@;@@;@0@;@@;@0,5
"304491080"@;@@;@@;@14 107@;@96 398@;@14 107@;@@;@14 107@;@82 291@;@@;@0,3@;@@;@
"5515992000"@;@@;@@;@2 760@;@2 760@;@2 760@;@@;@2 760@;@0@;@@;@0,3@;@@;@
"1604320010"@;@1 247 895@;@@;@@;@@;@@;@@;@1 247 895@;@@;@@;@0@;@@;@0,5
"3307900008"@;@8 848 741@;@2 121 698@;@8 297 657@;@14 851 642@;@8 319 618@;@758 939@;@16 387 459@;@6 553 985@;@6 553 985@;@1@;@6 553 985@;@0,69
"5503200000"@;@23 073 347@;@32 834 871@;@7 008 509@;@7 028 561@;@6 567 507@;@273 783@;@29 808 073@;@20 052@;@20 052@;@0,6@;@12 031,2@;@0,51
"8467219900"@;@3 070 595@;@161 383@;@2 519@;@3 704@;@2 519@;@@;@2 911 731@;@1 185@;@1 185@;@0,6@;@711@;@0,65
"305420000"@;@@;@@;@55 483@;@55 483@;@55 483@;@@;@55 483@;@0@;@@;@0,3@;@@;@
"2008119600"@;@597 548@;@291 213@;@296 290@;@312 260@;@293 927@;@3 667@;@598 958@;@15 970@;@15 970@;@1@;@15 970@;@0,71
"8462330000"@;@4 180 094@;@@;@@;@@;@@;@@;@4 180 094@;@@;@@;@0@;@@;@0,5
"8536699001"@;@@;@@;@111 400@;@111 400@;@170 712@;@71 899@;@170 712@;@0@;@@;@0,3@;@@;@
"0305599000"@;@31 536@;@@;@@;@@;@@;@@;@31 536@;@@;@@;@0@;@@;@0,5
"4706930000"@;@10 000@;@@;@20 651@;@20 651@;@20 651@;@@;@30 651@;@0@;@0@;@0,3@;@0@;@0,22
"8507600000"@;@103 128 443@;@188 082@;@576 607@;@720 759@;@580 063@;@21 881@;@103 495 087@;@144 152@;@144 152@;@0,6@;@86 491,2@;@0,62
"2836500000"@;@1 260 642@;@356 288@;@273 803@;@273 803@;@180 956@;@195 973@;@982 184@;@0@;@0@;@0,6@;@0@;@0,76
"9018499000"@;@2 129 301@;@47 950@;@114 807@;@@;@114 807@;@@;@2 196 158@;@@;@@;@0,6@;@@;@0,6
"3920510000"@;@4 277 996@;@190 880@;@@;@@;@@;@@;@4 277 996@;@@;@@;@0,3@;@@;@0,56
"7019650001"@;@36 132@;@13 861@;@@;@@;@@;@@;@36 132@;@@;@@;@0,3@;@@;@0,56
"8413910002"@;@@;@@;@1 825@;@1 825@;@1 825@;@@;@1 825@;@0@;@@;@0,3@;@@;@
"5204110000"@;@253@;@@;@42 352 623@;@46 640 739@;@32 283 385@;@9 835 178@;@32 517 698@;@4 288 116@;@253@;@0,3@;@75,9@;@100
"6402990500"@;@4 136@;@@;@@;@@;@@;@@;@4 136@;@@;@@;@0,4@;@@;@0,58
"6203411000"@;@1 255 401@;@1 288 722@;@25 416 621@;@26 011 443@;@20 111 241@;@7 522 517@;@19 149 505@;@594 822@;@594 822@;@0,6@;@356 893,2@;@0,29
"8207506000"@;@235 358@;@204@;@@;@@;@@;@@;@235 358@;@@;@@;@0,3@;@@;@0,56
"406401000"@;@@;@@;@2 646 958@;@2 702 928@;@2 646 958@;@7 935@;@2 646 958@;@55 970@;@@;@0,3@;@@;@
"2849903000"@;@257@;@@;@@;@@;@@;@@;@257@;@@;@@;@0@;@@;@0,5
"7019710001"@;@1 693@;@@;@@;@@;@@;@@;@1 693@;@@;@@;@0@;@@;@0,5
"4807003000"@;@22 644@;@86 854@;@2 824 921@;@2 846 905@;@3 498 095@;@1 711 794@;@1 135 771@;@21 984@;@21 984@;@0,6@;@13 190,4@;@0,42
"1604143100"@;@947@;@@;@@;@@;@@;@@;@947@;@@;@@;@0@;@@;@0,5
"5004001000"@;@@;@103 307@;@5 657 542@;@6 980 481@;@4 670 624@;@986 918@;@4 670 624@;@1 322 939@;@@;@0,6@;@@;@
"9001502000"@;@1 971@;@@;@@;@@;@@;@@;@1 971@;@@;@@;@0@;@@;@0,5
"7204100000"@;@1 241@;@@;@32 059@;@33 367@;@32 059@;@@;@33 300@;@1 308@;@1 241@;@0,3@;@372,3@;@0,39
"3903110000"@;@12 855 973@;@699 860@;@378 084@;@400 217@;@378 084@;@@;@12 534 197@;@22 133@;@22 133@;@0,6@;@13 279,8@;@0,63
"8546909000"@;@672 000@;@10 081@;@5 196 569@;@5 196 569@;@4 882 830@;@313 739@;@5 554 830@;@0@;@0@;@1@;@0@;@0,26
"8467295100"@;@5 477 218@;@392 060@;@@;@@;@@;@@;@5 477 218@;@@;@@;@0,3@;@@;@0,56
"2936901900"@;@@;@@;@15 010@;@90 060@;@12 482@;@4 819@;@12 482@;@75 050@;@@;@0,3@;@@;@
"8512200009"@;@7 212 748@;@23 059 759@;@62 119 371@;@62 592 134@;@64 717 162@;@799 076@;@68 533 043@;@472 763@;@472 763@;@1@;@472 763@;@0,27
"1902199000"@;@1 639 025@;@228 110@;@21 766 170@;@23 767 320@;@20 240 783@;@4 081 905@;@19 323 290@;@2 001 150@;@1 639 025@;@0,6@;@983 415@;@0,53
"6302990000"@;@@;@@;@21 090@;@21 090@;@21 090@;@@;@21 090@;@0@;@@;@0,3@;@@;@
"6302939000"@;@62 644@;@299 393@;@25 278@;@47 428@;@25 278@;@@;@87 922@;@22 150@;@22 150@;@1@;@22 150@;@0,66
"6804225000"@;@335 062@;@168@;@55 301@;@55 301@;@55 301@;@@;@390 195@;@0@;@0@;@0,6@;@0@;@0,55
"8463109000"@;@8 199 850@;@@;@@;@@;@@;@@;@8 199 850@;@@;@@;@0@;@@;@0,5
"8524990027"@;@144 764@;@@;@@;@@;@@;@@;@144 764@;@@;@@;@0@;@@;@0,5
"7318153009"@;@@;@@;@33 318@;@33 318@;@32 269@;@1 049@;@32 269@;@0@;@@;@0,3@;@@;@
"1905311900"@;@3 153 588@;@11 998 549@;@15 515 603@;@18 478 613@;@14 298 024@;@199 745@;@18 469 446@;@2 963 010@;@2 963 010@;@0,6@;@1 777 806@;@0,49
"8701211019"@;@@;@54 989@;@@;@@;@@;@@;@0@;@@;@@;@0,7@;@@;@
"2102300000"@;@503 656@;@111 963@;@@;@@;@@;@@;@503 656@;@@;@@;@0,3@;@@;@0,56
"8207601000"@;@347 821@;@@;@69 759@;@69 759@;@69 601@;@158@;@417 422@;@0@;@0@;@0,3@;@0@;@0,48
"8713100000"@;@653 655@;@@;@105 119@;@105 119@;@87 042@;@18 338@;@740 436@;@0@;@0@;@0,7@;@0@;@0,58
"6212200000"@;@16 027@;@18 591@;@@;@@;@@;@@;@16 027@;@@;@@;@0,3@;@@;@0,56
"9018905009"@;@6 049 925@;@@;@@;@@;@@;@@;@6 049 925@;@@;@@;@0,4@;@@;@0,58
"7202991000"@;@2 802@;@@;@790@;@790@;@790@;@@;@3 592@;@0@;@0@;@0,3@;@0@;@0,45
"8706001901"@;@2 277 420@;@644 436@;@@;@@;@@;@@;@2 277 420@;@@;@@;@0,3@;@@;@0,56
"2009210009"@;@26 154@;@@;@@;@@;@@;@@;@26 154@;@@;@@;@0@;@@;@0,5
"8461407100"@;@793@;@@;@@;@@;@@;@@;@793@;@@;@@;@0@;@@;@0,5
"2101209800"@;@98 555@;@@;@@;@@;@@;@@;@98 555@;@@;@@;@0@;@@;@0,5
"1604131100"@;@1 320@;@@;@13 035@;@13 035@;@13 035@;@@;@14 355@;@0@;@0@;@0,3@;@0@;@0,11
"8108200009"@;@7 579@;@@;@@;@@;@@;@@;@7 579@;@@;@@;@0@;@@;@0,5
"2204221000"@;@@;@@;@168 216@;@168 216@;@82 951@;@85 265@;@82 951@;@0@;@@;@0,3@;@@;@
"401501100"@;@@;@@;@695 801@;@727 276@;@695 801@;@@;@695 801@;@31 475@;@@;@0,3@;@@;@
"3402111000"@;@@;@@;@3 310 062@;@3 339 145@;@2 450 815@;@944 776@;@2 450 815@;@29 083@;@@;@0,3@;@@;@
"4301100090"@;@@;@@;@15 800@;@15 800@;@15 800@;@@;@15 800@;@0@;@@;@0,3@;@@;@
"2007109190"@;@45 501@;@4 170@;@@;@@;@@;@@;@45 501@;@@;@@;@0,3@;@@;@0,56
"8413702100"@;@8 832 781@;@14 547@;@2 044 589@;@2 114 860@;@1 746 685@;@567 193@;@10 295 630@;@70 271@;@70 271@;@1@;@70 271@;@0,63
"8472903000"@;@31 763 072@;@12 200@;@3 979 355@;@3 979 355@;@3 955 332@;@510 219@;@35 220 008@;@0@;@0@;@1@;@0@;@0,65
"2009399500"@;@@;@@;@333 852@;@333 852@;@412 211@;@@;@412 211@;@0@;@@;@0,3@;@@;@
"7212503000"@;@56 836@;@@;@@;@@;@@;@@;@56 836@;@@;@@;@0@;@@;@0,5
"7605110000"@;@46 356 772@;@3 628 477@;@11 078 860@;@14 642 784@;@11 109 952@;@1 094 933@;@52 712 222@;@3 563 924@;@3 563 924@;@1@;@3 563 924@;@0,66
"208909800"@;@@;@@;@9 363 717@;@9 363 717@;@10 007 394@;@102 943@;@10 007 394@;@0@;@@;@0,3@;@@;@
"7222111900"@;@48 241@;@@;@15 329@;@15 329@;@15 329@;@@;@63 570@;@0@;@0@;@0,3@;@0@;@0,44
"403101100"@;@@;@@;@5 742 607@;@62 069 963@;@5 741 975@;@632@;@5 741 975@;@56 327 356@;@@;@0,3@;@@;@
"6303999000"@;@21 973@;@37 199@;@320 891@;@320 891@;@320 891@;@854@;@342 010@;@0@;@0@;@1@;@0@;@0,23
"8523499109"@;@628@;@@;@@;@@;@@;@@;@628@;@@;@@;@0@;@@;@0,5
"7606129309"@;@611 843@;@@;@@;@@;@@;@@;@611 843@;@@;@@;@0,4@;@@;@0,58
"2009509009"@;@@;@@;@579 977@;@579 977@;@3 974 379@;@19 531@;@3 974 379@;@0@;@@;@0,3@;@@;@
"7304110008"@;@330 581@;@@;@39 501@;@39 501@;@39 501@;@@;@370 082@;@0@;@0@;@0,3@;@0@;@0,51
"2106909809"@;@@;@@;@13 527 909@;@14 838 210@;@13 347 615@;@1 057 380@;@13 347 615@;@1 310 301@;@@;@0,3@;@@;@
"8462590009"@;@135 218@;@@;@@;@@;@@;@@;@135 218@;@@;@@;@0@;@@;@0,5
"3203001009"@;@747 940@;@1 260@;@@;@@;@@;@@;@747 940@;@@;@@;@0,3@;@@;@0,56
"8802400034"@;@@;@800 000@;@@;@@;@@;@@;@0@;@@;@@;@0,3@;@@;@
"8487101000"@;@@;@@;@4 594@;@100 895@;@3 981@;@614@;@3 981@;@96 301@;@@;@0,3@;@@;@
"0908110000"@;@21 491@;@1 018@;@@;@@;@@;@@;@21 491@;@@;@@;@0,3@;@@;@0,56
"5513490000"@;@43 215@;@@;@@;@@;@@;@@;@43 215@;@@;@@;@0@;@@;@0,5
"3808610001"@;@164 369@;@@;@@;@@;@@;@@;@164 369@;@@;@@;@0@;@@;@0,5
"3801900001"@;@@;@@;@51 570@;@51 570@;@51 570@;@@;@51 570@;@0@;@@;@0,3@;@@;@
"4009110000"@;@7 068 346@;@1 258 478@;@1 789 046@;@1 820 149@;@1 394 039@;@395 007@;@7 203 907@;@31 103@;@31 103@;@0,6@;@18 661,8@;@0,61
"9025192000"@;@2 441 405@;@24 882@;@592 955@;@889 433@;@592 955@;@@;@3 009 478@;@296 478@;@296 478@;@1@;@296 478@;@0,64
"2812190000"@;@356@;@@;@@;@@;@@;@@;@356@;@@;@@;@0@;@@;@0,5
"9102110000"@;@482 001@;@30 826@;@@;@@;@@;@@;@482 001@;@@;@@;@0,3@;@@;@0,56
"8427109000"@;@1 829 116@;@61 917@;@@;@@;@@;@@;@1 829 116@;@@;@@;@0,7@;@@;@0,64
"8414594009"@;@@;@@;@@;@@;@@;@@;@0@;@@;@@;@0,4@;@@;@
"8701219011"@;@1 989 671@;@188 411@;@@;@@;@@;@@;@1 989 671@;@@;@@;@0,3@;@@;@0,56
"4403120009"@;@@;@7 000@;@@;@@;@@;@@;@0@;@@;@@;@0,3@;@@;@
"8702101995"@;@60 000@;@@;@@;@@;@@;@@;@60 000@;@@;@@;@0@;@@;@0,5
"9403500009"@;@@;@@;@544 143@;@636 066@;@528 350@;@22 576@;@528 350@;@91 923@;@@;@0,3@;@@;@
"7103910002"@;@20 125@;@@;@@;@@;@@;@@;@20 125@;@@;@@;@0@;@@;@0,5
"9001900000"@;@920 748@;@@;@@;@@;@@;@@;@920 748@;@@;@@;@0@;@@;@0,5
"803909000"@;@@;@@;@15 010@;@15 010@;@15 010@;@@;@15 010@;@0@;@@;@0,3@;@@;@
"8439300000"@;@641 908@;@@;@@;@@;@@;@@;@641 908@;@@;@@;@0@;@@;@0,5
"2204109800"@;@@;@@;@1 188 491@;@1 188 491@;@1 172 710@;@146 078@;@1 172 710@;@0@;@@;@0,3@;@@;@
"8544609009"@;@28 899 679@;@1 118 520@;@39 398 574@;@46 573 796@;@33 331 045@;@9 577 779@;@58 720 474@;@7 175 222@;@7 175 222@;@1@;@7 175 222@;@0,52
"8708709101"@;@4 124 046@;@7@;@@;@@;@@;@@;@4 124 046@;@@;@@;@0,3@;@@;@0,56
"0302859000"@;@58 746@;@@;@@;@@;@@;@@;@58 746@;@@;@@;@0@;@@;@0,5
"2712909900"@;@632 963@;@4 277 766@;@@;@@;@@;@@;@632 963@;@@;@@;@0,7@;@@;@0,64
"1106100000"@;@5 337@;@90 819@;@1 373 945@;@1 373 945@;@1 373 945@;@122 698@;@1 256 584@;@0@;@0@;@0,6@;@0@;@0,12
"8454301000"@;@1 298 091@;@700@;@8@;@88@;@8@;@@;@1 297 399@;@80@;@80@;@0,6@;@48@;@0,62
"6403910500"@;@@;@@;@3 131 494@;@3 131 494@;@1 511 195@;@1 620 299@;@1 511 195@;@0@;@@;@0,3@;@@;@
"8418219100"@;@3 212 820@;@1 698 946@;@3 110 919@;@3 481 956@;@849 153@;@2 234 189@;@4 089 550@;@371 037@;@371 037@;@1@;@371 037@;@0,63
"8411990098"@;@35 015 342@;@10 436 514@;@6 257@;@6 257@;@6 257@;@@;@24 585 085@;@0@;@0@;@0,6@;@0@;@0,83
"0207132000"@;@558@;@@;@@;@@;@@;@@;@558@;@@;@@;@0@;@@;@0,5
"8525899109"@;@1 336 424@;@@;@@;@@;@@;@@;@1 336 424@;@@;@@;@0@;@@;@0,5
"7323999900"@;@@;@@;@1 040 338@;@1 120 821@;@1 040 338@;@9 664@;@1 040 338@;@80 483@;@@;@0,3@;@@;@
"8437900000"@;@753 165@;@3 169@;@91 078@;@112 532@;@91 078@;@279@;@840 795@;@21 454@;@21 454@;@0,6@;@12 872,4@;@0,58
"8423200000"@;@909 260@;@25 374@;@278 577@;@278 577@;@278 577@;@@;@1 162 463@;@0@;@0@;@0,6@;@0@;@0,51
"8472909900"@;@712 755@;@71@;@@;@@;@@;@@;@712 755@;@@;@@;@0,3@;@@;@0,56
"2008305900"@;@909@;@220@;@@;@@;@@;@@;@909@;@@;@@;@0,3@;@@;@0,56
"8460292008"@;@39 576@;@4 000@;@@;@@;@@;@@;@39 576@;@@;@@;@0,3@;@@;@0,56
"2918130000"@;@10 017@;@@;@@;@@;@@;@@;@10 017@;@@;@@;@0,4@;@@;@0,58
"8451210001"@;@1 710@;@@;@@;@@;@@;@@;@1 710@;@@;@@;@0@;@@;@0,5
"8465109000"@;@6 035 558@;@172 615@;@114 224@;@114 224@;@114 224@;@@;@5 977 167@;@0@;@0@;@0,6@;@0@;@0,62
"9705290000"@;@@;@3 382@;@@;@@;@@;@@;@0@;@@;@@;@0,3@;@@;@
"8302600009"@;@547 590@;@257@;@20 033 463@;@20 385 675@;@19 330 994@;@702 471@;@19 878 582@;@352 212@;@352 212@;@0,6@;@211 327,2@;@0,33
"2101110014"@;@72 212@;@@;@@;@@;@@;@@;@72 212@;@@;@@;@0@;@@;@0,5
"5107203000"@;@709@;@@;@@;@@;@@;@@;@709@;@@;@@;@0@;@@;@0,5
"0104209000"@;@109 220@;@@;@@;@@;@@;@@;@109 220@;@@;@@;@0@;@@;@0,5
"2818200000"@;@4 075 320@;@27 960@;@121 343@;@121 343@;@87 711@;@94 681@;@4 074 022@;@0@;@0@;@1@;@0@;@0,7
"813503900"@;@@;@@;@252 822@;@252 822@;@252 822@;@15 675@;@252 822@;@0@;@@;@0,3@;@@;@
"0302219000"@;@371@;@@;@@;@@;@@;@@;@371@;@@;@@;@0@;@@;@0,5
"7215501900"@;@914 661@;@43 921@;@@;@@;@@;@@;@914 661@;@@;@@;@0,7@;@@;@0,64
"4012190000"@;@36 164@;@1 110@;@@;@@;@@;@@;@36 164@;@@;@@;@0,3@;@@;@0,56
"8538901900"@;@@;@@;@16 590@;@16 590@;@16 590@;@@;@16 590@;@0@;@@;@0,3@;@@;@
"3603400001"@;@33 385 597@;@@;@@;@@;@@;@@;@33 385 597@;@@;@@;@0@;@@;@0,5
"7304599200"@;@2 595 012@;@@;@@;@@;@@;@@;@2 595 012@;@@;@@;@0@;@@;@0,5
"5209490000"@;@4 538@;@22 728@;@@;@@;@@;@@;@4 538@;@@;@@;@0,7@;@@;@0,64
"2914290000"@;@187 185@;@@;@@;@@;@@;@@;@187 185@;@@;@@;@0@;@@;@0,5
"8507800009"@;@441 420@;@13 768@;@@;@@;@@;@@;@441 420@;@@;@@;@0,3@;@@;@0,56
"8472901000"@;@3 872 942@;@213 741@;@@;@@;@@;@@;@3 872 942@;@@;@@;@0,3@;@@;@0,56
"8102990000"@;@3 510@;@34 085 834@;@20 234 008@;@56 205 578@;@18 943 368@;@1 842 500@;@18 395 018@;@35 971 570@;@3 510@;@0,6@;@2 106@;@100
"4419900000"@;@311 626@;@147 555@;@11 103@;@11 103@;@11 103@;@@;@175 174@;@0@;@0@;@0,6@;@0@;@1,01
"7306199000"@;@159 665@;@@;@@;@@;@@;@@;@159 665@;@@;@@;@0@;@@;@0,5
"5603931000"@;@55 343@;@69 300@;@5 225 294@;@5 400 130@;@3 725 526@;@1 499 768@;@3 780 869@;@174 836@;@55 343@;@0,6@;@33 205,8@;@1,08
"0713331000"@;@14 925@;@789 879@;@@;@@;@@;@@;@14 925@;@@;@@;@0,3@;@@;@0,56
"8306300000"@;@30 782@;@225@;@8 254@;@9 716@;@1 462@;@6 792@;@32 019@;@1 462@;@1 462@;@1@;@1 462@;@0,69
"6403511900"@;@159 904@;@459@;@260 624@;@414 179@;@258 886@;@7 593@;@412 935@;@153 555@;@153 555@;@0,6@;@92 133@;@0,6
"7508900001"@;@1 221@;@@;@790@;@790@;@790@;@@;@2 011@;@0@;@0@;@0,3@;@0@;@0,36
"8542319010"@;@8 419 170@;@41 638@;@@;@@;@@;@@;@8 419 170@;@@;@@;@0,3@;@@;@0,56
"5212141000"@;@24 366@;@@;@@;@@;@@;@@;@24 366@;@@;@@;@0@;@@;@0,5
"8515290009"@;@18 357 679@;@754@;@@;@@;@@;@@;@18 357 679@;@@;@@;@0,3@;@@;@0,56
"6304990000"@;@58 040@;@11 032@;@478 642@;@486 524@;@479 544@;@5 921@;@530 761@;@7 882@;@7 882@;@1@;@7 882@;@0,3
"3809103000"@;@@;@@;@29 397@;@29 397@;@29 397@;@@;@29 397@;@0@;@@;@0,7@;@@;@
"0602201000"@;@30 000@;@93 687@;@@;@@;@@;@@;@30 000@;@@;@@;@0,7@;@@;@0,64
"6203413000"@;@129@;@@;@4 018 067@;@4 036 370@;@3 391 655@;@277 970@;@3 740 226@;@18 303@;@129@;@0,3@;@38,7@;@42,63
"7318158900"@;@4 050 651@;@13 818@;@17 805@;@21 068@;@17 252@;@553@;@4 054 085@;@3 263@;@3 263@;@1@;@3 263@;@0,7
"7208512001"@;@4 986@;@@;@99 777@;@100 645@;@99 777@;@@;@104 763@;@868@;@868@;@0,3@;@260,4@;@0,14
"5105290000"@;@391 962@;@@;@@;@@;@@;@@;@391 962@;@@;@@;@0@;@@;@0,5
"8535900000"@;@@;@@;@1 489 422@;@1 489 422@;@1 501 966@;@5 346@;@1 501 966@;@0@;@@;@0,3@;@@;@
"0406303100"@;@7 056 561@;@2 528@;@@;@@;@@;@@;@7 056 561@;@@;@@;@0,7@;@@;@0,64
"2809200000"@;@1 711 366@;@8 097@;@17 129@;@42 264@;@18 822@;@@;@1 720 398@;@25 135@;@25 135@;@1@;@25 135@;@0,7
"3817005000"@;@710 903@;@@;@@;@@;@@;@@;@710 903@;@@;@@;@0@;@@;@0,5
"9617009000"@;@@;@@;@407 733@;@407 733@;@407 733@;@31@;@407 733@;@0@;@@;@0,3@;@@;@
"201300000"@;@@;@@;@132 958@;@295 926@;@132 958@;@@;@132 958@;@162 968@;@@;@0,3@;@@;@
"8466300000"@;@70 642@;@38 402@;@790@;@790@;@790@;@@;@33 030@;@0@;@0@;@0,6@;@0@;@1,19
"8504901700"@;@2 911 459@;@1 969@;@7 900@;@7 900@;@7 900@;@@;@2 917 390@;@0@;@0@;@1@;@0@;@0,7
"8529106900"@;@140 359@;@25 045@;@@;@@;@@;@@;@140 359@;@@;@@;@0,3@;@@;@0,56
"406309000"@;@@;@@;@3 928 063@;@4 283 499@;@3 928 063@;@@;@3 928 063@;@355 436@;@@;@0,3@;@@;@
"8708809909"@;@7 254 643@;@1 461 057@;@2 293 435@;@2 333 450@;@2 292 882@;@75 604@;@8 011 417@;@40 015@;@40 015@;@0,6@;@24 009@;@0,57
"7613000000"@;@317 140@;@39@;@@;@@;@@;@@;@317 140@;@@;@@;@0,3@;@@;@0,56
"9014800000"@;@222 529@;@@;@@;@@;@@;@@;@222 529@;@@;@@;@0@;@@;@0,5
"7306308000"@;@9 615 208@;@286 177@;@4 164 597@;@23 042 722@;@3 483 812@;@4 715 233@;@8 778 395@;@18 878 125@;@9 615 208@;@1@;@9 615 208@;@1,34
"8524910026"@;@19 530 500@;@5 710@;@@;@@;@@;@@;@19 530 500@;@@;@@;@0,3@;@@;@0,56
"8504408700"@;@67 599 310@;@299 314@;@575 432@;@1 033 337@;@575 432@;@@;@67 875 428@;@457 905@;@457 905@;@0,6@;@274 743@;@0,62
"5703210002"@;@@;@89 645@;@@;@@;@@;@@;@0@;@@;@@;@0,7@;@@;@
"2918160000"@;@752 025@;@4 828@;@@;@@;@@;@@;@752 025@;@@;@@;@0,3@;@@;@0,56
"8431200000"@;@487 638@;@2 848@;@432 920@;@456 120@;@432 920@;@@;@917 710@;@23 200@;@23 200@;@0,6@;@13 920@;@0,4
"5407410000"@;@691 839@;@@;@4 855@;@4 855@;@4 855@;@@;@696 694@;@0@;@0@;@0,3@;@0@;@0,56
"8428102005"@;@@;@@;@@;@@;@@;@@;@0@;@@;@@;@0,4@;@@;@
"8421310009"@;@@;@@;@@;@@;@@;@@;@0@;@@;@@;@0,4@;@@;@
"8536902000"@;@1 492@;@@;@@;@@;@@;@@;@1 492@;@@;@@;@0@;@@;@0,5
"4410900000"@;@@;@@;@96 128@;@98 735@;@96 128@;@4 399@;@96 128@;@2 607@;@@;@0,3@;@@;@
"8431399500"@;@@;@@;@83 061@;@91 721@;@52 986@;@50 111@;@52 986@;@8 660@;@@;@0,3@;@@;@
"4819600000"@;@37 467@;@2 048@;@1 112 851@;@1 112 851@;@941 191@;@129 510@;@1 020 808@;@0@;@0@;@0,6@;@0@;@0,14
"9205100000"@;@62 977@;@@;@@;@@;@@;@@;@62 977@;@@;@@;@0@;@@;@0,5
"7324210000"@;@436 277@;@@;@64 582@;@64 582@;@38 457@;@36 071@;@464 788@;@0@;@0@;@0,3@;@0@;@0,53
"2818109900"@;@380@;@@;@@;@@;@@;@@;@380@;@@;@@;@0@;@@;@0,5
"8516802009"@;@4 306 946@;@8 424@;@6 158@;@6 158@;@6 111@;@47@;@4 304 633@;@0@;@0@;@1@;@0@;@0,7
"8524190090"@;@125 238@;@@;@@;@@;@@;@@;@125 238@;@@;@@;@0@;@@;@0,5
"0702000002"@;@17 400@;@2 682 983@;@@;@@;@@;@@;@17 400@;@@;@@;@0,3@;@@;@0,56
"6304191000"@;@85 357@;@1 390 456@;@132 455@;@135 267@;@132 455@;@@;@217 812@;@2 812@;@2 812@;@1@;@2 812@;@0,41
"712901100"@;@@;@@;@941 811@;@941 811@;@941 811@;@@;@941 811@;@0@;@@;@0,3@;@@;@
"4818500000"@;@431@;@@;@4 560@;@4 560@;@4 560@;@@;@4 991@;@0@;@0@;@0,3@;@0@;@0,1
"3303001000"@;@3 111 469@;@27 444@;@1 608 608@;@1 614 280@;@1 072 657@;@535 950@;@4 156 683@;@5 672@;@5 672@;@0,6@;@3 403,2@;@0,49
"5905007000"@;@383 896@;@@;@181 364@;@181 364@;@181 364@;@@;@565 260@;@0@;@0@;@0,3@;@0@;@0,4
"0307499800"@;@13 647@;@@;@@;@@;@@;@@;@13 647@;@@;@@;@0@;@@;@0,5
"4415202000"@;@43 809@;@13 366@;@19 156 403@;@19 385 740@;@14 384 678@;@4 792 725@;@14 407 487@;@229 337@;@43 809@;@1@;@43 809@;@1,77
"8716400000"@;@115 410@;@85 845@;@271 682@;@271 682@;@211 554@;@145 368@;@241 724@;@0@;@0@;@1@;@0@;@0,44
"8529106500"@;@39 047@;@@;@@;@@;@@;@@;@39 047@;@@;@@;@0@;@@;@0,5
"2008979300"@;@@;@300@;@@;@@;@@;@@;@0@;@@;@@;@0,3@;@@;@
"5515998000"@;@45 492@;@@;@1 674@;@1 674@;@1 674@;@@;@47 166@;@0@;@0@;@0,3@;@0@;@0,54
"0406105009"@;@4 973 952@;@39@;@@;@@;@@;@@;@4 973 952@;@@;@@;@0,3@;@@;@0,56
"3505205000"@;@23 076@;@@;@30 371@;@33 863@;@24 619@;@5 753@;@47 694@;@3 492@;@3 492@;@0,3@;@1 047,6@;@0,35
"4908100000"@;@248 210@;@@;@@;@@;@@;@@;@248 210@;@@;@@;@0@;@@;@0,5
"7202499000"@;@2 339 690@;@@;@790@;@790@;@790@;@@;@2 340 480@;@0@;@0@;@0,3@;@0@;@0,56
"2403999008"@;@30 636 821@;@8 743 815@;@@;@@;@@;@@;@30 636 821@;@@;@@;@0,3@;@@;@0,56
"1517101000"@;@@;@@;@28 172 014@;@28 856 523@;@30 410 918@;@1 304 933@;@30 410 918@;@684 509@;@@;@0,3@;@@;@
"2933691000"@;@251 000@;@@;@@;@@;@@;@@;@251 000@;@@;@@;@0@;@@;@0,5
"4016995209"@;@5 672 550@;@330 706@;@601 531@;@603 916@;@919 776@;@102 591@;@5 840 784@;@2 385@;@2 385@;@0,6@;@1 431@;@0,61
"8542321000"@;@3@;@@;@@;@@;@@;@@;@3@;@@;@@;@0@;@@;@0,5
"5407691000"@;@708@;@@;@@;@@;@@;@@;@708@;@@;@@;@0@;@@;@0,5
"7013371000"@;@219 353@;@2 226@;@@;@@;@@;@@;@219 353@;@@;@@;@0,3@;@@;@0,56
"8518309500"@;@2 907 742@;@61 144@;@28 394@;@28 394@;@28 394@;@@;@2 874 992@;@0@;@0@;@0,6@;@0@;@0,63
"7907000001"@;@242 797@;@@;@22 315@;@22 315@;@22 315@;@@;@265 112@;@0@;@0@;@0,3@;@0@;@0,52
"8301500000"@;@9 537@;@@;@82 331@;@190 166@;@82 331@;@59 810@;@32 058@;@107 835@;@9 537@;@0,7@;@6 675,9@;@3,68
"8703321910"@;@183 296@;@@;@78 860@;@118 290@;@78 860@;@@;@262 156@;@39 430@;@39 430@;@0,3@;@11 829@;@0,47
"8418408001"@;@383 473@;@3 718@;@@;@@;@@;@@;@383 473@;@@;@@;@0,3@;@@;@0,56
"5309210000"@;@12 526@;@@;@@;@@;@@;@@;@12 526@;@@;@@;@0@;@@;@0,5
"6110113000"@;@869 089@;@13 197@;@3 691 560@;@3 691 560@;@162 584@;@3 206 597@;@1 354 052@;@0@;@0@;@0,6@;@0@;@0,44
"2921490000"@;@276 018@;@@;@@;@@;@@;@@;@276 018@;@@;@@;@0@;@@;@0,5
"5206120000"@;@@;@@;@32 430 615@;@32 438 195@;@26 877 946@;@3 203 034@;@26 877 946@;@7 580@;@@;@0,3@;@@;@
"2009899700"@;@50 540@;@@;@@;@@;@@;@@;@50 540@;@@;@@;@0@;@@;@0,5
"8413708900"@;@6 435 483@;@15 000@;@1 437 145@;@1 517 067@;@1 431 546@;@80 211@;@7 777 417@;@79 922@;@79 922@;@0,6@;@47 953,2@;@0,54
"2805110000"@;@@;@@;@12 294@;@12 294@;@12 294@;@@;@12 294@;@0@;@@;@0,3@;@@;@
"2902110000"@;@3 282 798@;@@;@@;@@;@@;@@;@3 282 798@;@@;@@;@0@;@@;@0,5
"8528692000"@;@615 208@;@@;@@;@@;@@;@@;@615 208@;@@;@@;@0@;@@;@0,5
"8708405009"@;@5 274 099@;@184 336@;@1 152 009@;@1 159 909@;@1 152 009@;@75 051@;@6 166 721@;@7 900@;@7 900@;@0,6@;@4 740@;@0,55
"8517130000"@;@367 271 306@;@2 898 321@;@411@;@411@;@411@;@@;@364 373 396@;@0@;@0@;@0,6@;@0@;@0,62
"9603210000"@;@4 862 991@;@122 682@;@1 084 644@;@1 091 380@;@1 045 702@;@101 782@;@5 723 171@;@6 736@;@6 736@;@0,6@;@4 041,6@;@0,55
"8711209800"@;@748 778@;@81 356@;@@;@@;@@;@@;@748 778@;@@;@@;@0,7@;@@;@0,64
"403907100"@;@@;@@;@2 459 568@;@2 459 568@;@638 175@;@1 809 542@;@638 175@;@0@;@@;@0,3@;@@;@
"2303209000"@;@10 059@;@@;@47 090@;@47 090@;@47 090@;@@;@57 149@;@0@;@0@;@0,3@;@0@;@0,15
"7310211100"@;@@;@@;@46 456@;@46 456@;@46 456@;@@;@46 456@;@0@;@@;@0,3@;@@;@
"2710124120"@;@10 561 687@;@2 173 076@;@2 549 010@;@2 549 010@;@2 016 368@;@2 368 957@;@8 568 664@;@0@;@0@;@0,6@;@0@;@0,74
"7326901000"@;@@;@@;@790@;@790@;@790@;@@;@790@;@0@;@@;@0,3@;@@;@
"3907500000"@;@12 255 328@;@25 080@;@917 747@;@920 112@;@917 747@;@@;@13 147 995@;@2 365@;@2 365@;@0,6@;@1 419@;@0,59
"3920108900"@;@2 968 996@;@115 676@;@9 545 496@;@9 966 069@;@9 750 426@;@6 682@;@12 507 810@;@420 573@;@420 573@;@1@;@420 573@;@0,36
"4016930002"@;@@;@@;@1 687@;@1 687@;@1 687@;@@;@1 687@;@0@;@@;@0,3@;@@;@
"5407740000"@;@2 680@;@@;@@;@@;@@;@@;@2 680@;@@;@@;@0@;@@;@0,5
"5301290000"@;@235 319@;@@;@@;@@;@@;@@;@235 319@;@@;@@;@0@;@@;@0,5
"8418108008"@;@@;@@;@@;@@;@@;@@;@0@;@@;@@;@0,4@;@@;@
"6112319000"@;@31 214@;@12 493@;@@;@@;@@;@@;@31 214@;@@;@@;@0,3@;@@;@0,56
"2710194260"@;@@;@@;@557 829@;@557 829@;@@;@557 829@;@0@;@0@;@@;@0,3@;@@;@
"7616100000"@;@1 085 663@;@5 956@;@2 909 191@;@2 954 195@;@1 719 390@;@1 189 800@;@2 805 054@;@45 004@;@45 004@;@1@;@45 004@;@0,41
"0713310009"@;@8 847@;@30 481 994@;@@;@@;@@;@@;@8 847@;@@;@@;@0,3@;@@;@0,56
"9405490022"@;@3 217@;@268@;@@;@@;@@;@@;@3 217@;@@;@@;@0,3@;@@;@0,56
"3003200000"@;@909 713@;@@;@2 121 084@;@2 151 913@;@1 925 421@;@306 457@;@2 724 340@;@30 829@;@30 829@;@0,3@;@9 248,7@;@0,24
"5801270000"@;@7 417@;@209 799@;@127 878@;@127 878@;@127 878@;@@;@135 295@;@0@;@0@;@0,6@;@0@;@0,15
"8504312100"@;@1 657 949@;@@;@4 772 253@;@4 944 724@;@4 636 817@;@135 436@;@6 294 766@;@172 471@;@172 471@;@0,3@;@51 741,3@;@0,22
"4203299000"@;@32 089@;@@;@49 723@;@58 770@;@49 723@;@@;@81 812@;@9 047@;@9 047@;@0,7@;@6 332,9@;@0,42
"3824901000"@;@@;@@;@7 426 483@;@8 411 760@;@7 355 442@;@34 116@;@7 355 442@;@985 277@;@@;@0,3@;@@;@
"7223001909"@;@2 368 079@;@510 824@;@1 000 295@;@1 394 139@;@868 939@;@131 356@;@2 726 194@;@393 844@;@393 844@;@0,6@;@236 306,4@;@0,6
"0102294900"@;@22 308 866@;@@;@@;@@;@@;@@;@22 308 866@;@@;@@;@0@;@@;@0,5
"4002490000"@;@86 795@;@@;@@;@@;@@;@@;@86 795@;@@;@@;@0@;@@;@0,5
"2106909804"@;@6 295@;@@;@288 681@;@288 681@;@273 837@;@16 356@;@278 620@;@0@;@0@;@0,3@;@0@;@0,07
"6204499000"@;@327 061@;@77 463@;@277 734@;@277 734@;@268 830@;@8 903@;@595 892@;@0@;@0@;@0,6@;@0@;@0,39
"4707901000"@;@5 410@;@27 953@;@@;@@;@@;@@;@5 410@;@@;@@;@0,3@;@@;@0,56
"6003400000"@;@@;@@;@2 235 607@;@2 257 133@;@2 235 179@;@3 327 561@;@2 235 179@;@21 526@;@@;@0,3@;@@;@
"8705400005"@;@353 775@;@@;@@;@@;@@;@@;@353 775@;@@;@@;@0@;@@;@0,5
"5307200000"@;@4 087 094@;@@;@248 096@;@265 268@;@212 961@;@35 136@;@4 300 054@;@17 172@;@17 172@;@0,3@;@5 151,6@;@0,54
"7204419900"@;@361@;@@;@22 965 941@;@22 965 941@;@22 965 941@;@@;@22 966 302@;@0@;@0@;@0,3@;@0@;@0,06
"3606100000"@;@5 794@;@@;@@;@@;@@;@@;@5 794@;@@;@@;@0@;@@;@0,5
"0403209009"@;@668@;@@;@@;@@;@@;@@;@668@;@@;@@;@0@;@@;@0,5
"2710196601"@;@214 730 168@;@51 539@;@@;@@;@@;@@;@214 730 168@;@@;@@;@0,3@;@@;@0,56
"2204214600"@;@8 884@;@@;@@;@@;@@;@@;@8 884@;@@;@@;@0@;@@;@0,5
"1604200500"@;@691 528@;@@;@2 335@;@2 335@;@2 335@;@@;@693 863@;@0@;@0@;@0,3@;@0@;@0,56
"9405290029"@;@22 838@;@@;@@;@@;@@;@@;@22 838@;@@;@@;@0@;@@;@0,5
"8413703000"@;@7 003 223@;@13 969@;@102 306@;@106 983@;@102 067@;@239@;@7 091 321@;@4 677@;@4 677@;@0,6@;@2 806,2@;@0,61
"8516792000"@;@113 763@;@3 732@;@1 356 075@;@1 377 188@;@3 136 855@;@847 888@;@621 950@;@21 113@;@21 113@;@0,6@;@12 667,8@;@0,27
"6401990000"@;@122 752@;@5 308 536@;@9 542 482@;@44 995 475@;@7 144 128@;@6 022 162@;@3 643 072@;@35 452 993@;@122 752@;@1@;@122 752@;@86,86
"7409110000"@;@254 230@;@7 676 524@;@@;@@;@@;@@;@254 230@;@@;@@;@0,3@;@@;@0,56
"3405200000"@;@60 611@;@@;@2 955@;@2 955@;@2 505@;@450@;@63 116@;@0@;@0@;@0,3@;@0@;@0,54
"2008927800"@;@@;@@;@304 211@;@320 222@;@304 211@;@@;@304 211@;@16 011@;@@;@0,3@;@@;@
"403903100"@;@@;@@;@8 326@;@10 359@;@8 326@;@@;@8 326@;@2 033@;@@;@0,3@;@@;@
"2904990000"@;@77 463@;@@;@@;@@;@@;@@;@77 463@;@@;@@;@0@;@@;@0,5
"2009691100"@;@@;@@;@3 587 009@;@3 590 490@;@1 629 828@;@1 958 050@;@1 629 828@;@3 481@;@@;@0,3@;@@;@
"1902191000"@;@5 184 333@;@7 972@;@19 433 476@;@20 343 207@;@18 591 638@;@1 460 309@;@23 157 500@;@909 731@;@909 731@;@0,6@;@545 838,6@;@0,28
"7112910000"@;@@;@@;@13 322@;@13 403@;@13 322@;@@;@13 322@;@81@;@@;@0,3@;@@;@
"3824996400"@;@2 072 549@;@@;@@;@@;@@;@@;@2 072 549@;@@;@@;@0@;@@;@0,5
"7419800000"@;@2 977 347@;@5 234 935@;@21 710@;@21 710@;@20 995@;@715@;@2 998 342@;@0@;@0@;@1@;@0@;@0,7
"7204211000"@;@@;@2 475 173@;@@;@@;@@;@@;@0@;@@;@@;@0,3@;@@;@
"2905410000"@;@73@;@@;@@;@@;@@;@@;@73@;@@;@@;@0@;@@;@0,5
"2009491901"@;@@;@@;@779 126@;@779 126@;@1 256 409@;@85 599@;@1 256 409@;@0@;@@;@0,3@;@@;@
"8527921000"@;@256@;@@;@@;@@;@@;@@;@256@;@@;@@;@0@;@@;@0,5
"7214911000"@;@603 982@;@@;@1 229@;@1 229@;@1 229@;@@;@605 211@;@0@;@0@;@0,7@;@0@;@0,64
"7308909900"@;@@;@@;@861 915@;@924 670@;@860 402@;@13 188@;@860 402@;@62 755@;@@;@0,3@;@@;@
"7318129000"@;@1 428 891@;@1 967 048@;@200 451@;@2 090 868@;@200 451@;@@;@1 629 342@;@1 890 417@;@1 428 891@;@0,6@;@857 334,6@;@0,96
"0307510000"@;@524@;@@;@@;@@;@@;@@;@524@;@@;@@;@0@;@@;@0,5
"8462299800"@;@@;@@;@5 998 966@;@5 998 966@;@5 998 966@;@@;@5 998 966@;@0@;@@;@0,3@;@@;@
"6401100000"@;@25 607@;@@;@238 713@;@238 713@;@237 141@;@1 572@;@262 748@;@0@;@0@;@0,7@;@0@;@0,19
"0406903209"@;@152 695@;@@;@@;@@;@@;@@;@152 695@;@@;@@;@0@;@@;@0,5
"0701909000"@;@59 425 215@;@21 101@;@@;@@;@@;@@;@59 425 215@;@@;@@;@0,7@;@@;@0,64
"8703211010"@;@@;@@;@98 281@;@98 281@;@52 428@;@65 316@;@52 428@;@0@;@@;@0,3@;@@;@
"9018329000"@;@25 829@;@@;@@;@@;@@;@@;@25 829@;@@;@@;@0@;@@;@0,5
"5702509000"@;@79@;@@;@9 321 353@;@9 321 353@;@7 293 653@;@4 600 840@;@4 720 592@;@0@;@0@;@0,3@;@0@;@0,06
"8526920008"@;@3 875 096@;@12@;@@;@@;@@;@@;@3 875 096@;@@;@@;@0,3@;@@;@0,56
"8711400000"@;@65 721@;@@;@@;@@;@@;@@;@65 721@;@@;@@;@0@;@@;@0,5
"8548902000"@;@@;@@;@15 960@;@16 675@;@15 960@;@@;@15 960@;@715@;@@;@0,3@;@@;@
"9306309000"@;@264 620@;@56 111@;@@;@@;@@;@@;@264 620@;@@;@@;@0,3@;@@;@0,56
"8445130002"@;@6 738 781@;@@;@@;@@;@@;@@;@6 738 781@;@@;@@;@0@;@@;@0,5
"0102213000"@;@452 275@;@@;@@;@@;@@;@@;@452 275@;@@;@@;@0@;@@;@0,5
"8525831900"@;@23 169@;@@;@@;@@;@@;@@;@23 169@;@@;@@;@0@;@@;@0,5
"2007109110"@;@46 135@;@@;@@;@@;@@;@@;@46 135@;@@;@@;@0@;@@;@0,5
"5208430000"@;@27 423@;@@;@@;@@;@@;@@;@27 423@;@@;@@;@0@;@@;@0,5
"8544111000"@;@887 185@;@10 427 219@;@76 215 051@;@81 073 862@;@55 956 545@;@2 347 242@;@74 754 994@;@4 858 811@;@887 185@;@1@;@887 185@;@1,85
"2931200000"@;@69 061@;@@;@@;@@;@@;@@;@69 061@;@@;@@;@0@;@@;@0,5
"0709992000"@;@@;@117 982@;@@;@@;@@;@@;@0@;@@;@@;@0,3@;@@;@
"0307998000"@;@22 968@;@@;@@;@@;@@;@@;@22 968@;@@;@@;@0@;@@;@0,5
"6211490001"@;@13 116@;@2 281@;@@;@@;@@;@@;@13 116@;@@;@@;@0,7@;@@;@0,64
"3903909000"@;@1 946 270@;@99 202@;@@;@@;@@;@@;@1 946 270@;@@;@@;@0,3@;@@;@0,56
"4301100010"@;@@;@@;@16 553@;@16 553@;@16 553@;@868@;@16 553@;@0@;@@;@0,3@;@@;@
"8408203100"@;@80 652@;@@;@@;@@;@@;@@;@80 652@;@@;@@;@0@;@@;@0,5
"8205510090"@;@1 439 318@;@3 354@;@45 316@;@45 316@;@45 316@;@@;@1 481 280@;@0@;@0@;@0,6@;@0@;@0,61
"8007001000"@;@2 035@;@@;@123 199@;@154 876@;@123 199@;@@;@125 234@;@31 677@;@2 035@;@0,3@;@610,5@;@4,74
"8450200000"@;@4 568 379@;@2 491 046@;@@;@@;@@;@@;@4 568 379@;@@;@@;@0,7@;@@;@0,64
"4805400000"@;@530 301@;@@;@@;@@;@@;@@;@530 301@;@@;@@;@0@;@@;@0,5
"0803901000"@;@62 959 608@;@98@;@@;@@;@@;@@;@62 959 608@;@@;@@;@0,3@;@@;@0,56
"6116920000"@;@20 014@;@7 571 011@;@1 950 721@;@1 991 394@;@1 354 401@;@868 141@;@1 102 594@;@40 673@;@20 014@;@1@;@20 014@;@0,82
"4418208000"@;@@;@@;@7 755 784@;@9 329 274@;@4 300 924@;@17 304 858@;@4 300 924@;@1 573 490@;@@;@0,3@;@@;@
"7216220000"@;@457@;@547@;@1 296 524@;@1 296 524@;@1 295 027@;@150@;@1 296 831@;@0@;@0@;@0,6@;@0@;@0,12
"8414600008"@;@432 594@;@1 458 944@;@@;@@;@@;@@;@432 594@;@@;@@;@0,7@;@@;@0,64
"9013100000"@;@32 512@;@@;@@;@@;@@;@@;@32 512@;@@;@@;@0@;@@;@0,5
"5309190000"@;@120 756@;@@;@@;@@;@@;@@;@120 756@;@@;@@;@0@;@@;@0,5
"4201000000"@;@41 637@;@129 162@;@21 805@;@21 861@;@21 805@;@@;@63 442@;@56@;@56@;@0,6@;@33,6@;@0,45
"9005100000"@;@168 813@;@@;@@;@@;@@;@@;@168 813@;@@;@@;@0@;@@;@0,5
"5205120008"@;@140 490@;@277 378@;@@;@@;@@;@@;@140 490@;@@;@@;@0,3@;@@;@0,56
"2204219300"@;@234 812@;@@;@@;@@;@@;@@;@234 812@;@@;@@;@0@;@@;@0,5
"8460241001"@;@207 400@;@@;@@;@@;@@;@@;@207 400@;@@;@@;@0@;@@;@0,5
"4810190001"@;@903 270@;@@;@@;@@;@@;@@;@903 270@;@@;@@;@0@;@@;@0,5
"8704239809"@;@1 222 213@;@377 276@;@@;@@;@@;@@;@1 222 213@;@@;@@;@0,3@;@@;@0,56
"2916140000"@;@141 964@;@3 093@;@@;@@;@@;@@;@141 964@;@@;@@;@0,3@;@@;@0,56
"9016001000"@;@950 463@;@108 376@;@@;@@;@@;@@;@950 463@;@@;@@;@0,3@;@@;@0,56
"1207509000"@;@5 018@;@@;@@;@@;@@;@@;@5 018@;@@;@@;@0@;@@;@0,5
"7307998009"@;@4 992 783@;@23 430@;@526 385@;@526 385@;@526 385@;@@;@5 495 738@;@0@;@0@;@1@;@0@;@0,65
"8703211099"@;@7 167 116@;@33 670@;@@;@@;@@;@@;@7 167 116@;@@;@@;@0,3@;@@;@0,56
"9619007101"@;@5 936 774@;@501 601@;@9 456 155@;@9 904 798@;@7 982 820@;@2 202 711@;@13 190 218@;@448 643@;@448 643@;@0,6@;@269 185,8@;@0,37
"7304395200"@;@5 665@;@@;@@;@@;@@;@@;@5 665@;@@;@@;@0@;@@;@0,5
"8714969000"@;@140 300@;@3 214@;@@;@@;@@;@@;@140 300@;@@;@@;@0,3@;@@;@0,56
"8425310009"@;@@;@@;@@;@@;@@;@@;@0@;@@;@@;@0,4@;@@;@
"2102209000"@;@66 321@;@@;@@;@@;@@;@@;@66 321@;@@;@@;@0@;@@;@0,5
"9403901000"@;@@;@@;@3 831 032@;@4 404 769@;@3 524 928@;@337 729@;@3 524 928@;@573 737@;@@;@0,3@;@@;@
"811909500"@;@@;@@;@3 305 007@;@3 305 007@;@3 305 007@;@1 050 468@;@3 305 007@;@0@;@@;@0,3@;@@;@
"8479600000"@;@993 155@;@@;@@;@@;@@;@@;@993 155@;@@;@@;@0@;@@;@0,5
"2009393109"@;@9 103@;@@;@@;@@;@@;@@;@9 103@;@@;@@;@0@;@@;@0,5
"2710198100"@;@@;@@;@9 554 496@;@10 616 107@;@8 795 104@;@3 027 768@;@8 795 104@;@1 061 611@;@@;@0,3@;@@;@
"8541300009"@;@2 106 294@;@904@;@@;@@;@@;@@;@2 106 294@;@@;@@;@0,3@;@@;@0,56
"2205101000"@;@115 334@;@@;@@;@@;@@;@@;@115 334@;@@;@@;@0@;@@;@0,5
"4409101800"@;@1 896 108@;@17 377@;@1 126 315@;@1 126 315@;@288 212@;@838 103@;@2 166 943@;@0@;@0@;@0,6@;@0@;@0,56
"3913100000"@;@949 630@;@@;@@;@@;@@;@@;@949 630@;@@;@@;@0@;@@;@0,5
"9018908409"@;@37 629 160@;@233 417@;@741 311@;@1 469 826@;@562 370@;@360 210@;@37 776 844@;@728 515@;@728 515@;@1@;@728 515@;@0,7
"4407920000"@;@359 718@;@@;@@;@@;@@;@@;@359 718@;@@;@@;@0@;@@;@0,5
"5205440008"@;@11 079@;@@;@@;@@;@@;@@;@11 079@;@@;@@;@0@;@@;@0,5
"305511000"@;@@;@@;@237 336@;@237 336@;@237 336@;@@;@237 336@;@0@;@@;@0,3@;@@;@
"4804395800"@;@@;@@;@237@;@237@;@237@;@@;@237@;@0@;@@;@0,3@;@@;@
"6212300000"@;@7 220@;@@;@790@;@790 000@;@790@;@@;@8 010@;@789 210@;@7 220@;@0,3@;@2 166@;@33,3
"3301297100"@;@9 097@;@@;@@;@@;@@;@@;@9 097@;@@;@@;@0@;@@;@0,5
"7211130000"@;@19 787@;@@;@124 361@;@124 361@;@124 361@;@@;@144 148@;@0@;@0@;@0,3@;@0@;@0,13
"2918110000"@;@1 154 747@;@4 278@;@@;@@;@@;@@;@1 154 747@;@@;@@;@0,3@;@@;@0,56
"9003900009"@;@1 649@;@51@;@@;@@;@@;@@;@1 649@;@@;@@;@0,3@;@@;@0,56
"2515200000"@;@12 921@;@17@;@135 707@;@137 682@;@99 260@;@6 036@;@142 592@;@1 975@;@1 975@;@0,6@;@1 185@;@0,21
"9102990000"@;@2 027@;@@;@@;@@;@@;@@;@2 027@;@@;@@;@0@;@@;@0,5
"8528711300"@;@@;@@;@368 093@;@368 093@;@368 093@;@@;@368 093@;@0@;@@;@0,3@;@@;@
"4412340000"@;@132 794@;@@;@@;@@;@@;@@;@132 794@;@@;@@;@0@;@@;@0,5
"6103320000"@;@52 445@;@702 980@;@17 284@;@17 284@;@17 284@;@@;@69 729@;@0@;@0@;@1@;@0@;@0,58
"7304220001"@;@@;@@;@20 581@;@20 581@;@20 581@;@@;@20 581@;@0@;@@;@0,3@;@@;@
"2810001000"@;@231@;@@;@@;@@;@@;@@;@231@;@@;@@;@0@;@@;@0,5
"3911901100"@;@325@;@@;@@;@@;@@;@@;@325@;@@;@@;@0@;@@;@0,5
"4012200001"@;@@;@@;@474@;@474@;@474@;@@;@474@;@0@;@@;@0,3@;@@;@
"5401201000"@;@8 189@;@@;@@;@@;@@;@@;@8 189@;@@;@@;@0@;@@;@0,5
"9207103000"@;@458 646@;@@;@@;@@;@@;@@;@458 646@;@@;@@;@0@;@@;@0,5
"6203291100"@;@54 518@;@20 703@;@2 643 675@;@2 686 728@;@2 665 137@;@230 172@;@2 468 021@;@43 053@;@43 053@;@1@;@43 053@;@0,45
"8501800009"@;@@;@@;@@;@@;@@;@@;@0@;@@;@@;@0,4@;@@;@
"3209100009"@;@6 436 351@;@1 029 429@;@36 274 519@;@43 176 633@;@35 131 913@;@2 266 376@;@40 444 494@;@6 902 114@;@6 436 351@;@1@;@6 436 351@;@0,6
"2827393000"@;@10 540@;@@;@@;@@;@@;@@;@10 540@;@@;@@;@0@;@@;@0,5
"7112990000"@;@15 724@;@1 533 955@;@21 222@;@21 222@;@21 222@;@@;@36 946@;@0@;@0@;@0,6@;@0@;@0,33
"0303340000"@;@10 135@;@@;@@;@@;@@;@@;@10 135@;@@;@@;@0@;@@;@0,5
"7326191000"@;@3 358 390@;@406 636@;@84 525@;@87 138@;@84 525@;@@;@3 036 279@;@2 613@;@2 613@;@0,6@;@1 567,8@;@0,67
"8467297000"@;@127 416@;@2 468@;@@;@@;@@;@@;@127 416@;@@;@@;@0,3@;@@;@0,56
"9018901000"@;@3 315 130@;@76 989@;@@;@@;@@;@@;@3 315 130@;@@;@@;@0,3@;@@;@0,56
"3808948000"@;@1 866 082@;@59 683@;@62 010@;@70 829@;@61 959@;@51@;@1 868 358@;@8 819@;@8 819@;@1@;@8 819@;@0,7
"8537109809"@;@@;@@;@@;@@;@@;@@;@0@;@@;@@;@0,4@;@@;@
"1209228000"@;@343 752@;@83 078@;@@;@@;@@;@@;@343 752@;@@;@@;@0,3@;@@;@0,56
"9506400001"@;@101 946@;@30@;@45 779@;@45 779@;@45 779@;@@;@147 695@;@0@;@0@;@1@;@0@;@0,55
"6204623900"@;@1 166 782@;@269 998@;@@;@@;@@;@@;@1 166 782@;@@;@@;@0,3@;@@;@0,56
"9405110019"@;@430 676@;@55 515@;@41 278@;@41 278@;@41 278@;@@;@416 439@;@0@;@0@;@0,6@;@0@;@0,64
"0805400000"@;@677 205@;@@;@@;@@;@@;@@;@677 205@;@@;@@;@0@;@@;@0,5
"3206110000"@;@18 384 530@;@416 602@;@6 156 758@;@6 287 100@;@6 156 758@;@@;@24 124 686@;@130 342@;@130 342@;@0,6@;@78 205,2@;@0,5
"5112200001"@;@171@;@@;@@;@@;@@;@@;@171@;@@;@@;@0@;@@;@0,5
"8303009000"@;@875 788@;@@;@115 892@;@192 221@;@115 892@;@@;@991 680@;@76 329@;@76 329@;@0,7@;@53 430,3@;@0,61
"8525829900"@;@113 644@;@@;@@;@@;@@;@@;@113 644@;@@;@@;@0,4@;@@;@0,58
"9608109900"@;@23 560@;@830@;@790@;@790@;@553@;@237@;@23 283@;@0@;@0@;@0,6@;@0@;@0,63
"402919100"@;@@;@@;@262 245@;@262 245@;@262 245@;@@;@262 245@;@0@;@@;@0,3@;@@;@
"2941300001"@;@49 367@;@@;@@;@@;@@;@@;@49 367@;@@;@@;@0@;@@;@0,5
"2921120000"@;@1 454@;@@;@@;@@;@@;@@;@1 454@;@@;@@;@0@;@@;@0,5
"7415100000"@;@16 842@;@@;@50 476@;@87 696@;@50 476@;@@;@67 318@;@37 220@;@16 842@;@0,3@;@5 052,6@;@0,85
"1515110000"@;@46 473@;@57 756@;@74 020@;@74 020@;@74 020@;@@;@120 493@;@0@;@0@;@0,6@;@0@;@0,31
"0902100001"@;@2 041 301@;@33 584@;@@;@@;@@;@@;@2 041 301@;@@;@@;@0,7@;@@;@0,64
"4202911000"@;@420 568@;@7 396@;@3 683 174@;@4 495 908@;@3 731 487@;@217 355@;@3 886 387@;@812 734@;@420 568@;@1@;@420 568@;@0,83
"6101902000"@;@39 242@;@11 098@;@3 283@;@3 283@;@3 283@;@@;@31 427@;@0@;@0@;@0,6@;@0@;@0,74
"2924120000"@;@8 330@;@@;@@;@@;@@;@@;@8 330@;@@;@@;@0@;@@;@0,5
"3204110000"@;@1 456 775@;@280 938@;@2 270 148@;@2 295 839@;@2 270 148@;@5 120@;@3 721 803@;@25 691@;@25 691@;@1@;@25 691@;@0,4
"7304511800"@;@404 616@;@@;@1 231@;@1 231@;@1 231@;@@;@405 847@;@0@;@0@;@0,3@;@0@;@0,56
"2008993700"@;@3 077@;@@;@@;@@;@@;@@;@3 077@;@@;@@;@0@;@@;@0,5
"4808400009"@;@138 030@;@1@;@386 718@;@491 785@;@361 976@;@24 742@;@500 006@;@105 067@;@105 067@;@0,6@;@63 040,2@;@0,49
"2805409000"@;@129@;@@;@@;@@;@@;@@;@129@;@@;@@;@0@;@@;@0,5
"9403101000"@;@@;@@;@1 159 157@;@1 263 623@;@1 120 529@;@27 610@;@1 120 529@;@104 466@;@@;@0,3@;@@;@
"8434200000"@;@2 212 100@;@8 480@;@@;@@;@@;@@;@2 212 100@;@@;@@;@0,3@;@@;@0,56
"7304293003"@;@984 179@;@@;@@;@@;@@;@@;@984 179@;@@;@@;@0@;@@;@0,5
"4420901000"@;@134@;@28 179@;@15 800@;@15 800@;@15 800@;@@;@15 934@;@0@;@0@;@1@;@0@;@0,2
"0207273000"@;@11 271@;@@;@@;@@;@@;@@;@11 271@;@@;@@;@0@;@@;@0,5
"6913100000"@;@44 702@;@24 463@;@8 288@;@8 288@;@8 288@;@@;@28 527@;@0@;@0@;@1@;@0@;@0,98
"1701149021"@;@156@;@@;@@;@@;@@;@@;@156@;@@;@@;@0@;@@;@0,5
"8460390000"@;@341 676@;@17 225@;@@;@@;@@;@@;@341 676@;@@;@@;@0,3@;@@;@0,56
"9401800009"@;@1 170 653@;@192 494@;@2 821 461@;@2 843 979@;@2 816 334@;@97 078@;@3 895 036@;@22 518@;@22 518@;@1@;@22 518@;@0,36
"2302401000"@;@5 731@;@@;@22 864 118@;@23 664 391@;@11 989 648@;@452 055@;@22 417 794@;@800 273@;@5 731@;@0,3@;@1 719,3@;@41,95
"9405919009"@;@335 523@;@@;@@;@@;@@;@@;@335 523@;@@;@@;@0@;@@;@0,5
"3006200000"@;@@;@@;@5 678 826@;@6 037 867@;@5 588 475@;@349 759@;@5 588 475@;@359 041@;@@;@0,3@;@@;@
"8510100000"@;@238 030@;@1 215@;@@;@@;@@;@@;@238 030@;@@;@@;@0,3@;@@;@0,56
"8708405000"@;@@;@@;@790@;@8 690@;@790@;@@;@790@;@7 900@;@@;@0,3@;@@;@
"5212131000"@;@15 825@;@@;@@;@@;@@;@@;@15 825@;@@;@@;@0@;@@;@0,5
"2106905500"@;@@;@@;@148 845@;@160 216@;@148 845@;@@;@148 845@;@11 371@;@@;@0,3@;@@;@
"6210400000"@;@164 655@;@109 540@;@39 290@;@39 290@;@39 290@;@@;@94 405@;@0@;@0@;@1@;@0@;@1,07
"4418908000"@;@@;@@;@52 115@;@53 016@;@52 115@;@12 269@;@52 115@;@901@;@@;@0,3@;@@;@
"9507100000"@;@276 682@;@450@;@162 244@;@162 389@;@150 598@;@11 646@;@426 830@;@145@;@145@;@0,6@;@87@;@0,44
"7310219900"@;@1 169@;@@;@842 185@;@842 185@;@636 744@;@158 469@;@684 885@;@0@;@0@;@0,3@;@0@;@0,06
"8511900001"@;@541@;@@;@1 740 263@;@1 749 918@;@1 719 862@;@20 401@;@1 720 403@;@9 655@;@541@;@0,3@;@162,3@;@5,41
"0901220002"@;@1 295@;@@;@@;@@;@@;@@;@1 295@;@@;@@;@0@;@@;@0,5
"7409210000"@;@8 450@;@3 471 181@;@7 586 186@;@7 647 365@;@7 586 186@;@@;@7 594 636@;@61 179@;@8 450@;@1@;@8 450@;@2,37
"4601941000"@;@49@;@@;@@;@@;@@;@@;@49@;@@;@@;@0@;@@;@0,5
"2841908500"@;@10 384@;@3 071 949@;@@;@@;@@;@@;@10 384@;@@;@@;@0,3@;@@;@0,56
"3808923000"@;@211 555@;@@;@@;@@;@@;@@;@211 555@;@@;@@;@0@;@@;@0,5
"7210908000"@;@331 739@;@200@;@@;@@;@@;@@;@331 739@;@@;@@;@0,3@;@@;@0,56
"6403519900"@;@2 454@;@@;@1 105 998@;@2 811 444@;@1 132 074@;@56 239@;@1 052 213@;@1 705 446@;@2 454@;@0,3@;@736,2@;@100
"0602904800"@;@6 079 035@;@385 161@;@@;@@;@@;@@;@6 079 035@;@@;@@;@0,7@;@@;@0,64
"8506101809"@;@26 968@;@@;@@;@@;@@;@@;@26 968@;@@;@@;@0@;@@;@0,5
"1104229500"@;@9 246@;@@;@30 225@;@30 225@;@30 225@;@@;@39 471@;@0@;@0@;@0,3@;@0@;@0,18
"0403907100"@;@32 267@;@@;@@;@@;@@;@@;@32 267@;@@;@@;@0@;@@;@0,5
"6117801001"@;@914@;@@;@34 739@;@38 213@;@34 739@;@@;@35 653@;@3 474@;@914@;@0,7@;@639,8@;@1,29
"2836910000"@;@85@;@@;@@;@@;@@;@@;@85@;@@;@@;@0@;@@;@0,5
"8483402909"@;@@;@@;@@;@@;@@;@@;@0@;@@;@@;@0,4@;@@;@
"5205340006"@;@@;@842 211@;@@;@@;@@;@@;@0@;@@;@@;@0,3@;@@;@
"8451803009"@;@7 269 437@;@253 600@;@@;@@;@@;@@;@7 269 437@;@@;@@;@0,3@;@@;@0,56
"7004209900"@;@@;@@;@23 858@;@23 858@;@23 858@;@@;@23 858@;@0@;@@;@0,3@;@@;@
"3104900009"@;@127 045@;@79 033@;@@;@@;@@;@@;@127 045@;@@;@@;@0,3@;@@;@0,56
"6403591100"@;@8 457@;@@;@32 809@;@34 898@;@29 311@;@64 560@;@29 311@;@2 089@;@2 089@;@0,7@;@1 462,3@;@0,36
"8483303201"@;@1 920@;@@;@2 460@;@2 460@;@2 460@;@@;@4 380@;@0@;@0@;@0,3@;@0@;@0,28
"8476290000"@;@1 298 062@;@2 010@;@@;@@;@@;@@;@1 298 062@;@@;@@;@0,3@;@@;@0,56
"4301600060"@;@238 640@;@@;@@;@@;@@;@@;@238 640@;@@;@@;@0@;@@;@0,5
"8708939007"@;@@;@@;@@;@@;@@;@@;@0@;@@;@@;@0,4@;@@;@
"6115940000"@;@28 671@;@15 646@;@14 337 527@;@14 387 603@;@10 126 683@;@5 053 711@;@9 312 487@;@50 076@;@28 671@;@0,6@;@17 202,6@;@0,65
"9405190032"@;@555 145@;@3 923@;@@;@@;@@;@@;@555 145@;@@;@@;@0,3@;@@;@0,56
"6912001000"@;@@;@@;@249 990@;@255 878@;@249 232@;@758@;@249 232@;@5 888@;@@;@0,3@;@@;@
"6405209100"@;@232 246@;@33 277@;@500 226@;@500 226@;@500 204@;@71@;@732 401@;@0@;@0@;@1@;@0@;@0,36
"2103909009"@;@12 922 746@;@924 009@;@3 035 520@;@3 216 181@;@2 162 681@;@334 452@;@14 699 805@;@180 661@;@180 661@;@1@;@180 661@;@0,64
"0408918000"@;@160 137@;@@;@@;@@;@@;@@;@160 137@;@@;@@;@0@;@@;@0,5
"2932120000"@;@208@;@@;@@;@@;@@;@@;@208@;@@;@@;@0@;@@;@0,5
"9015109000"@;@57 584@;@@;@@;@@;@@;@@;@57 584@;@@;@@;@0@;@@;@0,5
"9006590009"@;@118 392@;@@;@@;@@;@@;@@;@118 392@;@@;@@;@0@;@@;@0,5
"3913900000"@;@962 958@;@@;@733 049@;@1 177 886@;@733 049@;@372 104@;@1 323 903@;@444 837@;@444 837@;@0,7@;@311 385,9@;@0,64
"6204210000"@;@594@;@174@;@115 785@;@115 785@;@115 785@;@@;@116 379@;@0@;@0@;@0,6@;@0@;@0,12
"7224903800"@;@153 241@;@@;@5 292@;@6 615@;@5 292@;@@;@158 533@;@1 323@;@1 323@;@0,3@;@396,9@;@0,55
"1806101500"@;@7 469@;@@;@79 084@;@84 471@;@72 645@;@5 532@;@81 021@;@5 387@;@5 387@;@0,3@;@1 616,1@;@0,32
"4411949000"@;@@;@@;@@;@@;@@;@@;@0@;@@;@@;@0,4@;@@;@
"9114900001"@;@1 290@;@@;@@;@@;@@;@@;@1 290@;@@;@@;@0@;@@;@0,5
"8421392001"@;@678 768@;@@;@2 265 307@;@2 268 456@;@2 265 307@;@@;@2 944 075@;@3 149@;@3 149@;@0,3@;@944,7@;@0,18
"8456900000"@;@195 937@;@3 250@;@@;@@;@@;@@;@195 937@;@@;@@;@0,3@;@@;@0,56
"5806310000"@;@150 421@;@122 915@;@120 320@;@120 320@;@120 320@;@@;@270 741@;@0@;@0@;@1@;@0@;@0,48
"5516310000"@;@@;@@;@1 945@;@1 945@;@1 945@;@@;@1 945@;@0@;@@;@0,3@;@@;@
"8432101000"@;@@;@@;@182 631@;@228 289@;@135 368@;@47 263@;@135 368@;@45 658@;@@;@0,3@;@@;@
"6811890001"@;@@;@@;@@;@@;@@;@@;@0@;@@;@@;@0,4@;@@;@
"8203300000"@;@176 424@;@444@;@@;@@;@@;@@;@176 424@;@@;@@;@0,3@;@@;@0,56
"3202900000"@;@1 038 974@;@15 581@;@@;@@;@@;@@;@1 038 974@;@@;@@;@0,3@;@@;@0,56
"8302490001"@;@@;@@;@7 957@;@7 957@;@7 957@;@@;@7 957@;@0@;@@;@0,3@;@@;@
"6104190000"@;@@;@@;@690 089@;@699 172@;@687 430@;@19 111@;@687 430@;@9 083@;@@;@0,3@;@@;@
"8703231100"@;@@;@@;@14 572 247@;@25 387 190@;@14 339 144@;@233 103@;@14 339 144@;@10 814 943@;@@;@0,3@;@@;@
"7325910000"@;@1 300 146@;@668 158@;@9 057 870@;@10 069 319@;@9 057 317@;@553@;@10 357 463@;@1 011 449@;@1 011 449@;@1@;@1 011 449@;@0,5
"6603909000"@;@29 868@;@@;@@;@@;@@;@@;@29 868@;@@;@@;@0@;@@;@0,5
"2202999900"@;@696 931@;@305 216@;@60 043 779@;@76 888 242@;@65 269 739@;@3 811 844@;@56 928 866@;@16 844 463@;@696 931@;@0,6@;@418 158,6@;@7,38
"2309903100"@;@19 806 279@;@46 445@;@16 642 871@;@56 557 666@;@13 967 818@;@5 836 495@;@30 566 210@;@39 914 795@;@19 806 279@;@0,6@;@11 883 767,4@;@1,05
"2607000009"@;@34@;@8 854 852@;@@;@@;@@;@@;@34@;@@;@@;@0,3@;@@;@0,56
"5501300000"@;@3 160 268@;@@;@@;@@;@@;@@;@3 160 268@;@@;@@;@0@;@@;@0,5
"5509420000"@;@3 842@;@@;@@;@@;@@;@@;@3 842@;@@;@@;@0@;@@;@0,5
"8461403900"@;@11 575@;@@;@@;@@;@@;@@;@11 575@;@@;@@;@0@;@@;@0,5
"8536501101"@;@24 018 109@;@1 019 516@;@@;@@;@@;@@;@24 018 109@;@@;@@;@0,3@;@@;@0,56
"2846901000"@;@739@;@@;@@;@@;@@;@@;@739@;@@;@@;@0@;@@;@0,5
"4805910000"@;@3 776 496@;@467 882@;@167 456@;@167 456@;@177 039@;@40 694@;@3 435 376@;@0@;@0@;@1@;@0@;@0,75
"3603200009"@;@1 871 749@;@@;@@;@@;@@;@@;@1 871 749@;@@;@@;@0,4@;@@;@0,58
"2009803609"@;@@;@@;@67 256@;@85 471@;@62 552@;@19 369@;@62 552@;@18 215@;@@;@0,3@;@@;@
"7207201500"@;@1 417 526@;@@;@69 250 462@;@69 495 299@;@58 261 730@;@@;@70 667 988@;@244 837@;@244 837@;@0,3@;@73 451,1@;@0,12
"0302893900"@;@10 450@;@@;@@;@@;@@;@@;@10 450@;@@;@@;@0@;@@;@0,5
"7219339000"@;@2 768 215@;@@;@@;@@;@@;@@;@2 768 215@;@@;@@;@0@;@@;@0,5
"8419908509"@;@11 475 917@;@229 722@;@5 062 791@;@6 749 441@;@4 744 491@;@593 297@;@15 715 689@;@1 686 650@;@1 686 650@;@1@;@1 686 650@;@0,61
"9032890009"@;@@;@@;@@;@@;@@;@@;@0@;@@;@@;@0,4@;@@;@
"5607509000"@;@289 833@;@725@;@20 201@;@20 201@;@20 201@;@@;@309 309@;@0@;@0@;@1@;@0@;@0,67
"7302102100"@;@@;@@;@8 942@;@8 942@;@8 942@;@@;@8 942@;@0@;@@;@0,3@;@@;@
"8708913509"@;@5 643 295@;@178 948@;@86 669@;@86 669@;@80 836@;@5 833@;@5 545 183@;@0@;@0@;@1@;@0@;@0,71
"8462610019"@;@909 795@;@@;@@;@@;@@;@@;@909 795@;@@;@@;@0@;@@;@0,5
"4804111900"@;@@;@@;@790@;@790@;@790@;@@;@790@;@0@;@@;@0,3@;@@;@
"8518293000"@;@509 061@;@@;@@;@@;@@;@@;@509 061@;@@;@@;@0@;@@;@0,5
"8907100000"@;@469 882@;@10 413@;@@;@@;@@;@@;@469 882@;@@;@@;@0,3@;@@;@0,56
"2910200000"@;@115 519@;@@;@@;@@;@@;@@;@115 519@;@@;@@;@0@;@@;@0,5
"8450111100"@;@11 408 337@;@3 605 529@;@437 970@;@444 902@;@615 212@;@16 323@;@8 224 455@;@6 932@;@6 932@;@1@;@6 932@;@0,89
"8536105000"@;@253 239@;@1 259 413@;@@;@@;@@;@@;@253 239@;@@;@@;@0,3@;@@;@0,56
"6402993900"@;@940 344@;@746 452@;@@;@@;@@;@@;@940 344@;@@;@@;@0,3@;@@;@0,56
"3926400000"@;@1 219 787@;@90 506@;@615 473@;@617 308@;@615 391@;@805@;@1 743 949@;@1 835@;@1 835@;@1@;@1 835@;@0,55
"4403219800"@;@109 812@;@@;@@;@@;@@;@@;@109 812@;@@;@@;@0@;@@;@0,5
"7019900099"@;@3 806 919@;@5 390@;@577 869@;@594 865@;@577 869@;@@;@4 379 398@;@16 996@;@16 996@;@0,6@;@10 197,6@;@0,56
"3810100000"@;@1 871 167@;@@;@1 218@;@2 030@;@1 218@;@@;@1 872 385@;@812@;@812@;@0,7@;@568,4@;@0,64
"8207209000"@;@2 369 786@;@@;@1 700 536@;@1 715 940@;@1 700 536@;@@;@4 070 322@;@15 404@;@15 404@;@0,7@;@10 782,8@;@0,43
"8430310000"@;@4 778 328@;@@;@79@;@79@;@79@;@@;@4 778 407@;@0@;@0@;@0,3@;@0@;@0,56
"2009419900"@;@164 023@;@@;@944 170@;@944 772@;@1 007 962@;@20 236@;@1 087 957@;@602@;@602@;@0,3@;@180,6@;@0,14
"7407100000"@;@275 018@;@3 160 393@;@2 346 957@;@2 346 957@;@2 346 957@;@@;@2 621 975@;@0@;@0@;@1@;@0@;@0,25
"7213999000"@;@2 452@;@@;@1 110 595@;@1 111 690@;@1 055 555@;@55 040@;@1 058 007@;@1 095@;@1 095@;@0,3@;@328,5@;@0,2
"305498090"@;@@;@@;@139 436@;@139 436@;@139 436@;@@;@139 436@;@0@;@@;@0,3@;@@;@
"8431492000"@;@1 141 559@;@16 109@;@1 925 026@;@2 011 804@;@1 725 321@;@76 631@;@2 989 954@;@86 778@;@86 778@;@1@;@86 778@;@0,41
"709991000"@;@@;@@;@536 847@;@592 111@;@533 011@;@3 836@;@533 011@;@55 264@;@@;@0,3@;@@;@
"9405110031"@;@683 738@;@@;@@;@@;@@;@@;@683 738@;@@;@@;@0@;@@;@0,5
"9405409901"@;@@;@@;@16 590@;@33 180@;@16 590@;@@;@16 590@;@16 590@;@@;@0,3@;@@;@
"7210110000"@;@@;@@;@475 710@;@503 896@;@418 715@;@56 996@;@418 715@;@28 186@;@@;@0,3@;@@;@
"7326909202"@;@67 288@;@@;@5 712@;@5 712@;@5 712@;@@;@73 000@;@0@;@0@;@0,3@;@0@;@0,52
"4301805090"@;@55 680@;@@;@@;@@;@@;@@;@55 680@;@@;@@;@0@;@@;@0,5
"8441101001"@;@37 900@;@@;@@;@@;@@;@@;@37 900@;@@;@@;@0@;@@;@0,5
"7606122008"@;@5 220 815@;@2 477 912@;@1 974 596@;@1 974 596@;@2 178 464@;@62 023@;@4 655 476@;@0@;@0@;@1@;@0@;@0,76
"403105300"@;@@;@@;@66 848@;@66 848@;@66 848@;@56@;@66 848@;@0@;@@;@0,3@;@@;@
"3004200004"@;@@;@@;@174 903@;@194 337@;@174 903@;@@;@174 903@;@19 434@;@@;@0,3@;@@;@
"7616991003"@;@3 308 536@;@1 835 644@;@3 626 679@;@3 626 679@;@2 831 963@;@596 735@;@6 338 480@;@0@;@0@;@1@;@0@;@0,46
"8701100000"@;@4 662 977@;@99 220@;@14 209@;@14 209@;@13 176@;@4 388@;@4 573 578@;@0@;@0@;@0,6@;@0@;@0,63
"8425420000"@;@2 862 142@;@47 711@;@1 355 202@;@1 355 202@;@1 155 497@;@75 051@;@4 094 582@;@0@;@0@;@0,6@;@0@;@0,47
"2933694000"@;@2 083@;@@;@@;@@;@@;@@;@2 083@;@@;@@;@0,4@;@@;@0,58
"2849100000"@;@1 890 526@;@@;@@;@@;@@;@@;@1 890 526@;@@;@@;@0,4@;@@;@0,58
"8411822001"@;@9 930 226@;@50 500@;@1 350 924@;@1 350 924@;@1 151 219@;@75 051@;@11 155 599@;@0@;@0@;@0,6@;@0@;@0,57
"8443192002"@;@883 448@;@455@;@47@;@71@;@47@;@@;@883 040@;@24@;@24@;@0,6@;@14,4@;@0,62
"8464100000"@;@18 689 319@;@7 250@;@100 203@;@104 194@;@100 203@;@@;@18 782 272@;@3 991@;@3 991@;@0,6@;@2 394,6@;@0,62
"6201910000"@;@@;@@;@404 862@;@637 852@;@308 842@;@168 135@;@308 842@;@232 990@;@@;@0,3@;@@;@
"2910100000"@;@105 734@;@@;@@;@@;@@;@@;@105 734@;@@;@@;@0@;@@;@0,5
"8703231989"@;@@;@@;@852 033 804@;@853 555 359@;@717 997 048@;@237 690 937@;@717 997 048@;@1 521 555@;@@;@0,3@;@@;@
"4407113400"@;@17 443 266@;@@;@7 505@;@15 010@;@@;@7 505@;@17 443 266@;@7 505@;@7 505@;@0,7@;@5 253,5@;@0,64
"8459700009"@;@216 616@;@215@;@@;@@;@@;@@;@216 616@;@@;@@;@0,3@;@@;@0,56
"1508909000"@;@8@;@@;@@;@@;@@;@@;@8@;@@;@@;@0@;@@;@0,5
"7225406000"@;@11 816 777@;@@;@@;@@;@@;@@;@11 816 777@;@@;@@;@0@;@@;@0,5
"0707000509"@;@@;@1 330 037@;@@;@@;@@;@@;@0@;@@;@@;@0,3@;@@;@
"8518900008"@;@124 100@;@471@;@@;@@;@@;@@;@124 100@;@@;@@;@0,3@;@@;@0,56
"4008219000"@;@1 654 010@;@47 947@;@1 063 324@;@4 151 002@;@1 134 750@;@110 030@;@2 559 357@;@3 087 678@;@1 654 010@;@1@;@1 654 010@;@1,08
"7320208501"@;@2 820@;@1@;@@;@@;@@;@@;@2 820@;@@;@@;@0,3@;@@;@0,56
"5211120000"@;@@;@322 186@;@@;@@;@@;@@;@0@;@@;@@;@0,7@;@@;@
"3302909000"@;@14 059 437@;@281 482@;@@;@@;@@;@@;@14 059 437@;@@;@@;@0,3@;@@;@0,56
"0402993100"@;@17 961@;@6 691@;@@;@@;@@;@@;@17 961@;@@;@@;@0,3@;@@;@0,56
"6908909900"@;@@;@@;@33 435@;@33 435@;@33 435@;@@;@33 435@;@0@;@@;@0,3@;@@;@
"2905490000"@;@1 001 863@;@@;@@;@@;@@;@@;@1 001 863@;@@;@@;@0@;@@;@0,5
"4407994000"@;@@;@@;@26 513@;@26 513@;@26 513@;@@;@26 513@;@0@;@@;@0,3@;@@;@
"8007008000"@;@1 523@;@@;@790@;@790@;@790@;@@;@2 313@;@0@;@0@;@0,3@;@0@;@0,39
"8701299012"@;@10 576 945@;@@;@@;@@;@@;@@;@10 576 945@;@@;@@;@0@;@@;@0,5
"8539511019"@;@16 189@;@@;@@;@@;@@;@@;@16 189@;@@;@@;@0@;@@;@0,5
"8483303209"@;@540 010@;@1 358@;@2 179 480@;@2 203 289@;@1 979 775@;@75 051@;@2 644 439@;@23 809@;@23 809@;@1@;@23 809@;@0,32
"6904900000"@;@1 283 114@;@16 356@;@992 261@;@1 003 213@;@990 948@;@1 313@;@2 257 706@;@10 952@;@10 952@;@1@;@10 952@;@0,49
"4303109080"@;@204@;@@;@38 387@;@76 774@;@38 387@;@@;@38 591@;@38 387@;@204@;@0,3@;@61,2@;@56,51
"6203321000"@;@4 791@;@75 317@;@6 464 623@;@6 464 623@;@2 348 256@;@198 986@;@6 270 428@;@0@;@0@;@1@;@0@;@0,2
"2840110000"@;@698 212@;@@;@@;@@;@@;@@;@698 212@;@@;@@;@0,4@;@@;@0,58
"8704311000"@;@@;@@;@2 317 140@;@2 317 140@;@2 317 140@;@@;@2 317 140@;@0@;@@;@0,3@;@@;@
"6812910000"@;@14 369@;@@;@112 842@;@114 264@;@112 842@;@@;@127 211@;@1 422@;@1 422@;@0,3@;@426,6@;@0,15
"3827900000"@;@20@;@@;@133 396@;@164 376@;@131 856@;@1 696@;@131 720@;@30 980@;@20@;@0,3@;@6@;@100
"4810220001"@;@161 254@;@@;@@;@@;@@;@@;@161 254@;@@;@@;@0@;@@;@0,5
"8443131000"@;@2 293 826@;@101 200@;@@;@@;@@;@@;@2 293 826@;@@;@@;@0,3@;@@;@0,56
"9405690001"@;@55 034@;@@;@@;@@;@@;@@;@55 034@;@@;@@;@0@;@@;@0,5
"4203400000"@;@164 753@;@@;@948@;@948@;@948@;@@;@165 701@;@0@;@0@;@0,3@;@0@;@0,56
"2821200000"@;@43 193@;@29@;@@;@@;@@;@@;@43 193@;@@;@@;@0,3@;@@;@0,56
"8442502900"@;@@;@@;@347 500@;@347 500@;@347 500@;@@;@347 500@;@0@;@@;@0,3@;@@;@
"0403905900"@;@758 268@;@@;@@;@@;@@;@@;@758 268@;@@;@@;@0,4@;@@;@0,58
"8418308009"@;@1 582 540@;@162 257@;@@;@@;@@;@@;@1 582 540@;@@;@@;@0,3@;@@;@0,56
"8528722009"@;@1 352 258@;@5 863@;@@;@@;@@;@@;@1 352 258@;@@;@@;@0,3@;@@;@0,56
"9608990009"@;@202 015@;@400@;@@;@@;@@;@@;@202 015@;@@;@@;@0,7@;@@;@0,64
"8468200000"@;@330 857@;@@;@@;@@;@@;@@;@330 857@;@@;@@;@0@;@@;@0,5
"8472300000"@;@@;@@;@4 088 836@;@5 860 771@;@4 088 836@;@@;@4 088 836@;@1 771 935@;@@;@0,3@;@@;@
"8433510009"@;@28 991 229@;@@;@22 171 626@;@22 171 626@;@21 682 822@;@594 609@;@50 568 246@;@0@;@0@;@0,3@;@0@;@0,35
"1302199000"@;@1 571 011@;@119 043@;@@;@@;@@;@@;@1 571 011@;@@;@@;@0,3@;@@;@0,56
"2850002000"@;@24 797@;@@;@@;@@;@@;@@;@24 797@;@@;@@;@0@;@@;@0,5
"3917323100"@;@@;@@;@37 325@;@37 325@;@37 325@;@14 663@;@37 325@;@0@;@@;@0,3@;@@;@
"7317008001"@;@11 456@;@30@;@76 500@;@76 500@;@76 500@;@@;@87 956@;@0@;@0@;@0,6@;@0@;@0,19
"8305200000"@;@1 263 603@;@7 304@;@1 923@;@1 923@;@1 923@;@33 699@;@1 224 523@;@0@;@0@;@1@;@0@;@0,72
"8408902100"@;@@;@@;@9 480@;@9 480@;@9 480@;@@;@9 480@;@0@;@@;@0,3@;@@;@
"2710194210"@;@70 023 502@;@@;@@;@@;@@;@@;@70 023 502@;@@;@@;@0@;@@;@0,5
"9030840009"@;@700 488@;@7 096@;@@;@@;@@;@@;@700 488@;@@;@@;@0,3@;@@;@0,56
"8703405994"@;@1 033 892@;@@;@@;@@;@@;@@;@1 033 892@;@@;@@;@0@;@@;@0,5
"2933310000"@;@14 119@;@@;@@;@@;@@;@@;@14 119@;@@;@@;@0@;@@;@0,5
"7302300000"@;@950 832@;@9 928@;@9 234@;@9 234@;@9 234@;@@;@950 138@;@0@;@0@;@1@;@0@;@0,7
"2204219800"@;@319 910@;@896 997@;@5 592 611@;@9 257 837@;@4 398 351@;@1 314 271@;@4 598 250@;@3 665 226@;@319 910@;@1@;@319 910@;@3,67
"4418730002"@;@@;@@;@12 711@;@12 711@;@12 711@;@@;@12 711@;@0@;@@;@0,7@;@@;@
"0808108001"@;@11 999 817@;@388 688@;@@;@@;@@;@@;@11 999 817@;@@;@@;@0,3@;@@;@0,56
"1104223000"@;@@;@@;@2 107 437@;@2 207 425@;@2 259 912@;@152 475@;@2 259 912@;@99 988@;@@;@0,3@;@@;@
"7320909008"@;@503 299@;@766@;@@;@@;@@;@@;@503 299@;@@;@@;@0,3@;@@;@0,56
"8519811100"@;@2 013@;@@;@@;@@;@@;@@;@2 013@;@@;@@;@0@;@@;@0,5
"2918999000"@;@58 184@;@@;@@;@@;@@;@@;@58 184@;@@;@@;@0@;@@;@0,5
"3924100000"@;@2 981 221@;@1 078 275@;@25 233 289@;@26 547 203@;@22 651 260@;@3 819 203@;@24 395 307@;@1 313 914@;@1 313 914@;@1@;@1 313 914@;@0,39
"8526100000"@;@@;@@;@@;@@;@@;@@;@0@;@@;@@;@0,4@;@@;@
"9403909000"@;@@;@@;@1 808 215@;@1 827 529@;@1 808 215@;@@;@1 808 215@;@19 314@;@@;@0,3@;@@;@
"8537109900"@;@@;@@;@10 449 812@;@11 449 277@;@9 675 239@;@1 155 294@;@9 675 239@;@999 465@;@@;@0,3@;@@;@
"1522003900"@;@@;@@;@1 103 520@;@1 141 055@;@1 103 520@;@161 131@;@1 103 520@;@37 535@;@@;@0,3@;@@;@
"2008506100"@;@391@;@@;@@;@@;@@;@@;@391@;@@;@@;@0@;@@;@0,5
"9208900000"@;@3 854@;@@;@@;@@;@@;@@;@3 854@;@@;@@;@0@;@@;@0,5
"2208501100"@;@228 602@;@@;@@;@@;@@;@@;@228 602@;@@;@@;@0@;@@;@0,5
"8536501501"@;@3 244 350@;@@;@@;@@;@@;@@;@3 244 350@;@@;@@;@0@;@@;@0,5
"3102290000"@;@87@;@@;@246 577@;@246 577@;@244 046@;@2 473@;@244 191@;@0@;@0@;@0,3@;@0@;@0,06
"7013499900"@;@16 491 179@;@126 075@;@@;@@;@@;@@;@16 491 179@;@@;@@;@0,3@;@@;@0,56
"7217103100"@;@219 231@;@28 141@;@2 430 746@;@2 577 199@;@2 430 746@;@@;@2 649 977@;@146 453@;@146 453@;@1@;@146 453@;@0,44
"406902900"@;@@;@@;@35 786@;@39 762@;@35 786@;@@;@35 786@;@3 976@;@@;@0,3@;@@;@
"5801320000"@;@13 865@;@@;@@;@@;@@;@@;@13 865@;@@;@@;@0@;@@;@0,5
"8539511091"@;@800@;@@;@@;@@;@@;@@;@800@;@@;@@;@0@;@@;@0,5
"8413820099"@;@1 413 041@;@@;@11 172@;@11 172@;@11 172@;@@;@1 424 213@;@0@;@0@;@0,3@;@0@;@0,56
"0106410009"@;@200 733@;@@;@@;@@;@@;@@;@200 733@;@@;@@;@0@;@@;@0,5
"3505105000"@;@4 648 469@;@128 237@;@85 457@;@85 457@;@55 665@;@29 791@;@4 575 898@;@0@;@0@;@0,6@;@0@;@0,63
"2936240000"@;@312 227@;@1 417@;@@;@@;@@;@@;@312 227@;@@;@@;@0,3@;@@;@0,56
"8905109000"@;@@;@@;@3 439 626@;@3 439 626@;@832 579@;@2 607 047@;@832 579@;@0@;@@;@0,7@;@@;@
"3921903000"@;@474 669@;@299 748@;@51 677@;@51 677@;@51 677@;@@;@226 598@;@0@;@0@;@1@;@0@;@1,25
"4410129000"@;@90 968@;@@;@@;@@;@@;@@;@90 968@;@@;@@;@0@;@@;@0,5
"3824999300"@;@4 039 184@;@380@;@@;@@;@@;@@;@4 039 184@;@@;@@;@0,3@;@@;@0,56
"2713120009"@;@5 268@;@@;@@;@@;@@;@@;@5 268@;@@;@@;@0@;@@;@0,5
"8438809900"@;@@;@@;@1 383 021@;@1 383 021@;@1 383 021@;@1 985@;@1 383 021@;@0@;@@;@0,3@;@@;@
"2804400000"@;@5 232@;@244 203@;@6 737 921@;@8 225 822@;@6 497 173@;@633 773@;@6 109 380@;@1 487 901@;@5 232@;@1@;@5 232@;@85,52
"9619007501"@;@456 701@;@@;@@;@@;@@;@@;@456 701@;@@;@@;@0@;@@;@0,5
"7210500000"@;@355 920@;@@;@@;@@;@@;@@;@355 920@;@@;@@;@0@;@@;@0,5
"1518009500"@;@116 385@;@7 297@;@@;@@;@@;@@;@116 385@;@@;@@;@0,3@;@@;@0,56
"2710198600"@;@170 195@;@2 906@;@@;@@;@@;@@;@170 195@;@@;@@;@0,3@;@@;@0,56
"9406109000"@;@4 057 010@;@261 420@;@129 562@;@129 562@;@129 562@;@@;@3 925 152@;@0@;@0@;@1@;@0@;@0,72
"5402310000"@;@630 546@;@129 372@;@20 339@;@20 339@;@20 339@;@@;@521 513@;@0@;@0@;@0,6@;@0@;@0,72
"4403251000"@;@184@;@@;@@;@@;@@;@@;@184@;@@;@@;@0@;@@;@0,5
"7307231000"@;@412 813@;@@;@170 460@;@175 517@;@170 460@;@@;@583 273@;@5 057@;@5 057@;@0,3@;@1 517,1@;@0,42
"2208301100"@;@382 335@;@@;@@;@@;@@;@@;@382 335@;@@;@@;@0@;@@;@0,5
"8412218001"@;@1 345@;@@;@7 080@;@415 980@;@7 080@;@@;@8 425@;@408 900@;@1 345@;@0,3@;@403,5@;@91,34
"5602210000"@;@51 143@;@4 157 259@;@@;@@;@@;@@;@51 143@;@@;@@;@0,7@;@@;@0,64
"5402460000"@;@2 632 300@;@@;@4 896 273@;@4 902 746@;@2 752 292@;@772 961@;@6 755 612@;@6 473@;@6 473@;@0,7@;@4 531,1@;@0,34
"2931450000"@;@66@;@@;@@;@@;@@;@@;@66@;@@;@@;@0@;@@;@0,5
"6108110000"@;@13 441@;@8 911@;@27 614 941@;@27 749 393@;@1 299 423@;@693 681@;@26 934 701@;@134 452@;@13 441@;@0,6@;@8 064,6@;@3,12
"5801220000"@;@552@;@@;@@;@@;@@;@@;@552@;@@;@@;@0@;@@;@0,5
"8437800000"@;@27 835 715@;@97 922@;@1 914 304@;@1 927 260@;@1 914 304@;@304 344@;@29 347 753@;@12 956@;@12 956@;@0,6@;@7 773,6@;@0,59
"8541410002"@;@292 395@;@2 916@;@@;@@;@@;@@;@292 395@;@@;@@;@0,3@;@@;@0,56
"2839110000"@;@32 320@;@210 045@;@2 306 662@;@2 643 844@;@2 298 179@;@15 867@;@2 323 115@;@337 182@;@32 320@;@1@;@32 320@;@3,34
"4810293000"@;@2 904 985@;@89 539@;@12 671@;@19 007@;@12 671@;@@;@2 828 117@;@6 336@;@6 336@;@0,6@;@3 801,6@;@0,63
"801320000"@;@@;@@;@566 714@;@578 597@;@566 714@;@@;@566 714@;@11 883@;@@;@0,3@;@@;@
"6812991000"@;@1 206@;@@;@@;@@;@@;@@;@1 206@;@@;@@;@0@;@@;@0,5
"5209430000"@;@209@;@28 088@;@@;@@;@@;@@;@209@;@@;@@;@0,3@;@@;@0,56
"3808620001"@;@382 948@;@@;@@;@@;@@;@@;@382 948@;@@;@@;@0@;@@;@0,5
"2905190000"@;@135 440@;@@;@@;@@;@@;@@;@135 440@;@@;@@;@0,4@;@@;@0,58
"1001919000"@;@282 590@;@4 820@;@@;@@;@@;@@;@282 590@;@@;@@;@0,3@;@@;@0,56
"3304200000"@;@4 126 959@;@17 644@;@@;@@;@@;@@;@4 126 959@;@@;@@;@0,3@;@@;@0,56
"2009898800"@;@4 107@;@@;@@;@@;@@;@@;@4 107@;@@;@@;@0@;@@;@0,5
"0403906100"@;@257 092@;@@;@@;@@;@@;@@;@257 092@;@@;@@;@0@;@@;@0,5
"7115100000"@;@10 086 120@;@@;@@;@@;@@;@@;@10 086 120@;@@;@@;@0@;@@;@0,5
"5210490000"@;@64 029@;@@;@@;@@;@@;@@;@64 029@;@@;@@;@0@;@@;@0,5
"813409500"@;@@;@@;@10 921 107@;@11 608 505@;@8 625 411@;@1 707 565@;@8 625 411@;@687 398@;@@;@0,3@;@@;@
"4407971000"@;@@;@@;@@;@@;@@;@@;@0@;@@;@@;@0,4@;@@;@
"1602392900"@;@20 089@;@@;@@;@@;@@;@@;@20 089@;@@;@@;@0@;@@;@0,5
"405201000"@;@@;@@;@219 658@;@235 075@;@219 658@;@27 050@;@219 658@;@15 417@;@@;@0,3@;@@;@
"3208901100"@;@19 113@;@@;@1 908 412@;@1 919 603@;@1 537 638@;@370 776@;@1 556 749@;@11 191@;@11 191@;@0,3@;@3 357,3@;@0,24
"2905420000"@;@1 383 966@;@@;@@;@@;@@;@@;@1 383 966@;@@;@@;@0@;@@;@0,5
"2931490001"@;@1 109 922@;@16@;@@;@@;@@;@@;@1 109 922@;@@;@@;@0,3@;@@;@0,56
"7419200000"@;@324 116@;@907 519@;@790@;@790@;@790@;@@;@324 906@;@0@;@0@;@0,6@;@0@;@0,62
"7103910001"@;@14 926@;@@;@@;@@;@@;@@;@14 926@;@@;@@;@0@;@@;@0,5
"8507102009"@;@316 039@;@9 810@;@@;@@;@@;@@;@316 039@;@@;@@;@0,3@;@@;@0,56
"7003129900"@;@259 325@;@504 730@;@@;@@;@@;@@;@259 325@;@@;@@;@0,3@;@@;@0,56
"1513199100"@;@1 547@;@@;@@;@@;@@;@@;@1 547@;@@;@@;@0@;@@;@0,5
"6204611000"@;@307 810@;@4 068@;@@;@@;@@;@@;@307 810@;@@;@@;@0,3@;@@;@0,56
"4823908591"@;@36@;@@;@28 440@;@@;@28 440@;@@;@28 476@;@@;@@;@0,3@;@@;@0,06
"5705009000"@;@@;@@;@956 587@;@956 587@;@67 113@;@889 474@;@67 113@;@0@;@@;@0,3@;@@;@
"5407520000"@;@754 932@;@@;@1 743@;@1 743@;@1 743@;@@;@756 675@;@0@;@0@;@0,3@;@0@;@0,56
"4012120000"@;@1 521@;@@;@@;@@;@@;@@;@1 521@;@@;@@;@0@;@@;@0,5
"9018908401"@;@172 423@;@@;@@;@@;@@;@@;@172 423@;@@;@@;@0@;@@;@0,5
"8536309000"@;@@;@@;@331 334@;@356 382@;@323 476@;@3 981@;@323 476@;@25 048@;@@;@0,3@;@@;@
"8462900092"@;@177 549@;@7 624@;@@;@@;@@;@@;@177 549@;@@;@@;@0,3@;@@;@0,56
"4107191000"@;@16 500@;@@;@@;@@;@@;@@;@16 500@;@@;@@;@0@;@@;@0,5
"6103290009"@;@18 329@;@13 572@;@4 470 666@;@4 470 666@;@2 721 992@;@106 955@;@4 382 040@;@0@;@0@;@0,6@;@0@;@0,12
"9025112009"@;@36 802@;@@;@@;@@;@@;@@;@36 802@;@@;@@;@0@;@@;@0,5
"4818300000"@;@274 202@;@453 625@;@6 031 112@;@7 123 032@;@5 951 442@;@85 843@;@6 219 471@;@1 091 920@;@274 202@;@1@;@274 202@;@1,42
"7209179000"@;@@;@@;@4 818@;@5 782@;@4 818@;@@;@4 818@;@964@;@@;@0,3@;@@;@
"2917191000"@;@1 074@;@@;@@;@@;@@;@@;@1 074@;@@;@@;@0@;@@;@0,5
"9027901000"@;@465 184@;@115 685@;@@;@@;@@;@@;@465 184@;@@;@@;@0,3@;@@;@0,56
"2008205900"@;@85 318@;@@;@@;@@;@@;@@;@85 318@;@@;@@;@0@;@@;@0,5
"4907001010"@;@1 730@;@1 046@;@@;@@;@@;@@;@1 730@;@@;@@;@0,3@;@@;@0,56
"7007290000"@;@366 776@;@585@;@914 159@;@975 439@;@914 159@;@@;@1 280 935@;@61 280@;@61 280@;@0,6@;@36 768@;@0,31
"8505200000"@;@568 485@;@@;@@;@@;@@;@@;@568 485@;@@;@@;@0,4@;@@;@0,58
"2404190009"@;@95 836@;@@;@@;@@;@@;@@;@95 836@;@@;@@;@0@;@@;@0,5
"1905321900"@;@3 752 691@;@687 439@;@11 903 514@;@12 079 730@;@12 758 213@;@227 315@;@15 428 890@;@176 216@;@176 216@;@0,6@;@105 729,6@;@0,26
"6201129000"@;@@;@@;@29 915@;@29 915@;@29 915@;@@;@29 915@;@0@;@@;@0,3@;@@;@
"9405110014"@;@6 017 216@;@148 836@;@13 446@;@13 446@;@13 446@;@2 449@;@5 879 377@;@0@;@0@;@1@;@0@;@0,71
"4820109000"@;@18 734@;@12@;@761 894@;@925 320@;@361 173@;@34 032@;@746 596@;@163 426@;@18 734@;@1@;@18 734@;@2,83
"7306619200"@;@1 722 458@;@680 177@;@53 737 836@;@55 879 326@;@48 835 100@;@11 417 725@;@44 042 569@;@2 141 490@;@1 722 458@;@0,6@;@1 033 474,8@;@0,51
"8607191001"@;@148 355@;@7 455@;@@;@@;@@;@@;@148 355@;@@;@@;@0,3@;@@;@0,56
"4410113000"@;@32 103 294@;@8 967 468@;@44 937 249@;@46 162 214@;@44 061 718@;@1 644 191@;@75 396 352@;@1 224 965@;@1 224 965@;@1@;@1 224 965@;@0,42
"7218100009"@;@@;@1 100@;@49 333@;@49 333@;@49 333@;@75 051@;@48 233@;@0@;@@;@0,6@;@@;@
"8709199000"@;@150 709@;@@;@@;@@;@@;@@;@150 709@;@@;@@;@0@;@@;@0,5
"8467293000"@;@@;@@;@2 519@;@3 704@;@2 519@;@@;@2 519@;@1 185@;@@;@0,3@;@@;@
"3707909000"@;@1 323 556@;@1 266@;@@;@@;@@;@@;@1 323 556@;@@;@@;@0,3@;@@;@0,56
"8414302003"@;@139 482@;@@;@@;@@;@@;@@;@139 482@;@@;@@;@0@;@@;@0,5
"8465912000"@;@4 170 228@;@90 566@;@@;@@;@@;@@;@4 170 228@;@@;@@;@0,3@;@@;@0,56
"8707109000"@;@575 831@;@1 892 713@;@@;@@;@@;@@;@575 831@;@@;@@;@0,3@;@@;@0,56
"8452400000"@;@@;@@;@10 494 901@;@10 912 342@;@8 345 918@;@2 238 100@;@8 345 918@;@417 441@;@@;@0,3@;@@;@
"7314310000"@;@154 010@;@78 633@;@313 936@;@315 718@;@268 807@;@157 337@;@310 609@;@1 782@;@1 782@;@0,6@;@1 069,2@;@0,37
"7001009900"@;@34 212@;@@;@10 078@;@10 078@;@10 078@;@@;@44 290@;@0@;@0@;@0,3@;@0@;@0,45
"5205120004"@;@@;@2 538 384@;@21 899 940@;@21 899 940@;@20 091 581@;@2 725 141@;@19 174 799@;@0@;@@;@0,6@;@@;@
"8472909300"@;@60@;@@;@@;@@;@@;@@;@60@;@@;@@;@0@;@@;@0,5
"3214101000"@;@@;@@;@1 128 157@;@1 142 128@;@1 087 976@;@168 861@;@1 087 976@;@13 971@;@@;@0,3@;@@;@
"2844440000"@;@@;@3 000@;@@;@@;@@;@@;@0@;@@;@@;@0,3@;@@;@
"712340000"@;@@;@@;@1 604@;@1 604@;@1 604@;@@;@1 604@;@0@;@@;@0,3@;@@;@
"4602199000"@;@113 544@;@17 544@;@@;@@;@@;@@;@113 544@;@@;@@;@0,3@;@@;@0,56
"4411131000"@;@15 185 347@;@480 762@;@@;@@;@@;@@;@15 185 347@;@@;@@;@0,7@;@@;@0,64
"8501340009"@;@@;@@;@@;@@;@@;@@;@0@;@@;@@;@0,4@;@@;@
"5501400000"@;@@;@@;@1 446 576@;@1 446 576@;@1 446 576@;@@;@1 446 576@;@0@;@@;@0,3@;@@;@
"6004900000"@;@@;@159 612@;@15 418 630@;@15 418 630@;@14 613 511@;@3 438 173@;@11 980 457@;@0@;@@;@0,6@;@@;@
"6802210000"@;@9 471 851@;@621 448@;@7 849 898@;@7 942 656@;@6 957 067@;@1 076 816@;@15 623 485@;@92 758@;@92 758@;@1@;@92 758@;@0,51
"9401903000"@;@@;@@;@105 217@;@108 249@;@105 217@;@@;@105 217@;@3 032@;@@;@0,3@;@@;@
"1604151100"@;@40 534@;@@;@@;@@;@@;@@;@40 534@;@@;@@;@0@;@@;@0,5
"4403201101"@;@@;@@;@15 093@;@15 093@;@15 093@;@@;@15 093@;@0@;@@;@0,3@;@@;@
"3302102900"@;@597 957@;@@;@@;@@;@@;@@;@597 957@;@@;@@;@0@;@@;@0,5
"2827200000"@;@549 123@;@@;@@;@@;@@;@@;@549 123@;@@;@@;@0,4@;@@;@0,58
"4403990009"@;@99@;@@;@@;@@;@@;@@;@99@;@@;@@;@0@;@@;@0,5
"1511901902"@;@26 247 854@;@311 970@;@@;@@;@@;@@;@26 247 854@;@@;@@;@0,3@;@@;@0,56
"8538100000"@;@4 879 507@;@89 892@;@2 942 614@;@3 196 628@;@2 926 517@;@16 098@;@7 716 131@;@254 014@;@254 014@;@1@;@254 014@;@0,53
"8484200000"@;@7 394 084@;@13 671@;@95 723@;@102 353@;@95 723@;@@;@7 476 136@;@6 630@;@6 630@;@1@;@6 630@;@0,69
"1801000000"@;@96 397@;@@;@@;@@;@@;@@;@96 397@;@@;@@;@0@;@@;@0,5
"5802110000"@;@@;@@;@5 715 871@;@8 488 273@;@1 889 537@;@1 086 392@;@1 889 537@;@2 772 402@;@@;@0,3@;@@;@
"7311009100"@;@10 383 210@;@85@;@18 241 347@;@18 241 347@;@17 202 824@;@3 577 151@;@25 047 406@;@0@;@0@;@1@;@0@;@0,41
"8542323900"@;@453 614@;@300@;@@;@@;@@;@@;@453 614@;@@;@@;@0,3@;@@;@0,56
"6401921000"@;@223 355@;@360 916@;@17 635 504@;@20 006 764@;@16 484 167@;@2 033 650@;@15 825 209@;@2 371 260@;@223 355@;@1@;@223 355@;@3,39
"8478100000"@;@5 692 084@;@248 922@;@@;@@;@@;@@;@5 692 084@;@@;@@;@0,3@;@@;@0,56
"8412904008"@;@797 091@;@566@;@125 262@;@130 056@;@98 401@;@26 860@;@894 927@;@4 794@;@4 794@;@0,6@;@2 876,4@;@0,57
"8477510000"@;@23 351@;@@;@@;@@;@@;@@;@23 351@;@@;@@;@0@;@@;@0,5
"1505009000"@;@206 915@;@@;@331 309@;@421 807@;@331 309@;@@;@538 224@;@90 498@;@90 498@;@0,3@;@27 149,4@;@0,38
"4407913100"@;@1 708@;@@;@@;@@;@@;@@;@1 708@;@@;@@;@0@;@@;@0,5
"8501620000"@;@291 361@;@@;@406 261@;@406 261@;@404 236@;@2 024@;@695 598@;@0@;@0@;@0,3@;@0@;@0,27
"1604199100"@;@11 783@;@@;@@;@@;@@;@@;@11 783@;@@;@@;@0@;@@;@0,5
"6902209100"@;@845 810@;@94 544@;@5 305 144@;@5 310 838@;@5 649 318@;@473 127@;@5 677 827@;@5 694@;@5 694@;@1@;@5 694@;@0,28
"7210708000"@;@37 901 035@;@50 325 182@;@173 298 795@;@174 802 509@;@171 043 021@;@10 798 492@;@200 401 338@;@1 503 714@;@1 503 714@;@1@;@1 503 714@;@0,31
"2930903000"@;@887 363@;@114 465@;@@;@@;@@;@@;@887 363@;@@;@@;@0,3@;@@;@0,56
"3824999208"@;@11 239 096@;@109 682@;@@;@@;@@;@@;@11 239 096@;@@;@@;@0,3@;@@;@0,56
"9403500001"@;@@;@@;@326 264@;@364 660@;@318 633@;@59 135@;@318 633@;@38 396@;@@;@0,3@;@@;@
"8803300000"@;@@;@@;@11 469 080@;@20 479 473@;@7 538 359@;@@;@7 538 359@;@9 010 393@;@@;@0,3@;@@;@
"5103201000"@;@@;@@;@1 427 508@;@1 427 508@;@1 427 508@;@@;@1 427 508@;@0@;@@;@0,3@;@@;@
"8430100000"@;@1 727 877@;@202 838@;@@;@@;@@;@@;@1 727 877@;@@;@@;@0,3@;@@;@0,56
"8404200000"@;@33 272@;@@;@@;@@;@@;@@;@33 272@;@@;@@;@0@;@@;@0,5
"5205130008"@;@@;@268 722@;@@;@@;@@;@@;@0@;@@;@@;@0,3@;@@;@
"6404201000"@;@2 936@;@@;@183 370@;@184 331@;@182 200@;@63 757@;@122 549@;@961@;@961@;@0,7@;@672,7@;@0,25
"6208220000"@;@61 630@;@@;@27 173@;@27 173@;@27 173@;@@;@88 803@;@0@;@0@;@0,3@;@0@;@0,41
"8481201009"@;@5 063 213@;@31 229@;@15 684@;@149 993@;@15 630@;@54@;@5 047 614@;@134 309@;@134 309@;@0,6@;@80 585,4@;@0,63
"2922390000"@;@18 370@;@@;@@;@@;@@;@@;@18 370@;@@;@@;@0@;@@;@0,5
"0105119900"@;@616 582@;@1 118 964@;@@;@@;@@;@@;@616 582@;@@;@@;@0,3@;@@;@0,56
"201100009"@;@@;@@;@2 007 529@;@2 240 772@;@2 004 660@;@17 272@;@2 004 660@;@233 243@;@@;@0,3@;@@;@
"8205400000"@;@635 969@;@836@;@@;@@;@@;@@;@635 969@;@@;@@;@0,3@;@@;@0,56
"8428102004"@;@@;@@;@@;@@;@@;@@;@0@;@@;@@;@0,4@;@@;@
"6204691800"@;@834 327@;@111 895@;@@;@@;@@;@@;@834 327@;@@;@@;@0,3@;@@;@0,56
"8428102002"@;@13 853 423@;@754@;@224 088@;@305 575@;@224 088@;@@;@14 076 757@;@81 487@;@81 487@;@0,6@;@48 892,2@;@0,61
"8484100009"@;@3 904 206@;@27 445@;@15 655@;@17 771@;@15 655@;@@;@3 892 416@;@2 116@;@2 116@;@1@;@2 116@;@0,7
"7607201000"@;@3 725 318@;@23 787@;@@;@@;@@;@@;@3 725 318@;@@;@@;@0,3@;@@;@0,56
"8418402001"@;@333 699@;@11 685@;@@;@@;@@;@@;@333 699@;@@;@@;@0,7@;@@;@0,64
"8482400001"@;@719@;@@;@1 350 924@;@1 350 924@;@1 151 219@;@75 051@;@1 276 592@;@0@;@0@;@0,3@;@0@;@0,06
"8708509909"@;@10 844 504@;@209 717@;@1 152 009@;@1 159 909@;@1 152 009@;@75 051@;@11 711 745@;@7 900@;@7 900@;@0,6@;@4 740@;@0,58
"8443133100"@;@8 396@;@@;@@;@@;@@;@@;@8 396@;@@;@@;@0@;@@;@0,5
"8420103000"@;@379 781@;@1 200@;@@;@@;@@;@@;@379 781@;@@;@@;@0,3@;@@;@0,56
"3404900001"@;@131 023@;@@;@@;@@;@@;@@;@131 023@;@@;@@;@0@;@@;@0,5
"8514108000"@;@@;@@;@5 135@;@5 135@;@5 135@;@@;@5 135@;@0@;@@;@0,3@;@@;@
"0207147000"@;@3 781 846@;@@;@@;@@;@@;@@;@3 781 846@;@@;@@;@0@;@@;@0,5
"6114200000"@;@137 302@;@2 244 133@;@741 178@;@780 713@;@740 741@;@437@;@878 043@;@39 535@;@39 535@;@1@;@39 535@;@0,36
"9405990008"@;@3 112 655@;@8 089@;@5 381@;@5 381@;@5 381@;@344@;@3 109 603@;@0@;@0@;@0,6@;@0@;@0,62
"7019900019"@;@334 174@;@209@;@1 504@;@1 504@;@1 504@;@@;@335 469@;@0@;@0@;@0,6@;@0@;@0,62
"2901100001"@;@493 116@;@@;@@;@@;@@;@@;@493 116@;@@;@@;@0@;@@;@0,5
"2009897308"@;@96 439@;@@;@@;@@;@@;@@;@96 439@;@@;@@;@0@;@@;@0,5
"2102109000"@;@55 549@;@@;@@;@@;@@;@@;@55 549@;@@;@@;@0@;@@;@0,5
"1108199000"@;@1 957@;@56@;@17 973@;@35 946@;@17 973@;@@;@19 930@;@17 973@;@1 957@;@0,6@;@1 174,2@;@2,92
"0406105002"@;@1 645 329@;@@;@@;@@;@@;@@;@1 645 329@;@@;@@;@0,4@;@@;@0,58
"9031803800"@;@12 217 828@;@433 720@;@@;@@;@@;@@;@12 217 828@;@@;@@;@0,3@;@@;@0,56
"8707901000"@;@228 519@;@548 635@;@586 414@;@586 414@;@586 414@;@@;@814 933@;@0@;@0@;@0,6@;@0@;@0,26
"3920920000"@;@46 127@;@@;@15 742@;@21 832@;@15 742@;@@;@61 869@;@6 090@;@6 090@;@0,7@;@4 263@;@0,55
"4805300000"@;@10 893@;@34@;@1 182 919@;@1 182 919@;@1 246 430@;@24 132@;@1 169 680@;@0@;@0@;@0,6@;@0@;@0,12
"6110199001"@;@9 821@;@@;@@;@@;@@;@@;@9 821@;@@;@@;@0@;@@;@0,5
"9405300000"@;@@;@@;@213 679@;@213 679@;@213 679@;@5 008@;@213 679@;@0@;@@;@0,3@;@@;@
"7224901800"@;@67 601@;@@;@4 818@;@4 818@;@4 818@;@@;@72 419@;@0@;@0@;@0,3@;@0@;@0,53
"6105201000"@;@265 116@;@248 236@;@287 919@;@287 919@;@287 919@;@@;@553 035@;@0@;@0@;@1@;@0@;@0,44
"2005992000"@;@7 304@;@51 932@;@@;@@;@@;@@;@7 304@;@@;@@;@0,3@;@@;@0,56
"6005379000"@;@7 576 166@;@333 697@;@3 080 570@;@3 080 570@;@3 001 417@;@84 780@;@10 238 259@;@0@;@0@;@0,6@;@0@;@0,49
"8432399000"@;@67 671@;@@;@@;@@;@@;@@;@67 671@;@@;@@;@0@;@@;@0,5
"4410111000"@;@109 187 740@;@142 932@;@26 597 016@;@27 919 937@;@20 042 833@;@6 904 066@;@128 737 758@;@1 322 921@;@1 322 921@;@0,6@;@793 752,6@;@0,55
"5205310000"@;@@;@@;@6 040 540@;@10 549 367@;@5 965 296@;@80 773@;@5 965 296@;@4 508 827@;@@;@0,3@;@@;@
"8419340000"@;@3 025 378@;@@;@15 287@;@15 287@;@15 287@;@@;@3 040 665@;@0@;@0@;@0,3@;@0@;@0,56
"8519811000"@;@12 451@;@@;@@;@@;@@;@@;@12 451@;@@;@@;@0@;@@;@0,5
"9011201000"@;@1 245@;@@;@@;@@;@@;@@;@1 245@;@@;@@;@0@;@@;@0,5
"1511901908"@;@169 120@;@@;@@;@@;@@;@@;@169 120@;@@;@@;@0@;@@;@0,5
"2918220000"@;@111 374@;@@;@@;@@;@@;@@;@111 374@;@@;@@;@0@;@@;@0,5
"6202920000"@;@@;@@;@226 907@;@226 907@;@162 948@;@63 960@;@162 948@;@0@;@@;@0,3@;@@;@
"2833270000"@;@169 196@;@@;@31 601@;@31 601@;@31 601@;@@;@200 797@;@0@;@0@;@0,7@;@0@;@0,56
"8481101909"@;@@;@@;@1 969@;@1 969@;@1 575@;@394@;@1 575@;@0@;@@;@0,3@;@@;@
"8201900000"@;@@;@@;@1 975@;@1 975@;@@;@1 975@;@0@;@0@;@@;@0,3@;@@;@
"8481101908"@;@3 297 981@;@54 658@;@48 872@;@64 323@;@48 478@;@394@;@3 291 801@;@15 451@;@15 451@;@0,6@;@9 270,6@;@0,62
"2709009000"@;@190 768 208@;@@;@136 026 153@;@519 818 859@;@131 987 025@;@7 061 514@;@319 732 847@;@383 792 706@;@190 768 208@;@0,3@;@57 230 462,4@;@0,96
"0802510000"@;@3 946 436@;@276 362@;@@;@@;@@;@@;@3 946 436@;@@;@@;@0,3@;@@;@0,56
"5603919000"@;@9 404@;@153@;@29 017@;@29 017@;@29 017@;@@;@38 421@;@0@;@0@;@1@;@0@;@0,32
"2834292000"@;@190 540@;@360@;@@;@@;@@;@@;@190 540@;@@;@@;@0,3@;@@;@0,56
"8414600000"@;@@;@@;@10 078 764@;@10 561 599@;@9 755 067@;@952 704@;@9 755 067@;@482 835@;@@;@0,3@;@@;@
"2510200000"@;@1 327 500@;@7 389 150@;@@;@@;@@;@@;@1 327 500@;@@;@@;@0,3@;@@;@0,56
"5509120000"@;@@;@3 666@;@@;@@;@@;@@;@0@;@@;@@;@0,3@;@@;@
"8701939000"@;@69 373@;@@;@@;@@;@@;@@;@69 373@;@@;@@;@0@;@@;@0,5
"3815191000"@;@15 157@;@@;@@;@@;@@;@@;@15 157@;@@;@@;@0@;@@;@0,5
"3808590005"@;@895@;@@;@@;@@;@@;@@;@895@;@@;@@;@0@;@@;@0,5
"2710199900"@;@@;@@;@294 409@;@294 409@;@293 840@;@568@;@293 840@;@0@;@@;@0,3@;@@;@
"6211110000"@;@216 576@;@17 437@;@230 057@;@230 057@;@230 057@;@425@;@446 208@;@0@;@0@;@1@;@0@;@0,44
"2401109500"@;@@;@107 791@;@@;@@;@@;@@;@0@;@@;@@;@0,3@;@@;@
"5407611000"@;@545 297@;@@;@4 399@;@4 399@;@4 399@;@@;@549 696@;@0@;@0@;@0,3@;@0@;@0,56
"6109100000"@;@6 852 214@;@300 253 646@;@436 324 074@;@879 202 566@;@354 321 914@;@102 963 233@;@340 213 055@;@442 878 492@;@6 852 214@;@1@;@6 852 214@;@19,6
"0303631000"@;@61 663@;@@;@@;@@;@@;@@;@61 663@;@@;@@;@0@;@@;@0,5
"8215103000"@;@5 198@;@88@;@@;@@;@@;@@;@5 198@;@@;@@;@0,3@;@@;@0,56
"1806209500"@;@2 189 819@;@@;@29 312@;@38 288@;@29 312@;@@;@2 219 131@;@8 976@;@8 976@;@0,3@;@2 692,8@;@0,55
"3907690000"@;@966 609@;@1 075 002@;@@;@@;@@;@@;@966 609@;@@;@@;@0,3@;@@;@0,56
"8501529001"@;@18 222@;@@;@785 305@;@799 496@;@784 115@;@1 190@;@802 337@;@14 191@;@14 191@;@0,3@;@4 257,3@;@0,3
"3502909000"@;@1 205@;@@;@@;@@;@@;@@;@1 205@;@@;@@;@0@;@@;@0,5
"1905909000"@;@4 167 746@;@605 068@;@20 768 927@;@51 430 512@;@18 521 404@;@2 333 942@;@22 602 731@;@30 661 585@;@4 167 746@;@1@;@4 167 746@;@2,5
"8424419000"@;@972 442@;@42 753@;@249 403@;@307 337@;@212 074@;@37 328@;@1 141 764@;@57 934@;@57 934@;@1@;@57 934@;@0,64
"3407000000"@;@2 115 611@;@337@;@6 170@;@6 170@;@6 170@;@@;@2 121 444@;@0@;@0@;@0,6@;@0@;@0,62
"2931590009"@;@178 621@;@@;@@;@@;@@;@@;@178 621@;@@;@@;@0@;@@;@0,5
"9405920001"@;@@;@@;@131 264@;@131 264@;@131 264@;@@;@131 264@;@0@;@@;@0,3@;@@;@
"7318159008"@;@11 003 707@;@143 364@;@493 035@;@495 184@;@492 835@;@201@;@11 353 177@;@2 149@;@2 149@;@1@;@2 149@;@0,68
"0701909001"@;@@;@@;@@;@@;@@;@@;@0@;@@;@@;@0,4@;@@;@
"8524190069"@;@12 353@;@@;@@;@@;@@;@@;@12 353@;@@;@@;@0@;@@;@0,5
"8408906700"@;@3 523 758@;@@;@1 356 612@;@1 356 612@;@1 156 907@;@75 051@;@4 805 319@;@0@;@0@;@0,3@;@0@;@0,43
"4403211200"@;@8 559 242@;@@;@@;@@;@@;@@;@8 559 242@;@@;@@;@0@;@@;@0,5
"2833300000"@;@33 744@;@@;@36 053@;@36 053@;@36 053@;@@;@69 797@;@0@;@0@;@0,7@;@0@;@0,38
"6112399000"@;@@;@@;@@;@@;@@;@@;@0@;@@;@@;@0,4@;@@;@
"251730"@;@@;@@;@845 315@;@883 711@;@845 315@;@@;@845 315@;@38 396@;@@;@0,3@;@@;@
"8436990000"@;@919 878@;@78 895@;@52 626 393@;@53 431 094@;@52 632 676@;@51 327 569@;@2 218 702@;@804 701@;@804 701@;@0,6@;@482 820,6@;@0,59
"0703101905"@;@@;@@;@@;@@;@@;@@;@0@;@@;@@;@0,4@;@@;@
"0811907000"@;@6 395@;@@;@@;@@;@@;@@;@6 395@;@@;@@;@0@;@@;@0,5
"9405990001"@;@9 375@;@@;@553 667@;@553 667@;@552 603@;@407@;@562 635@;@0@;@0@;@0,3@;@0@;@0,07
"4601219000"@;@191@;@@;@@;@@;@@;@@;@191@;@@;@@;@0@;@@;@0,5
"6006100000"@;@8 365@;@@;@@;@@;@@;@@;@8 365@;@@;@@;@0@;@@;@0,5
"7505210000"@;@156@;@@;@@;@@;@@;@@;@156@;@@;@@;@0@;@@;@0,5
"8511500008"@;@5 456 024@;@46 738@;@169@;@169@;@56@;@112@;@5 409 343@;@0@;@0@;@0,6@;@0@;@0,62
"2941900009"@;@1 925 503@;@@;@47 417@;@94 834@;@47 417@;@40@;@1 972 880@;@47 417@;@47 417@;@0,3@;@14 225,1@;@0,56
"7019610000"@;@17 746@;@@;@@;@@;@@;@@;@17 746@;@@;@@;@0@;@@;@0,5
"3909400000"@;@6 970 620@;@@;@@;@@;@@;@@;@6 970 620@;@@;@@;@0,4@;@@;@0,58
"3815120000"@;@16 495 928@;@9 170 695@;@@;@@;@@;@@;@16 495 928@;@@;@@;@0,3@;@@;@0,56
"8407321000"@;@11 718@;@@;@@;@@;@@;@@;@11 718@;@@;@@;@0@;@@;@0,5
"6102201000"@;@3 339@;@4 254@;@3 160@;@3 160@;@3 160@;@@;@6 499@;@0@;@0@;@1@;@0@;@0,46
"8703101100"@;@68 136@;@@;@@;@@;@@;@@;@68 136@;@@;@@;@0@;@@;@0,5
"0902100009"@;@1 732 502@;@105 385@;@@;@@;@@;@@;@1 732 502@;@@;@@;@0,3@;@@;@0,56
"7219230009"@;@1 324 779@;@@;@3 285@;@4 928@;@3 285@;@@;@1 328 064@;@1 643@;@1 643@;@0,3@;@492,9@;@0,56
"8413608000"@;@749 931@;@2 578@;@80 581@;@80 728@;@80 581@;@9 085@;@818 849@;@147@;@147@;@0,6@;@88,2@;@0,58
"2902300000"@;@14 740@;@@;@@;@@;@@;@@;@14 740@;@@;@@;@0@;@@;@0,5
"9303900000"@;@6 881@;@@;@@;@@;@@;@@;@6 881@;@@;@@;@0@;@@;@0,5
"0402211800"@;@1 631 960@;@@;@@;@@;@@;@@;@1 631 960@;@@;@@;@0,4@;@@;@0,58
"8409910008"@;@9 158 112@;@889 994@;@74 724@;@74 724@;@74 724@;@@;@8 342 842@;@0@;@0@;@0,6@;@0@;@0,67
"5209420000"@;@3 413 564@;@892 733@;@@;@@;@@;@@;@3 413 564@;@@;@@;@0,3@;@@;@0,56
"2008999800"@;@380 645@;@312 311@;@110 382@;@115 399@;@110 382@;@@;@491 027@;@5 017@;@5 017@;@0,6@;@3 010,2@;@0,51
"9209300000"@;@92 528@;@@;@@;@@;@@;@@;@92 528@;@@;@@;@0@;@@;@0,5
"8432311900"@;@200 236@;@10 860@;@3 398 014@;@3 608 991@;@2 908 256@;@543 385@;@3 054 865@;@210 977@;@200 236@;@0,6@;@120 141,6@;@0,47
"2309101300"@;@177 138@;@@;@343 512@;@343 512@;@343 512@;@2 109@;@518 541@;@0@;@0@;@0,3@;@0@;@0,23
"7311001300"@;@804 000@;@19 297@;@314 703@;@346 785@;@157 589@;@189 409@;@909 997@;@32 082@;@32 082@;@1@;@32 082@;@0,65
"2704001900"@;@10 528 545@;@@;@@;@@;@@;@@;@10 528 545@;@@;@@;@0@;@@;@0,5
"2914610000"@;@@;@@;@@;@@;@@;@@;@0@;@@;@@;@0,4@;@@;@
"3808924000"@;@133 873@;@@;@@;@@;@@;@@;@133 873@;@@;@@;@0@;@@;@0,5
"8457109008"@;@10 098 060@;@@;@@;@@;@@;@@;@10 098 060@;@@;@@;@0@;@@;@0,5
"4811490000"@;@607 255@;@1 533@;@@;@@;@@;@@;@607 255@;@@;@@;@0,3@;@@;@0,56
"202309000"@;@@;@@;@3 713@;@3 713@;@3 713@;@@;@3 713@;@0@;@@;@0,3@;@@;@
"0303599001"@;@56 285@;@@;@@;@@;@@;@@;@56 285@;@@;@@;@0@;@@;@0,5
"9024801100"@;@1 842 650@;@@;@@;@@;@@;@@;@1 842 650@;@@;@@;@0@;@@;@0,5
"7320208109"@;@@;@@;@15 377@;@15 377@;@15 377@;@@;@15 377@;@0@;@@;@0,3@;@@;@
"0401401000"@;@56 189@;@@;@@;@@;@@;@@;@56 189@;@@;@@;@0@;@@;@0,5
"8424301000"@;@1 190 689@;@@;@1 350 924@;@1 350 924@;@1 151 219@;@75 051@;@2 466 562@;@0@;@0@;@0,3@;@0@;@0,3
"0303539000"@;@48 595@;@@;@@;@@;@@;@@;@48 595@;@@;@@;@0@;@@;@0,5
"7411109000"@;@275 229@;@195 859 283@;@71 044 880@;@75 140 011@;@68 756 562@;@3 337 012@;@67 983 097@;@4 095 131@;@275 229@;@1@;@275 229@;@4,67
"4804315100"@;@604 526@;@107@;@237@;@237@;@237@;@@;@604 656@;@0@;@0@;@0,6@;@0@;@0,62
"2009791100"@;@@;@@;@843 376@;@843 376@;@828 041@;@49 410@;@828 041@;@0@;@@;@0,3@;@@;@
"2835299000"@;@393 293@;@769@;@@;@@;@@;@@;@393 293@;@@;@@;@0,3@;@@;@0,56
"8443399009"@;@630 894@;@362 285@;@@;@@;@@;@@;@630 894@;@@;@@;@0,3@;@@;@0,56
"8481309908"@;@2 173 233@;@4 482@;@432 669@;@545 299@;@408 644@;@103 698@;@2 497 722@;@112 630@;@112 630@;@1@;@112 630@;@0,65
"0804201000"@;@@;@222 225@;@@;@@;@@;@@;@0@;@@;@@;@0,3@;@@;@
"2005993000"@;@24 207@;@@;@@;@@;@@;@@;@24 207@;@@;@@;@0@;@@;@0,5
"0702000001"@;@583 549@;@8 668 812@;@@;@@;@@;@@;@583 549@;@@;@@;@0,7@;@@;@0,64
"0406901300"@;@80 760@;@@;@@;@@;@@;@@;@80 760@;@@;@@;@0@;@@;@0,5
"8529103900"@;@351 471@;@290@;@@;@@;@@;@@;@351 471@;@@;@@;@0,3@;@@;@0,56
"7113200000"@;@12 425@;@@;@126 010 448@;@126 173 578@;@122 576 712@;@3 433 735@;@122 589 138@;@163 130@;@12 425@;@0,3@;@3 727,5@;@4
"8413504009"@;@@;@@;@@;@@;@@;@@;@0@;@@;@@;@0,4@;@@;@
"8459210000"@;@2 500 430@;@@;@@;@@;@@;@@;@2 500 430@;@@;@@;@0@;@@;@0,5
"0802620000"@;@406@;@@;@@;@@;@@;@@;@406@;@@;@@;@0@;@@;@0,5
"1207501000"@;@82@;@@;@@;@@;@@;@@;@82@;@@;@@;@0@;@@;@0,5
"5516239000"@;@35 318@;@@;@2 388@;@2 388@;@2 388@;@@;@37 706@;@0@;@0@;@0,3@;@0@;@0,53
"4408109809"@;@197@;@@;@@;@@;@@;@@;@197@;@@;@@;@0@;@@;@0,5
"8451900000"@;@892 428@;@6 801@;@1 573 233@;@1 645 144@;@1 573 233@;@11 522@;@2 454 139@;@71 911@;@71 911@;@0,6@;@43 146,6@;@0,33
"8419901500"@;@20 093@;@@;@@;@@;@@;@@;@20 093@;@@;@@;@0@;@@;@0,5
"9018321000"@;@3 199 306@;@@;@2 504 822@;@2 504 822@;@2 504 822@;@249 624@;@5 454 504@;@0@;@0@;@0,3@;@0@;@0,35
"8714949000"@;@246 652@;@@;@@;@@;@@;@@;@246 652@;@@;@@;@0@;@@;@0,5
"5208230000"@;@2 763@;@306@;@@;@@;@@;@@;@2 763@;@@;@@;@0,3@;@@;@0,56
"7318153008"@;@1 521 781@;@5 843@;@160 843@;@177 278@;@160 843@;@@;@1 676 781@;@16 435@;@16 435@;@1@;@16 435@;@0,66
"7401000000"@;@374 200@;@@;@@;@@;@@;@@;@374 200@;@@;@@;@0@;@@;@0,5
"7211902000"@;@5 964@;@@;@11 622@;@11 622@;@11 622@;@@;@17 586@;@0@;@0@;@0,3@;@0@;@0,23
"9605000000"@;@855 378@;@751 759@;@9 953@;@9 953@;@9 953@;@@;@113 572@;@0@;@0@;@0,6@;@0@;@3,89
"8467111000"@;@200 910@;@1 314@;@@;@@;@@;@@;@200 910@;@@;@@;@0,3@;@@;@0,56
"2902900000"@;@44 845@;@@;@@;@@;@@;@@;@44 845@;@@;@@;@0@;@@;@0,5
"9406903901"@;@@;@@;@5 380 726@;@5 384 264@;@5 380 726@;@@;@5 380 726@;@3 538@;@@;@0,3@;@@;@
"3214900009"@;@6 109 564@;@2 190 483@;@26 211 056@;@28 547 821@;@21 276 721@;@417 007@;@31 903 613@;@2 336 765@;@2 336 765@;@1@;@2 336 765@;@0,41
"8467229000"@;@496 858@;@72 816@;@2 519@;@3 704@;@2 519@;@@;@426 561@;@1 185@;@1 185@;@0,6@;@711@;@0,7
"5206310008"@;@263 610@;@@;@@;@@;@@;@@;@263 610@;@@;@@;@0@;@@;@0,5
"5807909000"@;@97 636@;@@;@1 243 237@;@1 517 829@;@1 229 201@;@17 095@;@1 323 778@;@274 592@;@97 636@;@0,7@;@68 345,2@;@1,02
"7319901000"@;@37 302@;@@;@@;@@;@@;@@;@37 302@;@@;@@;@0@;@@;@0,5
"6303910000"@;@5 101@;@258 522@;@@;@@;@@;@@;@5 101@;@@;@@;@0,7@;@@;@0,64
"6305390000"@;@102 518@;@@;@3 157 875@;@3 345 417@;@2 446 454@;@1 528 465@;@1 731 928@;@187 542@;@102 518@;@0,3@;@30 755,4@;@0,64
"8703605991"@;@171 337@;@@;@@;@@;@@;@@;@171 337@;@@;@@;@0@;@@;@0,5
"0304892100"@;@35 006@;@@;@@;@@;@@;@@;@35 006@;@@;@@;@0@;@@;@0,5
"7212109000"@;@71 452@;@@;@@;@@;@@;@@;@71 452@;@@;@@;@0@;@@;@0,5
"5801901000"@;@@;@@;@8 056@;@8 056@;@8 056@;@@;@8 056@;@0@;@@;@0,3@;@@;@
"8459699000"@;@653 332@;@5 145@;@@;@@;@@;@@;@653 332@;@@;@@;@0,3@;@@;@0,56
"8523809300"@;@645@;@@;@@;@@;@@;@@;@645@;@@;@@;@0@;@@;@0,5
"2835250000"@;@19 875@;@40@;@@;@@;@@;@@;@19 875@;@@;@@;@0,3@;@@;@0,56
"8414700000"@;@182 823@;@@;@@;@@;@@;@@;@182 823@;@@;@@;@0@;@@;@0,5
"8413820091"@;@2 599@;@@;@@;@@;@@;@@;@2 599@;@@;@@;@0@;@@;@0,5
"2525200000"@;@273 935@;@@;@@;@@;@@;@@;@273 935@;@@;@@;@0@;@@;@0,5
"8408102700"@;@9 920@;@@;@1 350 924@;@1 350 924@;@1 151 219@;@75 051@;@1 285 793@;@0@;@0@;@0,3@;@0@;@0,06
"5508109000"@;@144 218@;@9 667@;@@;@@;@@;@@;@144 218@;@@;@@;@0,3@;@@;@0,56
"6104410000"@;@38 022@;@3 869@;@152 527@;@164 260@;@3 033@;@158 548@;@32 001@;@11 733@;@11 733@;@0,6@;@7 039,8@;@0,81
"4421100000"@;@153 247@;@748@;@@;@@;@@;@@;@153 247@;@@;@@;@0,7@;@@;@0,64
"9202109000"@;@30 739@;@@;@23 562@;@23 682@;@23 397@;@165@;@54 136@;@120@;@120@;@0,7@;@84@;@0,43
"9105910000"@;@120 043@;@@;@@;@@;@@;@@;@120 043@;@@;@@;@0@;@@;@0,5
"8301200001"@;@6 628 990@;@113 426@;@@;@@;@@;@@;@6 628 990@;@@;@@;@0,3@;@@;@0,56
"8486309009"@;@565@;@@;@@;@@;@@;@@;@565@;@@;@@;@0@;@@;@0,5
"0103921900"@;@184 150@;@@;@@;@@;@@;@@;@184 150@;@@;@@;@0@;@@;@0,5
"5807901000"@;@11 813@;@@;@724@;@724@;@724@;@@;@12 537@;@0@;@0@;@0,3@;@0@;@0,53
"8429521001"@;@6 916 713@;@10 000@;@@;@@;@@;@@;@6 916 713@;@@;@@;@0,3@;@@;@0,56
"1702409000"@;@252 881@;@@;@@;@@;@@;@@;@252 881@;@@;@@;@0@;@@;@0,5
"1302390000"@;@1 827 938@;@@;@35 482@;@35 482@;@35 482@;@@;@1 863 420@;@0@;@0@;@0,3@;@0@;@0,55
"9021909009"@;@3 232 164@;@22 016@;@1 108 504@;@1 152 261@;@1 108 504@;@@;@4 318 652@;@43 757@;@43 757@;@0,6@;@26 254,2@;@0,5
"8439990000"@;@503 518@;@@;@@;@@;@@;@@;@503 518@;@@;@@;@0@;@@;@0,5
"2302400800"@;@@;@@;@4 643 065@;@6 492 430@;@4 748 199@;@43 786@;@4 748 199@;@1 849 365@;@@;@0,3@;@@;@
"7403190000"@;@12 535@;@@;@15 551@;@15 551@;@15 551@;@@;@28 086@;@0@;@0@;@0,3@;@0@;@0,28
"3920102300"@;@24 933@;@237@;@12 987 438@;@18 499 210@;@9 859 553@;@7 941 892@;@5 070 479@;@5 511 772@;@24 933@;@1@;@24 933@;@66,52
"7310211909"@;@33 103@;@@;@@;@@;@@;@@;@33 103@;@@;@@;@0@;@@;@0,5
"2005201000"@;@162 681@;@6 362@;@13 622@;@23 839@;@5 737@;@13 108@;@156 833@;@10 217@;@10 217@;@0,6@;@6 130,2@;@0,66
"4805250000"@;@84 564@;@@;@@;@@;@@;@@;@84 564@;@@;@@;@0@;@@;@0,5
"6203431900"@;@1 201 135@;@5 780 586@;@478 992@;@519 375@;@510 146@;@61 447@;@1 618 680@;@40 383@;@40 383@;@1@;@40 383@;@0,58
"5209120000"@;@56 700@;@6 363 742@;@36 382@;@36 382@;@31 111@;@94 240@;@-1 158@;@0@;@0@;@1@;@0@;@0
"3301909000"@;@37 160@;@@;@@;@@;@@;@@;@37 160@;@@;@@;@0@;@@;@0,5
"4407109300"@;@@;@@;@441 417@;@441 417@;@418 254@;@23 163@;@418 254@;@0@;@@;@0,3@;@@;@
"4115100000"@;@21 293@;@@;@10 771 422@;@10 899 165@;@10 892 278@;@2 523 109@;@8 269 606@;@127 743@;@21 293@;@0,3@;@6 387,9@;@1,86
"5205430006"@;@68 745@;@211 058@;@@;@@;@@;@@;@68 745@;@@;@@;@0,3@;@@;@0,56
"1209295000"@;@141@;@@;@@;@@;@@;@@;@141@;@@;@@;@0@;@@;@0,5
"2008407900"@;@8 842@;@@;@@;@@;@@;@@;@8 842@;@@;@@;@0@;@@;@0,5
"4421991000"@;@55 318@;@2 456@;@115 518@;@129 508@;@115 518@;@@;@170 836@;@13 990@;@13 990@;@0,6@;@8 394@;@0,36
"0207271000"@;@1 006 466@;@@;@@;@@;@@;@@;@1 006 466@;@@;@@;@0@;@@;@0,5
"5402630000"@;@475 355@;@@;@@;@@;@@;@@;@475 355@;@@;@@;@0@;@@;@0,5
"8440103000"@;@143 121@;@7 500@;@8 072@;@8 072@;@8 072@;@@;@143 693@;@0@;@0@;@0,6@;@0@;@0,62
"2005997000"@;@@;@@;@99 415@;@103 557@;@144 292@;@132 205@;@144 292@;@4 142@;@@;@0,3@;@@;@
"910991000"@;@@;@@;@96 308@;@96 308@;@96 308@;@@;@96 308@;@0@;@@;@0,3@;@@;@
"8530800000"@;@10 085 585@;@94 840@;@572 287@;@573 250@;@572 287@;@20 784@;@10 542 248@;@963@;@963@;@1@;@963@;@0,68
"712310000"@;@@;@@;@3 568 949@;@3 605 142@;@3 533 882@;@289 880@;@3 533 882@;@36 193@;@@;@0,3@;@@;@
"7202300000"@;@15 483 009@;@@;@139 477@;@185 508@;@139 477@;@@;@15 622 486@;@46 031@;@46 031@;@0,3@;@13 809,3@;@0,56
"3923299000"@;@1 735 975@;@123 903@;@35 533 864@;@37 637 141@;@39 239 346@;@1 099 065@;@36 170 774@;@2 103 277@;@1 735 975@;@1@;@1 735 975@;@0,59
"9403109300"@;@256 874@;@@;@1 507 951@;@1 551 219@;@1 476 646@;@48 574@;@1 716 251@;@43 268@;@43 268@;@0,7@;@30 287,6@;@0,27
"4802540002"@;@@;@@;@291 685@;@354 273@;@291 685@;@@;@291 685@;@62 588@;@@;@0,3@;@@;@
"8502204000"@;@878 864@;@2 657@;@@;@@;@@;@@;@878 864@;@@;@@;@0,3@;@@;@0,56
"7019690009"@;@14 379@;@@;@5 925@;@5 925@;@5 925@;@@;@20 304@;@0@;@0@;@0,3@;@0@;@0,41
"2402209000"@;@18 482 409@;@36 616 053@;@309 870 718@;@469 136 666@;@293 036 262@;@42 447 287@;@285 905 840@;@159 265 948@;@18 482 409@;@0,6@;@11 089 445,4@;@2,74
"2008977400"@;@@;@@;@14 838@;@14 838@;@14 838@;@@;@14 838@;@0@;@@;@0,3@;@@;@
"8415830000"@;@26 463 584@;@105 901@;@4 112 274@;@4 150 017@;@3 692 750@;@267 881@;@30 202 076@;@37 743@;@37 743@;@0,6@;@22 645,8@;@0,56
"8524110026"@;@37 161 348@;@9 707@;@@;@@;@@;@@;@37 161 348@;@@;@@;@0,3@;@@;@0,56
"8428908000"@;@24 521 674@;@174 954@;@77 282@;@78 230@;@77 282@;@@;@24 424 002@;@948@;@948@;@0,6@;@568,8@;@0,62
"7019110000"@;@394 859@;@@;@1 122 977@;@1 436 893@;@985 172@;@137 805@;@1 380 031@;@313 916@;@313 916@;@0,3@;@94 174,8@;@0,44
"7217309000"@;@193 708@;@@;@8 385@;@8 984@;@55 251@;@@;@202 093@;@599@;@599@;@0,3@;@179,7@;@0,54
"8462390000"@;@751 513@;@16 026@;@@;@@;@@;@@;@751 513@;@@;@@;@0,3@;@@;@0,56
"2710194800"@;@55 393 466@;@10 046 709@;@595 509@;@595 509@;@1 202 510@;@1 741 935@;@44 200 331@;@0@;@0@;@1@;@0@;@0,83
"9024101300"@;@166 728@;@@;@@;@@;@@;@@;@166 728@;@@;@@;@0@;@@;@0,5
"8512909008"@;@5 846 668@;@64 126@;@@;@@;@@;@@;@5 846 668@;@@;@@;@0,3@;@@;@0,56
"2911000000"@;@776@;@@;@@;@@;@@;@@;@776@;@@;@@;@0@;@@;@0,5
"8412904003"@;@14 171@;@@;@4 350@;@41 325@;@4 350@;@@;@18 521@;@36 975@;@14 171@;@0,3@;@4 251,3@;@1,23
"6111209000"@;@13 913 476@;@17 513 131@;@36 504 706@;@37 266 411@;@37 749 019@;@6 945 501@;@43 472 681@;@761 705@;@761 705@;@0,6@;@457 023@;@0,3
"8516295000"@;@457 902@;@46 008@;@301@;@301@;@113@;@188@;@412 007@;@0@;@0@;@0,6@;@0@;@0,68
"2204213800"@;@165 406@;@@;@@;@@;@@;@@;@165 406@;@@;@@;@0@;@@;@0,5
"7304240006"@;@1 948@;@@;@@;@@;@@;@@;@1 948@;@@;@@;@0@;@@;@0,5
"8539100009"@;@6 129@;@1 390@;@151 456@;@151 456@;@151 456@;@@;@157 585@;@0@;@0@;@0,6@;@0@;@0,14
"8528726000"@;@79 302@;@@;@19 217 207@;@19 217 207@;@14 159 841@;@2 541 138@;@16 755 371@;@0@;@0@;@0,3@;@0@;@0,06
"8301600001"@;@4 545 862@;@155 678@;@@;@@;@@;@@;@4 545 862@;@@;@@;@0,3@;@@;@0,56
"3307100000"@;@2 907 199@;@5 726@;@2 164 726@;@2 164 726@;@2 164 726@;@@;@5 066 199@;@0@;@0@;@0,6@;@0@;@0,41
"2710122500"@;@@;@@;@@;@@;@@;@@;@0@;@@;@@;@0@;@@;@
"6203433900"@;@9 390@;@657 776@;@165 679@;@200 350@;@113 854@;@51 825@;@123 244@;@34 671@;@9 390@;@1@;@9 390@;@1,35
"6204310000"@;@468 458@;@5 694@;@43 214@;@48 935@;@43 063@;@995@;@504 983@;@5 721@;@5 721@;@0,6@;@3 432,6@;@0,59
"4802611500"@;@3 155 517@;@@;@@;@@;@@;@@;@3 155 517@;@@;@@;@0@;@@;@0,5
"8207801900"@;@90 597@;@519@;@56 668@;@56 668@;@56 668@;@@;@146 746@;@0@;@0@;@1@;@0@;@0,51
"8801001001"@;@22 225@;@@;@@;@@;@@;@@;@22 225@;@@;@@;@0@;@@;@0,5
"1206001000"@;@119 040@;@@;@@;@@;@@;@@;@119 040@;@@;@@;@0@;@@;@0,5
"8807100000"@;@3 418@;@@;@@;@@;@@;@@;@3 418@;@@;@@;@0@;@@;@0,5
"2601120000"@;@@;@@;@1 809 451@;@1 902 143@;@47 634@;@1 775 761@;@47 634@;@92 692@;@@;@0,3@;@@;@
"207241009"@;@@;@@;@24 792@;@24 792@;@24 792@;@@;@24 792@;@0@;@@;@0,3@;@@;@
"9403202009"@;@@;@@;@@;@@;@@;@@;@0@;@@;@@;@0,4@;@@;@
"7224109000"@;@1 754@;@@;@3 650@;@5 475@;@3 650@;@@;@5 404@;@1 825@;@1 754@;@0,3@;@526,2@;@0,53
"8544300007"@;@1 781 540@;@1 437 819@;@@;@@;@@;@@;@1 781 540@;@@;@@;@0,7@;@@;@0,64
"4002590000"@;@727 797@;@@;@@;@@;@@;@@;@727 797@;@@;@@;@0@;@@;@0,5
"8426911001"@;@@;@@;@1 185@;@1 185@;@1 185@;@@;@1 185@;@0@;@@;@0,3@;@@;@
"9504309000"@;@2 089@;@@;@@;@@;@@;@@;@2 089@;@@;@@;@0@;@@;@0,5
"8459611000"@;@460 576@;@@;@@;@@;@@;@@;@460 576@;@@;@@;@0@;@@;@0,5
"7202600000"@;@@;@@;@790@;@790@;@790@;@@;@790@;@0@;@@;@0,3@;@@;@
"8421230000"@;@17 294 485@;@760 140@;@17 021 720@;@17 039 149@;@16 612 615@;@574 475@;@33 741 730@;@17 429@;@17 429@;@0,6@;@10 457,4@;@0,38
"7217203000"@;@986 198@;@1 671@;@2 237 000@;@4 945 580@;@2 237 000@;@@;@3 223 198@;@2 708 580@;@986 198@;@0,6@;@591 718,8@;@1,1
"2106909803"@;@15 488 819@;@375 590@;@5 602 724@;@8 958 811@;@5 282 600@;@397 617@;@20 318 336@;@3 356 087@;@3 356 087@;@1@;@3 356 087@;@0,65
"8482200001"@;@6 761 634@;@154 882@;@1 962 885@;@2 166 668@;@1 458 986@;@505 609@;@8 064 028@;@203 783@;@203 783@;@0,6@;@122 269,8@;@0,55
"4818909000"@;@968 333@;@5 593 497@;@755 347@;@1 344 272@;@909 879@;@17 407@;@1 706 273@;@588 925@;@588 925@;@1@;@588 925@;@0,67
"5205320008"@;@13 701@;@3 156@;@@;@@;@@;@@;@13 701@;@@;@@;@0,3@;@@;@0,56
"2008996300"@;@146 902@;@@;@@;@@;@@;@@;@146 902@;@@;@@;@0@;@@;@0,5
"5307100000"@;@25 419 536@;@51 911@;@183 128@;@183 128@;@159 836@;@17@;@25 550 736@;@0@;@0@;@0,6@;@0@;@0,62
"2104200010"@;@357 888@;@@;@38 068@;@38 068@;@38 068@;@@;@395 956@;@0@;@0@;@0,3@;@0@;@0,51
"0409000000"@;@802 302@;@171 872@;@@;@@;@@;@@;@802 302@;@@;@@;@0,7@;@@;@0,64
"1601009901"@;@2 116 928@;@884 170@;@1 791 949@;@3 298 184@;@1 780 417@;@28 780@;@3 880 097@;@1 506 235@;@1 506 235@;@1@;@1 506 235@;@0,69
"2208208900"@;@@;@4 249 321@;@1 953 195@;@2 865 514@;@1 485 391@;@2 242 689@;@-289 494@;@912 319@;@@;@0,6@;@@;@
"8545190000"@;@173 030@;@143@;@29 766@;@39 688@;@29 766@;@@;@202 653@;@9 922@;@9 922@;@1@;@9 922@;@0,64
"9506320000"@;@15 048@;@@;@3 273 335@;@3 279 392@;@2 290 946@;@219 341@;@3 069 042@;@6 057@;@6 057@;@0,3@;@1 817,1@;@0,18
"2204217900"@;@162 182@;@@;@@;@@;@@;@@;@162 182@;@@;@@;@0@;@@;@0,5
"8536691000"@;@285 714@;@179@;@12 331 218@;@12 335 162@;@7 936 468@;@3 305 253@;@9 311 679@;@3 944@;@3 944@;@0,6@;@2 366,4@;@0,14
"8501109900"@;@7 059 624@;@16 602@;@17 822@;@17 822@;@17 485@;@338@;@7 060 506@;@0@;@0@;@0,6@;@0@;@0,62
"3006600001"@;@2 050 462@;@276@;@@;@@;@@;@@;@2 050 462@;@@;@@;@0,3@;@@;@0,56
"8708919907"@;@@;@@;@@;@@;@@;@@;@0@;@@;@@;@0,4@;@@;@
"2933394500"@;@768@;@@;@@;@@;@@;@@;@768@;@@;@@;@0@;@@;@0,5
"8807300000"@;@472 201@;@283 387@;@@;@@;@@;@@;@472 201@;@@;@@;@0,3@;@@;@0,56
"2204299808"@;@@;@@;@141 310@;@174 526@;@128 630@;@12 923@;@128 630@;@33 216@;@@;@0,3@;@@;@
"7307939100"@;@1 254 708@;@@;@506 238@;@523 293@;@506 238@;@@;@1 760 946@;@17 055@;@17 055@;@0,7@;@11 938,5@;@0,5
"7320208108"@;@8 352 244@;@9 690@;@6 131@;@6 131@;@6 131@;@@;@8 348 685@;@0@;@0@;@1@;@0@;@0,7
"7309009000"@;@1 335 383@;@3 200@;@318 470@;@324 588@;@276 779@;@41 690@;@1 608 963@;@6 118@;@6 118@;@1@;@6 118@;@0,62
"0304892900"@;@21 953@;@@;@@;@@;@@;@@;@21 953@;@@;@@;@0@;@@;@0,5
"8462510004"@;@6 542@;@@;@@;@@;@@;@@;@6 542@;@@;@@;@0@;@@;@0,5
"8501630000"@;@395 952@;@@;@1 145 748@;@1 257 528@;@1 145 748@;@101 035@;@1 440 665@;@111 780@;@111 780@;@0,3@;@33 534@;@0,28
"2403191000"@;@59 241@;@@;@@;@@;@@;@@;@59 241@;@@;@@;@0@;@@;@0,5
"1904101000"@;@546 223@;@785 828@;@1 891 635@;@2 042 690@;@1 790 250@;@103 067@;@2 334 791@;@151 055@;@151 055@;@0,6@;@90 633@;@0,32
"305399080"@;@@;@@;@1 098 759@;@1 098 759@;@1 098 759@;@@;@1 098 759@;@0@;@@;@0,3@;@@;@
"7901121000"@;@64 336@;@76 891 062@;@@;@@;@@;@@;@64 336@;@@;@@;@0,3@;@@;@0,56
"5408210000"@;@@;@@;@1 185@;@1 185@;@1 185@;@@;@1 185@;@0@;@@;@0,3@;@@;@
"1512191000"@;@1 552 986@;@@;@37 103 074@;@37 104 259@;@42 317 427@;@3 116 271@;@35 539 789@;@1 185@;@1 185@;@0,3@;@355,5@;@0,08
"1701131015"@;@156 477 781@;@@;@@;@@;@@;@@;@156 477 781@;@@;@@;@0@;@@;@0,5
"2620300000"@;@@;@107 436@;@64 541@;@64 541@;@64 541@;@@;@64 541@;@0@;@@;@0,6@;@@;@
"3824991000"@;@40 359@;@@;@620 457@;@623 059@;@609 179@;@11 277@;@649 539@;@2 602@;@2 602@;@0,3@;@780,6@;@0,11
"7326909807"@;@40 206 819@;@1 148 691@;@6 330 151@;@7 192 179@;@6 443 160@;@598 893@;@44 789 386@;@862 028@;@862 028@;@1@;@862 028@;@0,66
"4407123900"@;@23 804@;@@;@@;@@;@@;@@;@23 804@;@@;@@;@0@;@@;@0,5
"6115101001"@;@24 075@;@2 576@;@903 555@;@912 373@;@640 740@;@662 231@;@265 399@;@8 818@;@8 818@;@0,6@;@5 290,8@;@0,28
"2005700000"@;@3 528 815@;@35@;@@;@@;@@;@@;@3 528 815@;@@;@@;@0,3@;@@;@0,56
"1602491500"@;@4 733@;@@;@@;@@;@@;@@;@4 733@;@@;@@;@0@;@@;@0,5
"2006003800"@;@24 495@;@4 466@;@@;@@;@@;@@;@24 495@;@@;@@;@0,3@;@@;@0,56
"8430410008"@;@12 021 932@;@287 567@;@1 738@;@1 738@;@1 738@;@@;@11 736 103@;@0@;@0@;@0,6@;@0@;@0,63
"4013100001"@;@65 998@;@@;@@;@@;@@;@@;@65 998@;@@;@@;@0@;@@;@0,5
"2827320009"@;@240 681@;@494@;@@;@@;@@;@@;@240 681@;@@;@@;@0,3@;@@;@0,56
"8528591000"@;@270 256@;@@;@@;@@;@@;@@;@270 256@;@@;@@;@0@;@@;@0,5
"6001100000"@;@1 188 173@;@1 727 677@;@45 246 305@;@54 862 462@;@42 095 540@;@8 713 015@;@37 721 463@;@9 616 157@;@1 188 173@;@0,6@;@712 903,8@;@2,56
"8207509000"@;@1 996 102@;@509@;@@;@@;@@;@@;@1 996 102@;@@;@@;@0,7@;@@;@0,64
"8452101100"@;@88 638@;@80@;@1 531@;@1 531@;@1 531@;@@;@90 089@;@0@;@0@;@0,6@;@0@;@0,61
"3801900009"@;@1 017 641@;@774@;@@;@@;@@;@@;@1 017 641@;@@;@@;@0,7@;@@;@0,64
"6402121000"@;@46 564@;@@;@@;@@;@@;@@;@46 564@;@@;@@;@0@;@@;@0,5
"9201101000"@;@205 692@;@@;@@;@@;@@;@@;@205 692@;@@;@@;@0,4@;@@;@0,58
"8411990019"@;@2 333 185@;@@;@@;@@;@@;@@;@2 333 185@;@@;@@;@0@;@@;@0,5
"0706100008"@;@@;@@;@@;@@;@@;@@;@0@;@@;@@;@0,4@;@@;@
"2928009000"@;@1 036 872@;@1 928@;@33 859@;@33 859@;@33 859@;@@;@1 068 803@;@0@;@0@;@1@;@0@;@0,69
"5205440002"@;@@;@514 709@;@@;@@;@@;@@;@0@;@@;@@;@0,3@;@@;@
"9405210032"@;@10 259@;@@;@@;@@;@@;@@;@10 259@;@@;@@;@0@;@@;@0,5
"1006209400"@;@470 992@;@@;@49 304@;@58 922@;@49 304@;@@;@520 296@;@9 618@;@9 618@;@0,3@;@2 885,4@;@0,52
"6307909200"@;@47 748@;@92@;@560 122@;@565 826@;@557 610@;@2 512@;@605 358@;@5 704@;@5 704@;@1@;@5 704@;@0,28
"1602421000"@;@1 541@;@@;@@;@@;@@;@@;@1 541@;@@;@@;@0@;@@;@0,5
"8451801000"@;@551 618@;@@;@@;@@;@@;@@;@551 618@;@@;@@;@0@;@@;@0,5
"7308100000"@;@1 063 292@;@@;@383 168@;@391 333@;@383 168@;@@;@1 446 460@;@8 165@;@8 165@;@0,7@;@5 715,5@;@0,51
"406201000"@;@@;@@;@189 023@;@189 023@;@162 019@;@27 003@;@162 019@;@0@;@@;@0,3@;@@;@
"6302299000"@;@512 224@;@8 412@;@551 264@;@560 906@;@551 264@;@@;@1 063 488@;@9 642@;@9 642@;@1@;@9 642@;@0,45
"4007000000"@;@1 815 052@;@8 979@;@61 979@;@61 979@;@61 979@;@@;@1 868 052@;@0@;@0@;@1@;@0@;@0,69
"0403905109"@;@86 866@;@@;@@;@@;@@;@@;@86 866@;@@;@@;@0,4@;@@;@0,58
"2713200000"@;@80 779 862@;@2 520 285@;@26 256 303@;@45 816 313@;@25 794 272@;@2 607 258@;@101 908 622@;@19 560 010@;@19 560 010@;@1@;@19 560 010@;@0,67
"8603100008"@;@57 889 258@;@@;@@;@@;@@;@@;@57 889 258@;@@;@@;@0@;@@;@0,5
"6211434100"@;@23 392@;@2 000@;@@;@@;@@;@@;@23 392@;@@;@@;@0,3@;@@;@0,56
"5906991000"@;@7 434@;@@;@@;@@;@@;@@;@7 434@;@@;@@;@0@;@@;@0,5
"8533401000"@;@858 640@;@5 624@;@@;@@;@@;@@;@858 640@;@@;@@;@0,3@;@@;@0,56
"2813901000"@;@@;@@;@3 261@;@3 623@;@3 246@;@569@;@3 246@;@362@;@@;@0,3@;@@;@
"8104900000"@;@543 204@;@4 058@;@7 441@;@7 441@;@7 441@;@@;@546 587@;@0@;@0@;@0,6@;@0@;@0,62
"403207100"@;@@;@@;@279 155@;@429 469@;@279 155@;@@;@279 155@;@150 314@;@@;@0,3@;@@;@
"7411101000"@;@389 855@;@54 953 089@;@141 265 685@;@142 013 268@;@137 223 545@;@2 439 180@;@139 216 360@;@747 583@;@389 855@;@1@;@389 855@;@0,78
"2931900009"@;@4 259 519@;@157 488@;@@;@@;@@;@@;@4 259 519@;@@;@@;@0,7@;@@;@0,64
"4009420009"@;@@;@@;@@;@@;@@;@@;@0@;@@;@@;@0,4@;@@;@
"6104620000"@;@1 359 326@;@35 948 385@;@2 826 528@;@3 655 428@;@2 361 733@;@108 680@;@4 077 174@;@828 900@;@828 900@;@1@;@828 900@;@0,55
"7207203900"@;@37 955@;@@;@@;@@;@@;@@;@37 955@;@@;@@;@0@;@@;@0,5
"0904219000"@;@73 671@;@2 591 244@;@@;@@;@@;@@;@73 671@;@@;@@;@0,3@;@@;@0,56
"9031902000"@;@41 597@;@@;@@;@@;@@;@@;@41 597@;@@;@@;@0@;@@;@0,5
"7102390000"@;@1 032 972@;@@;@@;@@;@@;@@;@1 032 972@;@@;@@;@0@;@@;@0,5
"8462420009"@;@428 901@;@@;@@;@@;@@;@@;@428 901@;@@;@@;@0@;@@;@0,5
"402919900"@;@@;@@;@687 425@;@722 475@;@686 965@;@1 907@;@686 965@;@35 050@;@@;@0,3@;@@;@
"2937220000"@;@341 162@;@@;@@;@@;@@;@@;@341 162@;@@;@@;@0@;@@;@0,5
"8465919000"@;@1 041 660@;@250@;@@;@@;@@;@@;@1 041 660@;@@;@@;@0,3@;@@;@0,56
"7009910000"@;@2 081 089@;@237 497@;@1 863 543@;@1 928 149@;@1 746 527@;@75 048@;@3 869 584@;@64 606@;@64 606@;@0,6@;@38 763,6@;@0,4
"7219341009"@;@570 097@;@@;@@;@@;@@;@@;@570 097@;@@;@@;@0@;@@;@0,5
"5208221900"@;@1 021@;@149 006@;@1 112 853@;@1 379 498@;@1 476 451@;@118 167@;@995 707@;@266 645@;@1 021@;@1@;@1 021@;@78,55
"5208321600"@;@16 976@;@1 339 227@;@184 803@;@221 037@;@184 803@;@@;@201 779@;@36 234@;@16 976@;@1@;@16 976@;@0,88
"3002150000"@;@11 671 665@;@@;@@;@@;@@;@@;@11 671 665@;@@;@@;@0,4@;@@;@0,58
"0403905309"@;@@;@@;@@;@@;@@;@@;@0@;@@;@@;@0,4@;@@;@
"7216509900"@;@20 450 503@;@@;@38 610 807@;@38 922 911@;@38 474 611@;@229 350@;@58 831 960@;@312 104@;@312 104@;@0,3@;@93 631,2@;@0,24
"5210310000"@;@59 173@;@10 285@;@@;@@;@@;@@;@59 173@;@@;@@;@0,7@;@@;@0,64
"3006101000"@;@2 562@;@@;@111 337@;@111 337@;@111 337@;@@;@113 899@;@0@;@0@;@0,7@;@0@;@0,15
"7801999000"@;@97 487@;@@;@3 046@;@3 046@;@3 046@;@@;@100 533@;@0@;@0@;@0,3@;@0@;@0,54
"3506910009"@;@@;@@;@@;@@;@@;@@;@0@;@@;@@;@0,4@;@@;@
"0404902300"@;@2 433@;@370 117@;@@;@@;@@;@@;@2 433@;@@;@@;@0,3@;@@;@0,56
"4805191000"@;@1 064@;@@;@564 593@;@587 638@;@632 348@;@2 304@;@563 353@;@23 045@;@1 064@;@0,3@;@319,2@;@6,56
"8311100001"@;@8 921 549@;@22 247 438@;@751@;@751@;@751@;@@;@8 922 300@;@0@;@0@;@1@;@0@;@0,7
"5603939000"@;@606 872@;@1 314 593@;@256 374@;@256 374@;@256 374@;@@;@863 246@;@0@;@0@;@1@;@0@;@0,55
"3302102100"@;@1 176 476@;@@;@@;@@;@@;@@;@1 176 476@;@@;@@;@0@;@@;@0,5
"7210490000"@;@@;@@;@201 417 300@;@205 365 119@;@198 449 472@;@16 331 421@;@198 449 472@;@3 947 819@;@@;@0,3@;@@;@
"4704290000"@;@32 702@;@@;@@;@@;@@;@@;@32 702@;@@;@@;@0@;@@;@0,5
"6102109000"@;@22 600@;@4 558@;@3 160@;@3 160@;@3 160@;@@;@21 202@;@0@;@0@;@0,6@;@0@;@0,65
"0801110000"@;@295 224@;@@;@@;@@;@@;@@;@295 224@;@@;@@;@0@;@@;@0,5
"0405901000"@;@40 764@;@@;@@;@@;@@;@@;@40 764@;@@;@@;@0,4@;@@;@0,58
"9613900000"@;@446 589@;@30@;@@;@@;@@;@@;@446 589@;@@;@@;@0,3@;@@;@0,56
"7020001000"@;@32 959@;@@;@@;@@;@@;@@;@32 959@;@@;@@;@0@;@@;@0,5
"8482109004"@;@@;@@;@1 442 185@;@1 442 185@;@1 242 480@;@75 051@;@1 242 480@;@0@;@@;@0,3@;@@;@
"7318154900"@;@452 044@;@4 835@;@15 442@;@20 916@;@14 889@;@553@;@462 098@;@5 474@;@5 474@;@1@;@5 474@;@0,69
"8462590001"@;@543 855@;@@;@@;@@;@@;@@;@543 855@;@@;@@;@0@;@@;@0,5
"402999900"@;@@;@@;@125 338@;@130 355@;@143 966@;@22 201@;@143 966@;@5 017@;@@;@0,3@;@@;@
"6601992000"@;@513 471@;@18@;@194 399@;@194 399@;@194 399@;@1 535@;@706 317@;@0@;@0@;@0,6@;@0@;@0,48
"6110121001"@;@15 479@;@@;@@;@@;@@;@@;@15 479@;@@;@@;@0@;@@;@0,5
"8607211000"@;@322 789@;@@;@1 114 309@;@1 114 309@;@1 171 091@;@@;@1 437 098@;@0@;@0@;@0,7@;@0@;@0,25
"7324290000"@;@45 077@;@3 759@;@@;@@;@@;@@;@45 077@;@@;@@;@0,3@;@@;@0,56
"8474801080"@;@22 627 014@;@111 221@;@@;@@;@@;@@;@22 627 014@;@@;@@;@0,3@;@@;@0,56
"4407229100"@;@@;@@;@1 643@;@1 643@;@1 643@;@@;@1 643@;@0@;@@;@0,3@;@@;@
"3823120000"@;@15 861@;@@;@@;@@;@@;@@;@15 861@;@@;@@;@0@;@@;@0,5
"8702109190"@;@@;@@;@389 137@;@8 690 726@;@1 521 975@;@@;@1 521 975@;@8 301 589@;@@;@0,3@;@@;@
"0210997900"@;@287@;@@;@@;@@;@@;@@;@287@;@@;@@;@0@;@@;@0,5
"8430690008"@;@1 437 756@;@17 905@;@20 540@;@20 540@;@20 540@;@@;@1 440 391@;@0@;@0@;@0,6@;@0@;@0,62
"7204500000"@;@@;@27 900@;@53 020@;@57 974@;@53 020@;@@;@53 020@;@4 954@;@@;@0,6@;@@;@
"6406101900"@;@@;@@;@275 946@;@281 018@;@275 946@;@@;@275 946@;@5 072@;@@;@0,3@;@@;@
"1806901100"@;@2 392 136@;@@;@243 612@;@982 501@;@243 612@;@@;@2 635 748@;@738 889@;@738 889@;@0,3@;@221 666,7@;@0,61
"3002120002"@;@543 305@;@31 687@;@@;@@;@@;@@;@543 305@;@@;@@;@0,3@;@@;@0,56
"5206140002"@;@32 110@;@173 489@;@@;@@;@@;@@;@32 110@;@@;@@;@0,3@;@@;@0,56
"2933911000"@;@0@;@@;@@;@@;@@;@@;@0@;@@;@@;@0@;@@;@
"8438200000"@;@10 200 526@;@50 421@;@27 747@;@38 734@;@27 747@;@@;@10 177 852@;@10 987@;@10 987@;@0,6@;@6 592,2@;@0,62
"8708502009"@;@21 945 944@;@74 378@;@790@;@8 690@;@790@;@@;@21 872 356@;@7 900@;@7 900@;@0,6@;@4 740@;@0,62
"5208211000"@;@5@;@11 828 148@;@7 745 250@;@9 801 367@;@7 164 423@;@640 222@;@7 105 033@;@2 056 117@;@5@;@1@;@5@;@100
"1902301000"@;@11 500 841@;@3 028 553@;@217 382@;@244 750@;@155 724@;@18 852@;@8 670 818@;@27 368@;@27 368@;@1@;@27 368@;@0,86
"4005100000"@;@5 080 809@;@42 307@;@2 874 792@;@4 889 710@;@2 872 753@;@302 646@;@7 610 648@;@2 014 918@;@2 014 918@;@1@;@2 014 918@;@0,65
"8511300002"@;@8 143 453@;@@;@@;@@;@@;@@;@8 143 453@;@@;@@;@0@;@@;@0,5
"3806200000"@;@1 368@;@@;@@;@@;@@;@@;@1 368@;@@;@@;@0@;@@;@0,5
"2933395500"@;@821@;@@;@@;@@;@@;@@;@821@;@@;@@;@0@;@@;@0,5
"8483402300"@;@1 031 053@;@88 209@;@5 229 896@;@5 826 212@;@5 028 596@;@76 646@;@6 184 303@;@596 316@;@596 316@;@1@;@596 316@;@0,46
"8460231002"@;@3 195 136@;@@;@@;@@;@@;@@;@3 195 136@;@@;@@;@0@;@@;@0,5
"4401410000"@;@@;@@;@75@;@75@;@@;@75@;@0@;@0@;@@;@0,7@;@@;@
"5701909000"@;@7 286@;@9 838@;@11 057 594@;@11 066 862@;@10 674 961@;@718 422@;@10 346 458@;@9 268@;@7 286@;@0,6@;@4 371,6@;@0,5
"4701001000"@;@4 408@;@@;@@;@@;@@;@@;@4 408@;@@;@@;@0@;@@;@0,5
"0404104800"@;@284 749@;@@;@@;@@;@@;@@;@284 749@;@@;@@;@0@;@@;@0,5
"2915907000"@;@245 564@;@42 133@;@@;@@;@@;@@;@245 564@;@@;@@;@0,3@;@@;@0,56
"7318158100"@;@3 614 311@;@1 031@;@18 182@;@21 445@;@17 629@;@553@;@3 630 909@;@3 263@;@3 263@;@0,6@;@1 957,8@;@0,62
"3002120003"@;@664 943@;@@;@@;@@;@@;@@;@664 943@;@@;@@;@0@;@@;@0,5
"2906110000"@;@299 249@;@@;@@;@@;@@;@@;@299 249@;@@;@@;@0@;@@;@0,5
"3919101200"@;@2 027 063@;@508@;@5 273 755@;@5 467 037@;@5 424 277@;@335 180@;@6 965 638@;@193 282@;@193 282@;@0,6@;@115 969,2@;@0,29
"6113009000"@;@99 844@;@9 243@;@168 617@;@168 617@;@168 617@;@4 903@;@263 558@;@0@;@0@;@1@;@0@;@0,39
"7405000000"@;@722 931@;@@;@@;@@;@@;@@;@722 931@;@@;@@;@0@;@@;@0,5
"5205260002"@;@@;@69 306@;@@;@@;@@;@@;@0@;@@;@@;@0,3@;@@;@
"8421320000"@;@35 919 461@;@1 058 488@;@109 001@;@115 607@;@114 111@;@1 705@;@34 968 269@;@6 606@;@6 606@;@0,6@;@3 963,6@;@0,63
"8418219900"@;@205 178@;@587 261@;@16 935 535@;@16 965 563@;@18 170 327@;@4 992 890@;@12 147 823@;@30 028@;@30 028@;@0,6@;@18 016,8@;@0,17
"9031908500"@;@1 595 477@;@349 415@;@@;@@;@@;@@;@1 595 477@;@@;@@;@0,3@;@@;@0,56
"2008191300"@;@19 012 282@;@4 463 542@;@49 951@;@66 601@;@49 951@;@5 186@;@14 593 505@;@16 650@;@16 650@;@0,6@;@9 990@;@0,77
"7202500000"@;@@;@@;@790@;@790@;@790@;@@;@790@;@0@;@@;@0,3@;@@;@
"1513119100"@;@18 443@;@@;@@;@@;@@;@@;@18 443@;@@;@@;@0@;@@;@0,5
"8535309002"@;@59 251@;@@;@6 478@;@6 478@;@6 478@;@@;@65 729@;@0@;@0@;@0,3@;@0@;@0,51
"5501200000"@;@1 193@;@@;@23 198 558@;@23 404 518@;@23 198 558@;@@;@23 199 751@;@205 960@;@1 193@;@0,3@;@357,9@;@51,85
"7326909400"@;@4 386 085@;@1 249 249@;@2 834 174@;@2 837 437@;@2 833 309@;@55 000@;@5 916 010@;@3 263@;@3 263@;@1@;@3 263@;@0,57
"8515900000"@;@5 457 572@;@169@;@@;@@;@@;@@;@5 457 572@;@@;@@;@0,3@;@@;@0,56
"9405490034"@;@2 838@;@@;@@;@@;@@;@@;@2 838@;@@;@@;@0@;@@;@0,5
"2843909000"@;@245 386@;@178 311@;@@;@@;@@;@@;@245 386@;@@;@@;@0,3@;@@;@0,56
"6804221800"@;@8 788 263@;@2 173@;@158 003@;@158 003@;@158 003@;@@;@8 944 093@;@0@;@0@;@0,6@;@0@;@0,61
"7318149100"@;@51 306@;@@;@133 237@;@134 007@;@133 237@;@@;@184 543@;@770@;@770@;@0,3@;@231@;@0,2
"8607110000"@;@464 469@;@@;@266 791@;@288 681@;@266 791@;@29 170@;@702 090@;@21 890@;@21 890@;@0,3@;@6 567@;@0,4
"0301930000"@;@51 526@;@42 184@;@@;@@;@@;@@;@51 526@;@@;@@;@0,7@;@@;@0,64
"1602321100"@;@10 028 891@;@23 068@;@575 293@;@607 978@;@575 293@;@4 922@;@10 576 194@;@32 685@;@32 685@;@0,6@;@19 611@;@0,6
"2523300000"@;@282 484@;@67@;@71 442@;@71 955@;@71 442@;@@;@353 859@;@513@;@513@;@0,6@;@307,8@;@0,52
"0901220001"@;@205 570@;@@;@@;@@;@@;@@;@205 570@;@@;@@;@0@;@@;@0,5
"2501009110"@;@84 049@;@11 641@;@7 867 394@;@8 243 360@;@7 265 427@;@734 184@;@7 217 259@;@375 966@;@84 049@;@1@;@84 049@;@1,55
"8703606092"@;@15 800@;@@;@@;@@;@@;@@;@15 800@;@@;@@;@0@;@@;@0,5
"8208300000"@;@554 689@;@608@;@3 160@;@3 160@;@3 160@;@@;@557 241@;@0@;@0@;@0,6@;@0@;@0,62
"3824999608"@;@80 716 048@;@1 934 367@;@619 682@;@619 682@;@617 008@;@2 674@;@79 398 689@;@0@;@0@;@1@;@0@;@0,71
"9508220000"@;@838 234@;@41 789@;@@;@@;@@;@@;@838 234@;@@;@@;@0,7@;@@;@0,64
"8537209200"@;@30 490 279@;@644 707@;@11 726 583@;@12 013 506@;@11 039 120@;@1 046 521@;@40 525 634@;@286 923@;@286 923@;@1@;@286 923@;@0,58
"2827320001"@;@18 846@;@@;@@;@@;@@;@@;@18 846@;@@;@@;@0@;@@;@0,5
"9027810000"@;@1 636 224@;@231 000@;@@;@@;@@;@@;@1 636 224@;@@;@@;@0,3@;@@;@0,56
"9603500001"@;@2 480 683@;@@;@12 551@;@12 551@;@12 551@;@22 120@;@2 471 114@;@0@;@0@;@0,3@;@0@;@0,56
"8446300000"@;@27 237 005@;@126 487@;@@;@@;@@;@@;@27 237 005@;@@;@@;@0,3@;@@;@0,56
"6115963000"@;@@;@@;@5 268@;@5 268@;@5 268@;@@;@5 268@;@0@;@@;@0,3@;@@;@
"0810907509"@;@94 291@;@@;@@;@@;@@;@@;@94 291@;@@;@@;@0@;@@;@0,5
"4405000000"@;@1 099@;@@;@1 027@;@1 027@;@1 027@;@@;@2 126@;@0@;@0@;@0,3@;@0@;@0,32
"8471708000"@;@334 762@;@9 212@;@@;@@;@@;@@;@334 762@;@@;@@;@0,3@;@@;@0,56
"6302910000"@;@273 589@;@12 677 114@;@2 002 547@;@9 414 549@;@2 058 294@;@71 287@;@2 204 849@;@7 412 002@;@273 589@;@1@;@273 589@;@8,39
"4418750000"@;@1 616 959@;@72 638@;@965 635@;@1 045 060@;@965 635@;@@;@2 509 956@;@79 425@;@79 425@;@1@;@79 425@;@0,54
"1104295100"@;@1 358@;@@;@@;@@;@@;@@;@1 358@;@@;@@;@0@;@@;@0,5
"0408118000"@;@385 651@;@@;@@;@@;@@;@@;@385 651@;@@;@@;@0@;@@;@0,5
"2933399800"@;@1 801 943@;@33 285@;@@;@@;@@;@@;@1 801 943@;@@;@@;@0,3@;@@;@0,56
"6403999300"@;@112 319@;@200 664@;@71 662@;@71 662@;@55 789@;@15 873@;@168 108@;@0@;@0@;@1@;@0@;@0,53
"4202121100"@;@241 448@;@@;@@;@@;@@;@@;@241 448@;@@;@@;@0,4@;@@;@0,58
"7326205000"@;@@;@@;@790@;@790@;@790@;@@;@790@;@0@;@@;@0,3@;@@;@
"2831100000"@;@673 087@;@@;@@;@@;@@;@@;@673 087@;@@;@@;@0@;@@;@0,5
"5407540000"@;@100 283@;@@;@@;@@;@@;@@;@100 283@;@@;@@;@0@;@@;@0,5
"3912310000"@;@2 340 749@;@7 320 557@;@20 577 592@;@29 526 216@;@17 982 021@;@3 035 965@;@19 882 376@;@8 948 624@;@2 340 749@;@1@;@2 340 749@;@1,41
"3201100000"@;@209 498@;@@;@393 404@;@663 573@;@341 359@;@52 045@;@550 857@;@270 169@;@209 498@;@0,3@;@62 849,4@;@0,64
"7202491000"@;@118 700@;@@;@790@;@790@;@790@;@@;@119 490@;@0@;@0@;@0,3@;@0@;@0,56
"7019650009"@;@200 555@;@@;@9 480@;@9 480@;@9 480@;@@;@210 035@;@0@;@0@;@0,3@;@0@;@0,54
"3920999000"@;@255 131@;@@;@2 692 816@;@20 917 504@;@2 694 485@;@92 075@;@2 855 872@;@18 224 688@;@255 131@;@0,3@;@76 539,3@;@21,53
"9018501000"@;@4 721 044@;@30 965@;@474@;@@;@474@;@@;@4 690 553@;@@;@@;@0,6@;@@;@0,62
"2009199801"@;@1 427 434@;@@;@@;@@;@@;@@;@1 427 434@;@@;@@;@0@;@@;@0,5
"8511900002"@;@1 088 572@;@@;@@;@@;@@;@@;@1 088 572@;@@;@@;@0@;@@;@0,5
"0106330010"@;@400@;@@;@@;@@;@@;@@;@400@;@@;@@;@0@;@@;@0,5
"8436809900"@;@@;@@;@56 587@;@74 343@;@56 587@;@@;@56 587@;@17 756@;@@;@0,3@;@@;@
"5810109000"@;@14 481@;@@;@@;@@;@@;@@;@14 481@;@@;@@;@0@;@@;@0,5
"3210009000"@;@848 319@;@3 927@;@3 727 850@;@4 919 812@;@3 721 439@;@211 705@;@4 364 464@;@1 191 962@;@848 319@;@1@;@848 319@;@0,72
"7209261000"@;@25 334@;@@;@@;@@;@@;@@;@25 334@;@@;@@;@0@;@@;@0,5
"8433300000"@;@113 021@;@@;@@;@@;@@;@@;@113 021@;@@;@@;@0@;@@;@0,5
"3917291200"@;@@;@@;@92 359@;@92 359@;@92 359@;@@;@92 359@;@0@;@@;@0,3@;@@;@
"2306410000"@;@5 105 712@;@@;@8 859@;@8 859@;@8 859@;@@;@5 114 571@;@0@;@0@;@0,3@;@0@;@0,56
"6804229000"@;@603 636@;@1 187@;@51 351@;@51 351@;@51 351@;@@;@653 800@;@0@;@0@;@0,6@;@0@;@0,58
"8544499509"@;@9 652 553@;@9 424 999@;@13 341 350@;@14 372 364@;@12 137 271@;@806 535@;@22 187 368@;@1 031 014@;@1 031 014@;@1@;@1 031 014@;@0,45
"2530900000"@;@@;@@;@23 003 423@;@23 149 827@;@22 388 803@;@1 207 009@;@22 388 803@;@146 404@;@@;@0,3@;@@;@
"6211429000"@;@85 758@;@357 543@;@2 471 209@;@2 795 408@;@2 482 607@;@68 182@;@2 488 785@;@324 199@;@85 758@;@1@;@85 758@;@1,35
"6811890009"@;@5 593@;@@;@@;@@;@@;@@;@5 593@;@@;@@;@0@;@@;@0,5
"1512119109"@;@109 613 428@;@148 860@;@@;@@;@@;@@;@109 613 428@;@@;@@;@0,3@;@@;@0,56
"8470100000"@;@402 500@;@374@;@@;@@;@@;@@;@402 500@;@@;@@;@0,3@;@@;@0,56
"7502200009"@;@23 432@;@@;@@;@@;@@;@@;@23 432@;@@;@@;@0@;@@;@0,5
"9405210019"@;@17 802@;@@;@@;@@;@@;@@;@17 802@;@@;@@;@0@;@@;@0,5
"8708923501"@;@337 925@;@13 545@;@@;@@;@@;@@;@337 925@;@@;@@;@0,3@;@@;@0,56
"2836999000"@;@706 569@;@2 000@;@@;@@;@@;@@;@706 569@;@@;@@;@0,3@;@@;@0,56
"2004901000"@;@@;@@;@151 302@;@151 302@;@120 632@;@30 671@;@120 632@;@0@;@@;@0,3@;@@;@
"7311003000"@;@357 020@;@3 842@;@6 667 521@;@6 975 573@;@6 667 521@;@253 992@;@6 770 549@;@308 052@;@308 052@;@0,6@;@184 831,2@;@0,41
"7019800003"@;@2 498@;@@;@@;@@;@@;@@;@2 498@;@@;@@;@0@;@@;@0,5
"2926909800"@;@285 038@;@8 199@;@@;@@;@@;@@;@285 038@;@@;@@;@0,3@;@@;@0,56
"8507108001"@;@@;@@;@64 623@;@129 246@;@47 523@;@40 830@;@47 523@;@64 623@;@@;@0,3@;@@;@
"3917231009"@;@444 305@;@119 123@;@434 426@;@434 426@;@434 426@;@4 207@;@874 524@;@0@;@0@;@1@;@0@;@0,45
"6104220000"@;@243 723@;@13 634 927@;@2 357 272@;@2 369 225@;@2 226 026@;@127 965@;@2 473 030@;@11 953@;@11 953@;@1@;@11 953@;@0,26
"9508230000"@;@216 095@;@47 451@;@@;@@;@@;@@;@216 095@;@@;@@;@0,3@;@@;@0,56
"8408906500"@;@1 250 192@;@7 500@;@@;@@;@@;@@;@1 250 192@;@@;@@;@0,3@;@@;@0,56
"8487903000"@;@@;@@;@1 158 155@;@1 158 155@;@1 158 155@;@@;@1 158 155@;@0@;@@;@0,3@;@@;@
"2001903000"@;@32 724@;@@;@@;@@;@@;@@;@32 724@;@@;@@;@0@;@@;@0,5
"5513410000"@;@35 239@;@@;@@;@@;@@;@@;@35 239@;@@;@@;@0@;@@;@0,5
"3923309010"@;@156 640@;@714 454@;@7 323 602@;@7 621 327@;@7 453 145@;@1 361 617@;@6 118 625@;@297 725@;@156 640@;@0,6@;@93 984@;@0,7
"8438600000"@;@16 671 600@;@795 358@;@164 720@;@166 329@;@164 720@;@@;@16 040 962@;@1 609@;@1 609@;@0,6@;@965,4@;@0,64
"7612908001"@;@44 488 735@;@3 777@;@23 526@;@23 526@;@23 526@;@@;@44 508 484@;@0@;@0@;@1@;@0@;@0,7
"2711129700"@;@36 205 864@;@1 620 790@;@6 084 950@;@6 084 950@;@6 052 844@;@63 057@;@40 606 967@;@0@;@0@;@0,6@;@0@;@0,57
"2009902901"@;@@;@@;@6 264@;@7 517@;@6 264@;@@;@6 264@;@1 253@;@@;@0,3@;@@;@
"4811590009"@;@6 457 979@;@3 126@;@1 287 839@;@1 756 617@;@1 287 839@;@10 295@;@7 732 397@;@468 778@;@468 778@;@0,6@;@281 266,8@;@0,56
"8460909009"@;@957 883@;@6 532@;@@;@@;@@;@@;@957 883@;@@;@@;@0,3@;@@;@0,56
"2008207900"@;@1 420 278@;@3 381@;@@;@@;@@;@@;@1 420 278@;@@;@@;@0,3@;@@;@0,56
"8704319802"@;@200@;@@;@@;@@;@@;@@;@200@;@@;@@;@0@;@@;@0,5
"2917399500"@;@11 857 657@;@29 820@;@39 966@;@44 440@;@39 966@;@@;@11 867 803@;@4 474@;@4 474@;@0,6@;@2 684,4@;@0,62
"3305900001"@;@176 716@;@628 550@;@@;@@;@@;@@;@176 716@;@@;@@;@0,3@;@@;@0,56
"8422200001"@;@1 982 183@;@@;@2 021@;@2 021@;@2 021@;@@;@1 984 204@;@0@;@0@;@0,3@;@0@;@0,56
"8481309100"@;@@;@@;@@;@@;@@;@@;@0@;@@;@@;@0,4@;@@;@
"1605539000"@;@70 695@;@@;@@;@@;@@;@@;@70 695@;@@;@@;@0@;@@;@0,5
"2008807000"@;@14 578@;@5 716@;@@;@@;@@;@@;@14 578@;@@;@@;@0,3@;@@;@0,56
"7302102200"@;@31 043 264@;@@;@@;@@;@@;@@;@31 043 264@;@@;@@;@0@;@@;@0,5
"2007109910"@;@3 811 658@;@@;@@;@@;@@;@@;@3 811 658@;@@;@@;@0@;@@;@0,5
"3401110001"@;@13 354 822@;@2 939 914@;@8 872 893@;@8 893 697@;@6 418 212@;@619 557@;@18 668 244@;@20 804@;@20 804@;@1@;@20 804@;@0,56
"6104230000"@;@17 079@;@239 721@;@1 975@;@1 975@;@1 975@;@@;@19 054@;@0@;@0@;@1@;@0@;@0,65
"7413000002"@;@@;@@;@@;@@;@@;@@;@0@;@@;@@;@0,4@;@@;@
"7325999009"@;@1 815 017@;@3 177 146@;@2 500 996@;@2 552 547@;@2 301 307@;@87 104@;@4 228 909@;@51 551@;@51 551@;@1@;@51 551@;@0,42
"4802540001"@;@@;@@;@5 548 529@;@9 880 954@;@5 554 241@;@5 282@;@5 554 241@;@4 332 425@;@@;@0,3@;@@;@
"8508600000"@;@153 422@;@5 174@;@1 905@;@1 905@;@762@;@1 143@;@149 010@;@0@;@0@;@0,6@;@0@;@0,63
"7208370000"@;@39 926 025@;@@;@@;@@;@@;@1 080 558@;@38 845 467@;@@;@@;@0,4@;@@;@0,59
"8447900009"@;@3 090 212@;@50 380@;@@;@@;@@;@@;@3 090 212@;@@;@@;@0,3@;@@;@0,56
"7019900091"@;@119 272@;@47@;@@;@@;@@;@@;@119 272@;@@;@@;@0,3@;@@;@0,56
"8704600000"@;@21 261 947@;@272 812@;@@;@@;@@;@@;@21 261 947@;@@;@@;@0,7@;@@;@0,64
"5509620000"@;@654@;@1 054 579@;@@;@@;@@;@@;@654@;@@;@@;@0,3@;@@;@0,56
"8412904002"@;@@;@@;@4 350@;@41 325@;@4 350@;@@;@4 350@;@36 975@;@@;@0,3@;@@;@
"8504409000"@;@@;@@;@2 437 482@;@2 440 558@;@1 988 234@;@454 207@;@1 988 234@;@3 076@;@@;@0,3@;@@;@
"2008205100"@;@109 550@;@121@;@@;@@;@@;@@;@109 550@;@@;@@;@0,3@;@@;@0,56
"3926909702"@;@6 036 133@;@521 714@;@@;@@;@@;@@;@6 036 133@;@@;@@;@0,3@;@@;@0,56
"8703221099"@;@217 041 719@;@2 058 506@;@2 419 806 792@;@2 429 286 724@;@2 220 979 977@;@282 923 077@;@2 353 925 434@;@9 479 932@;@9 479 932@;@0,6@;@5 687 959,2@;@0,18
"6403599500"@;@270 776@;@41 258@;@1 275 083@;@1 345 396@;@1 220 017@;@88 963@;@1 456 896@;@70 313@;@70 313@;@1@;@70 313@;@0,37
"2621100000"@;@@;@4 894@;@1 290 037@;@1 291 782@;@1 290 037@;@53 503@;@1 236 534@;@1 745@;@@;@0,6@;@@;@
"3814009000"@;@15 210 881@;@313 837@;@4 616 132@;@6 388 592@;@4 804 544@;@122 415@;@19 390 761@;@1 772 460@;@1 772 460@;@1@;@1 772 460@;@0,63
"8413707509"@;@@;@@;@@;@@;@@;@@;@0@;@@;@@;@0,4@;@@;@
"5007201100"@;@@;@@;@3 332 048@;@3 575 216@;@3 288 829@;@116 259@;@3 288 829@;@243 168@;@@;@0,3@;@@;@
"8477100009"@;@17 144 532@;@124 550@;@@;@@;@@;@@;@17 144 532@;@@;@@;@0,3@;@@;@0,56
"2206005901"@;@3 954@;@@;@@;@@;@@;@@;@3 954@;@@;@@;@0@;@@;@0,5
"8207607000"@;@4 050@;@@;@@;@@;@@;@@;@4 050@;@@;@@;@0@;@@;@0,5
"6403999800"@;@2 238 521@;@23 649@;@624 010@;@665 611@;@216 379@;@626 135@;@2 212 747@;@41 601@;@41 601@;@1@;@41 601@;@0,71
"2009909800"@;@69 377@;@44 515@;@@;@@;@@;@@;@69 377@;@@;@@;@0,3@;@@;@0,56
"8414801100"@;@22 528 870@;@852 638@;@1 671 841@;@1 671 841@;@1 367 859@;@342 388@;@23 005 685@;@0@;@0@;@0,6@;@0@;@0,61
"7224900200"@;@27 384@;@@;@1 357 530@;@1 358 851@;@1 157 825@;@75 051@;@1 309 863@;@1 321@;@1 321@;@0,3@;@396,3@;@0,08
"3915200000"@;@3 043@;@@;@@;@@;@@;@@;@3 043@;@@;@@;@0@;@@;@0,5
"5301100000"@;@106@;@@;@511 898@;@511 898@;@188 339@;@323 558@;@188 446@;@0@;@0@;@0,3@;@0@;@0,06
"5407940000"@;@224 725@;@@;@2 676@;@2 676@;@2 676@;@@;@227 401@;@0@;@0@;@0,3@;@0@;@0,55
"4906000000"@;@81 347@;@@;@@;@@;@@;@@;@81 347@;@@;@@;@0@;@@;@0,5
"8433531000"@;@227 176@;@@;@@;@@;@@;@@;@227 176@;@@;@@;@0@;@@;@0,5
"8707101000"@;@26 915 921@;@220 713 725@;@39 719 282@;@39 914 516@;@46 147 473@;@7 319 209@;@59 315 994@;@195 234@;@195 234@;@0,6@;@117 140,4@;@0,35
"4418119000"@;@@;@686@;@8 403@;@16 806@;@8 403@;@@;@8 403@;@8 403@;@@;@1@;@@;@
"8502400000"@;@90 764@;@@;@@;@@;@@;@@;@90 764@;@@;@@;@0@;@@;@0,5
"8512309009"@;@5 855 347@;@2 593@;@17 407@;@17 407@;@25 519@;@@;@5 870 161@;@0@;@0@;@0,6@;@0@;@0,62
"5516231000"@;@13 451@;@@;@2 162@;@2 162@;@2 162@;@@;@15 613@;@0@;@0@;@0,3@;@0@;@0,49
"0810209000"@;@245 772@;@@;@@;@@;@@;@@;@245 772@;@@;@@;@0@;@@;@0,5
"4804395100"@;@39 010@;@7 026@;@237@;@237@;@237@;@@;@32 221@;@0@;@0@;@0,6@;@0@;@0,73
"0705190000"@;@18 559@;@127 083@;@@;@@;@@;@@;@18 559@;@@;@@;@0,3@;@@;@0,56
"6306290001"@;@@;@@;@1 144 609@;@1 144 609@;@386 622@;@757 988@;@386 622@;@0@;@@;@0,7@;@@;@
"7308909801"@;@57 578@;@136 359@;@19 283 499@;@20 446 754@;@13 771 277@;@719 280@;@18 621 797@;@1 163 255@;@57 578@;@1@;@57 578@;@6,26
"4107199000"@;@211 213@;@@;@@;@@;@@;@@;@211 213@;@@;@@;@0@;@@;@0,5
"401109000"@;@@;@@;@935 301@;@982 396@;@935 301@;@790@;@935 301@;@47 095@;@@;@0,3@;@@;@
"5608193000"@;@160 490@;@12 755@;@93 491@;@100 169@;@93 491@;@@;@241 226@;@6 678@;@6 678@;@1@;@6 678@;@0,55
"2005400000"@;@5 112 301@;@980 020@;@75 192@;@80 563@;@76 827@;@4 904@;@4 202 569@;@5 371@;@5 371@;@0,6@;@3 222,6@;@0,73
"5109101000"@;@@;@@;@5 404@;@5 404@;@5 404@;@@;@5 404@;@0@;@@;@0,3@;@@;@
"7207205200"@;@69 926@;@@;@1 350 924@;@1 350 924@;@1 151 219@;@75 051@;@1 345 799@;@0@;@0@;@0,3@;@0@;@0,09
"6810190000"@;@@;@@;@24 591 764@;@25 892 778@;@21 354 307@;@5 504 656@;@21 354 307@;@1 301 014@;@@;@0,3@;@@;@
"8461200001"@;@6 150@;@@;@34 727@;@34 727@;@34 727@;@@;@40 877@;@0@;@0@;@0,3@;@0@;@0,14
"6802939000"@;@1 663 553@;@782 032@;@4 973 318@;@5 342 347@;@3 457 369@;@1 608 455@;@5 028 416@;@369 029@;@369 029@;@0,6@;@221 417,4@;@0,35
"6106905000"@;@5 950@;@@;@85 316@;@95 741@;@85 316@;@@;@91 266@;@10 425@;@5 950@;@0,3@;@1 785@;@0,62
"2524900000"@;@45 594 895@;@@;@@;@@;@@;@@;@45 594 895@;@@;@@;@0@;@@;@0,5
"8708912001"@;@87 717@;@474 883@;@4 666 782@;@4 666 782@;@300 601@;@4 366 236@;@388 263@;@0@;@0@;@0,6@;@0@;@0,23
"8421398006"@;@44 974 387@;@14 911@;@37 927@;@37 927@;@37 927@;@@;@44 997 403@;@0@;@0@;@1@;@0@;@0,7
"8526918000"@;@1 341 005@;@9 777@;@@;@@;@@;@@;@1 341 005@;@@;@@;@0,3@;@@;@0,56
"1505001000"@;@@;@@;@1 436 013@;@1 559 208@;@1 133 477@;@302 275@;@1 133 477@;@123 195@;@@;@0,3@;@@;@
"6302510000"@;@@;@@;@3 698 721@;@3 713 101@;@3 090 409@;@617 872@;@3 090 409@;@14 380@;@@;@0,3@;@@;@
"8534009000"@;@639 592@;@353@;@@;@@;@@;@@;@639 592@;@@;@@;@0,3@;@@;@0,56
"8544601000"@;@42 406 955@;@32 180@;@19 745 565@;@21 953 210@;@23 346 294@;@508 541@;@61 611 799@;@2 207 645@;@2 207 645@;@1@;@2 207 645@;@0,56
"8529901019"@;@46@;@@;@@;@@;@@;@@;@46@;@@;@@;@0@;@@;@0,5
"2905170000"@;@15 184@;@@;@@;@@;@@;@@;@15 184@;@@;@@;@0@;@@;@0,5
"4823699000"@;@1 484 393@;@68 066@;@1 644 763@;@2 046 581@;@1 641 456@;@10 754@;@3 118 402@;@401 818@;@401 818@;@1@;@401 818@;@0,52
"7323940000"@;@6 947 164@;@1 036 923@;@9 890 012@;@9 961 999@;@9 804 849@;@85 164@;@16 752 012@;@71 987@;@71 987@;@0,6@;@43 192,2@;@0,33
"3926909808"@;@@;@@;@10 686@;@11 615@;@10 686@;@@;@10 686@;@929@;@@;@0,3@;@@;@
"8806220009"@;@368 692@;@@;@@;@@;@@;@@;@368 692@;@@;@@;@0@;@@;@0,5
"9608400000"@;@29 132@;@@;@@;@@;@@;@@;@29 132@;@@;@@;@0@;@@;@0,5
"6210200000"@;@224 852@;@4 360@;@154 318@;@154 318@;@154 318@;@@;@374 810@;@0@;@0@;@1@;@0@;@0,5
"8480200000"@;@255 764@;@200 562@;@@;@@;@@;@@;@255 764@;@@;@@;@0,3@;@@;@0,56
"8523492500"@;@245 160@;@@;@@;@@;@@;@@;@245 160@;@@;@@;@0@;@@;@0,5
"7418109000"@;@37 717@;@5 590@;@2 905 456@;@3 114 343@;@2 923 909@;@74 512@;@2 868 661@;@208 887@;@37 717@;@0,6@;@22 630,2@;@1,79
"9503009900"@;@@;@@;@44 399@;@@;@44 399@;@@;@44 399@;@@;@@;@0,3@;@@;@
"9209992000"@;@23 635@;@71@;@@;@@;@@;@@;@23 635@;@@;@@;@0,3@;@@;@0,56
"8432301900"@;@@;@@;@2 680@;@5 360@;@2 680@;@@;@2 680@;@2 680@;@@;@0,3@;@@;@
"6403993100"@;@62 494@;@@;@@;@@;@@;@@;@62 494@;@@;@@;@0,4@;@@;@0,58
"4813200000"@;@3 669 317@;@93 169@;@2 502@;@2 502@;@2 502@;@@;@3 578 650@;@0@;@0@;@0,6@;@0@;@0,63
"8708507000"@;@@;@@;@790@;@8 690@;@790@;@@;@790@;@7 900@;@@;@0,3@;@@;@
"4810298000"@;@3 750 965@;@21 228@;@2 765@;@2 765@;@2 765@;@@;@3 732 502@;@0@;@0@;@0,6@;@0@;@0,62
"9506391000"@;@@;@@;@745 783@;@1 101 980@;@745 783@;@@;@745 783@;@356 197@;@@;@0,3@;@@;@
"403109900"@;@@;@@;@10 869@;@21 738@;@10 869@;@@;@10 869@;@10 869@;@@;@0,3@;@@;@
"6203433100"@;@9 318@;@96 055@;@12 514@;@12 514@;@12 514@;@@;@21 832@;@0@;@0@;@1@;@0@;@0,41
"8426410002"@;@@;@@;@11 850@;@11 850@;@11 850@;@@;@11 850@;@0@;@@;@0,3@;@@;@
"9405608000"@;@@;@@;@1 443 621@;@2 522 754@;@1 443 621@;@35 991@;@1 443 621@;@1 079 133@;@@;@0,3@;@@;@
"8414308107"@;@20 456 871@;@5 073@;@277@;@277@;@277@;@@;@20 452 075@;@0@;@0@;@0,6@;@0@;@0,62
"0406303900"@;@5 457 595@;@@;@@;@@;@@;@@;@5 457 595@;@@;@@;@0@;@@;@0,5
"8408908900"@;@7 999@;@@;@@;@@;@@;@@;@7 999@;@@;@@;@0@;@@;@0,5
"8703607098"@;@396 141@;@@;@@;@@;@@;@@;@396 141@;@@;@@;@0@;@@;@0,5
"3903901000"@;@137 700@;@@;@@;@@;@@;@@;@137 700@;@@;@@;@0@;@@;@0,5
"7110210009"@;@@;@1 771 669@;@@;@@;@@;@@;@0@;@@;@@;@0,3@;@@;@
"6302291000"@;@1 240@;@@;@438 016@;@601 137@;@438 087@;@6 980@;@432 276@;@163 121@;@1 240@;@0,7@;@868@;@39,61
"8464208000"@;@895 987@;@27 001@;@977 643@;@1 208 722@;@426 608@;@113 762@;@1 759 868@;@231 079@;@231 079@;@0,6@;@138 647,4@;@0,45
"8607919000"@;@1 111 093@;@13 014@;@3 564 888@;@3 589 307@;@3 498 198@;@67 638@;@4 608 343@;@24 419@;@24 419@;@1@;@24 419@;@0,33
"3901101000"@;@11 994 210@;@188 167@;@384 613 245@;@384 715 753@;@364 089 665@;@7 542 794@;@389 064 661@;@102 508@;@102 508@;@0,6@;@61 504,8@;@0,14
"6306400000"@;@65 975@;@@;@82 892@;@94 742@;@82 892@;@12 856@;@136 011@;@11 850@;@11 850@;@0,3@;@3 555@;@0,36
"6106901000"@;@12 207@;@424@;@@;@@;@@;@@;@12 207@;@@;@@;@0,3@;@@;@0,56
"8466209100"@;@133 569@;@@;@40 291@;@40 291@;@40 291@;@@;@173 860@;@0@;@0@;@0,7@;@0@;@0,52
"9401300001"@;@@;@@;@1 873 038@;@2 056 056@;@1 870 803@;@92 577@;@1 870 803@;@183 018@;@@;@0,3@;@@;@
"6212101000"@;@16 716@;@@;@322 035@;@407 848@;@131 702@;@742 689@;@131 702@;@85 813@;@16 716@;@0,3@;@5 014,8@;@1,66
"4203299100"@;@@;@@;@4 187@;@4 187@;@4 187@;@@;@4 187@;@0@;@@;@0,3@;@@;@
"0813403000"@;@417@;@2 678 871@;@@;@@;@@;@@;@417@;@@;@@;@0,3@;@@;@0,56
"8430410002"@;@@;@@;@948@;@948@;@948@;@@;@948@;@0@;@@;@0,3@;@@;@
"2009895000"@;@2 127@;@@;@@;@@;@@;@@;@2 127@;@@;@@;@0@;@@;@0,5
"6211120000"@;@24 121@;@2 043@;@@;@@;@@;@@;@24 121@;@@;@@;@0,7@;@@;@0,64
"3103900000"@;@5 450@;@@;@1 221 611@;@1 230 673@;@609 128@;@612 483@;@614 578@;@9 062@;@5 450@;@0,3@;@1 635@;@0,56
"2902440000"@;@1 517 095@;@@;@@;@@;@@;@@;@1 517 095@;@@;@@;@0@;@@;@0,5
"8464201900"@;@3 541 380@;@200@;@152 568@;@152 568@;@152 568@;@78 858@;@3 614 890@;@0@;@0@;@0,6@;@0@;@0,61
"5205110002"@;@43 479@;@4 529 194@;@13 881 235@;@14 122 135@;@10 486 437@;@4 000 180@;@9 924 534@;@240 900@;@43 479@;@0,6@;@26 087,4@;@1,78
"2710192900"@;@177 695 598@;@@;@@;@@;@64 002@;@75 958@;@177 619 640@;@@;@@;@0@;@@;@0,5
"7217909000"@;@3 879@;@@;@7 078 810@;@7 078 810@;@7 078 810@;@@;@7 082 689@;@0@;@0@;@0,3@;@0@;@0,06
"3812209000"@;@3 628 631@;@258 109@;@285 648@;@285 648@;@285 648@;@@;@3 656 170@;@0@;@0@;@0,6@;@0@;@0,62
"8424100009"@;@@;@@;@@;@@;@@;@@;@0@;@@;@@;@0,4@;@@;@
"5902201000"@;@95 232@;@@;@@;@@;@@;@@;@95 232@;@@;@@;@0@;@@;@0,5
"9610000000"@;@1 153 538@;@1 071@;@2 271 010@;@2 276 810@;@2 268 877@;@3 172@;@3 421 376@;@5 800@;@5 800@;@1@;@5 800@;@0,37
"8447110009"@;@3 651 682@;@65 658@;@@;@@;@@;@@;@3 651 682@;@@;@@;@0,3@;@@;@0,56
"1005101300"@;@33 126@;@@;@@;@@;@@;@@;@33 126@;@@;@@;@0@;@@;@0,5
"5209190000"@;@@;@333 499@;@@;@@;@@;@@;@0@;@@;@@;@0,7@;@@;@
"7318163008"@;@7 806 704@;@170 724@;@22 689@;@24 680@;@22 689@;@@;@7 658 669@;@1 991@;@1 991@;@1@;@1 991@;@0,71
"0810100000"@;@287 273@;@61 800@;@@;@@;@@;@@;@287 273@;@@;@@;@0,3@;@@;@0,56
"8511300008"@;@636 836@;@38 829@;@@;@@;@@;@@;@636 836@;@@;@@;@0,3@;@@;@0,56
"8701929000"@;@22 161@;@@;@@;@@;@@;@@;@22 161@;@@;@@;@0@;@@;@0,5
"3701200000"@;@179 327@;@@;@@;@@;@@;@@;@179 327@;@@;@@;@0@;@@;@0,5
"8433119000"@;@144 759@;@3 799@;@@;@@;@@;@@;@144 759@;@@;@@;@0,3@;@@;@0,56
"8519814500"@;@621 083@;@295@;@@;@@;@@;@@;@621 083@;@@;@@;@0,3@;@@;@0,56
"2905299000"@;@5 940@;@@;@@;@@;@@;@@;@5 940@;@@;@@;@0@;@@;@0,5
"8708913507"@;@@;@@;@@;@@;@@;@@;@0@;@@;@@;@0,4@;@@;@
"0709601004"@;@@;@@;@@;@@;@@;@@;@0@;@@;@@;@0,4@;@@;@
"5301300000"@;@43 991@;@@;@@;@@;@@;@@;@43 991@;@@;@@;@0@;@@;@0,5
"7222202900"@;@2 567@;@@;@8 611@;@11 703@;@8 611@;@@;@11 178@;@3 092@;@2 567@;@0,3@;@770,1@;@0,54
"9607209000"@;@922 308@;@9 074@;@@;@@;@@;@@;@922 308@;@@;@@;@0,3@;@@;@0,56
"8418215100"@;@1 465@;@@;@@;@@;@@;@@;@1 465@;@@;@@;@0@;@@;@0,5
"3207408501"@;@2 167 331@;@@;@@;@@;@@;@@;@2 167 331@;@@;@@;@0@;@@;@0,5
"0301991820"@;@@;@693 563@;@@;@@;@@;@@;@0@;@@;@@;@0,3@;@@;@
"0307429900"@;@17 762@;@@;@@;@@;@@;@@;@17 762@;@@;@@;@0@;@@;@0,5
"9003110000"@;@145 650@;@@;@110 729@;@110 729@;@110 729@;@4 694@;@251 685@;@0@;@0@;@0,3@;@0@;@0,35
"5603149000"@;@4 968 023@;@70 287@;@8 234 849@;@8 395 120@;@8 247 970@;@381 711@;@12 821 161@;@160 271@;@160 271@;@1@;@160 271@;@0,4
"2840201000"@;@67 737@;@@;@@;@@;@@;@@;@67 737@;@@;@@;@0@;@@;@0,5
"1512199002"@;@154 947 704@;@5 729 826@;@58 459 609@;@59 491 924@;@58 593 764@;@3 401 743@;@204 275 744@;@1 032 315@;@1 032 315@;@0,6@;@619 389@;@0,5
"5516210000"@;@1 600@;@@;@1 322@;@1 322@;@1 322@;@@;@2 922@;@0@;@0@;@0,3@;@0@;@0,33
"6203399000"@;@201 562@;@1 551 667@;@399 125@;@446 102@;@399 125@;@@;@600 687@;@46 977@;@46 977@;@0,6@;@28 186,2@;@0,36
"7608208909"@;@@;@@;@9 924@;@9 924@;@9 399@;@525@;@9 399@;@0@;@@;@0,3@;@@;@
"3901109000"@;@39 247 463@;@16 081@;@503 055@;@638 654@;@433 580@;@127 047@;@39 607 390@;@135 599@;@135 599@;@1@;@135 599@;@0,7
"0710808500"@;@21 307@;@3 298@;@@;@@;@@;@@;@21 307@;@@;@@;@0,3@;@@;@0,56
"7304299009"@;@1 378 628@;@@;@@;@@;@@;@@;@1 378 628@;@@;@@;@0@;@@;@0,5
"8716109100"@;@@;@@;@41 673@;@41 673@;@41 673@;@@;@41 673@;@0@;@@;@0,3@;@@;@
"2007101090"@;@13 290@;@@;@1 106 580@;@1 106 580@;@1 106 580@;@34 941@;@1 084 929@;@0@;@0@;@0,3@;@0@;@0,07
"813300000"@;@@;@@;@327 553@;@353 466@;@287 581@;@40 068@;@287 581@;@25 913@;@@;@0,3@;@@;@
"0406401000"@;@556@;@@;@@;@@;@@;@@;@556@;@@;@@;@0@;@@;@0,5
"8211910001"@;@46 133@;@30@;@@;@@;@@;@@;@46 133@;@@;@@;@0,3@;@@;@0,56
"8524990039"@;@80 165@;@@;@@;@@;@@;@@;@80 165@;@@;@@;@0@;@@;@0,5
"1604159000"@;@558@;@@;@@;@@;@@;@@;@558@;@@;@@;@0@;@@;@0,5
"6907309001"@;@133 654@;@@;@@;@@;@@;@@;@133 654@;@@;@@;@0@;@@;@0,5
"7321190000"@;@242 748@;@238 862@;@880 808@;@2 816 314@;@834 204@;@343 373@;@780 183@;@1 935 506@;@242 748@;@0,6@;@145 648,8@;@2,67
"0805102000"@;@12 510 003@;@204@;@@;@@;@@;@@;@12 510 003@;@@;@@;@0,3@;@@;@0,56
"8481806390"@;@11 792 503@;@4 737@;@3 378 752@;@4 165 654@;@3 234 479@;@1 029 501@;@14 137 017@;@786 902@;@786 902@;@1@;@786 902@;@0,64
"1515191000"@;@84 649@;@@;@@;@@;@@;@@;@84 649@;@@;@@;@0@;@@;@0,5
"9403109809"@;@460 595@;@54 015@;@358 260@;@414 305@;@351 948@;@6 382@;@758 458@;@56 045@;@56 045@;@1@;@56 045@;@0,54
"2009712009"@;@@;@@;@19 395@;@19 395@;@19 395@;@@;@19 395@;@0@;@@;@0,3@;@@;@
"8519891900"@;@33 815@;@@;@@;@@;@@;@@;@33 815@;@@;@@;@0@;@@;@0,5
"2206005909"@;@26 706@;@@;@@;@@;@@;@@;@26 706@;@@;@@;@0@;@@;@0,5
"6210109200"@;@2 999@;@@;@311 517@;@319 802@;@313 557@;@9 249@;@305 267@;@8 285@;@2 999@;@0,7@;@2 099,3@;@0,97
"8208100000"@;@1 456 502@;@8 500@;@605 307@;@605 307@;@443 894@;@1 614 099@;@439 210@;@0@;@0@;@1@;@0@;@1,86
"3004900005"@;@470 545@;@@;@@;@@;@@;@@;@470 545@;@@;@@;@0@;@@;@0,5
"8705908005"@;@8 105 380@;@228 556@;@13 546 778@;@16 954 363@;@10 635 742@;@3 153 065@;@18 499 093@;@3 407 585@;@3 407 585@;@1@;@3 407 585@;@0,55
"8462590003"@;@28 516@;@@;@@;@@;@@;@@;@28 516@;@@;@@;@0@;@@;@0,5
"8711609000"@;@16 737 310@;@633 097@;@@;@@;@@;@@;@16 737 310@;@@;@@;@0,7@;@@;@0,64
"3923501000"@;@7 738 347@;@3 802 593@;@28 307 549@;@29 576 995@;@11 615 501@;@3 638 267@;@32 407 629@;@1 269 446@;@1 269 446@;@0,6@;@761 667,6@;@0,29
"2842100008"@;@4 238 730@;@167@;@@;@@;@@;@@;@4 238 730@;@@;@@;@0,7@;@@;@0,64
"5402330000"@;@50 003 150@;@1 968 472@;@268 786@;@270 590@;@255 766@;@13 021@;@48 290 443@;@1 804@;@1 804@;@0,6@;@1 082,4@;@0,64
"2905449100"@;@808 389@;@@;@@;@@;@@;@@;@808 389@;@@;@@;@0@;@@;@0,5
"9027109000"@;@532 964@;@6 150@;@13 233@;@13 233@;@13 233@;@@;@540 047@;@0@;@0@;@0,6@;@0@;@0,61
"8425390005"@;@35 186@;@@;@3 040@;@3 040@;@3 040@;@@;@38 226@;@0@;@0@;@0,7@;@0@;@0,6
"6005325000"@;@@;@@;@146 956@;@165 918@;@146 956@;@@;@146 956@;@18 962@;@@;@0,3@;@@;@
"2001906500"@;@109 269@;@@;@@;@@;@@;@@;@109 269@;@@;@@;@0@;@@;@0,5
"9405104001"@;@@;@@;@1 657 169@;@1 988 603@;@1 657 169@;@1 160 018@;@1 657 169@;@331 434@;@@;@0,3@;@@;@
"6809190000"@;@967 403@;@371 072@;@3 942 995@;@4 115 494@;@3 712 101@;@532 982@;@4 377 416@;@172 499@;@172 499@;@0,6@;@103 499,4@;@0,28
"8477809300"@;@1 319 244@;@10 906@;@@;@@;@@;@@;@1 319 244@;@@;@@;@0,3@;@@;@0,56
"7318154100"@;@740 099@;@921@;@439 754@;@464 312@;@399 610@;@34 891@;@1 144 041@;@24 558@;@24 558@;@1@;@24 558@;@0,53
"6804223000"@;@368 610@;@1 935@;@181 703@;@181 703@;@181 703@;@@;@548 378@;@0@;@0@;@0,6@;@0@;@0,46
"8528719100"@;@42 838@;@@;@@;@@;@@;@@;@42 838@;@@;@@;@0@;@@;@0,5
"8408904700"@;@235 239@;@@;@@;@@;@@;@@;@235 239@;@@;@@;@0@;@@;@0,5
"6403919300"@;@2 868@;@53 287@;@32 864@;@43 924@;@32 864@;@@;@35 732@;@11 060@;@2 868@;@1@;@2 868@;@1,4
"4412330000"@;@37 009 411@;@1 959 438@;@@;@@;@@;@@;@37 009 411@;@@;@@;@0,3@;@@;@0,56
"207278000"@;@@;@@;@7 059 004@;@7 076 361@;@7 059 004@;@763 872@;@7 059 004@;@17 357@;@@;@0,3@;@@;@
"2935909000"@;@361 002@;@@;@@;@@;@@;@@;@361 002@;@@;@@;@0@;@@;@0,5
"8506101801"@;@12 449@;@@;@@;@@;@@;@@;@12 449@;@@;@@;@0@;@@;@0,5
"6210300000"@;@244 639@;@@;@1 975@;@1 975@;@1 975@;@@;@246 614@;@0@;@0@;@0,7@;@0@;@0,64
"7307998001"@;@1 159 914@;@@;@@;@@;@@;@@;@1 159 914@;@@;@@;@0@;@@;@0,5
"7605210000"@;@3 075 934@;@@;@@;@@;@@;@@;@3 075 934@;@@;@@;@0@;@@;@0,5
"2403999009"@;@@;@@;@16 148 123@;@25 206 826@;@15 649 862@;@471 460@;@15 649 862@;@9 058 703@;@@;@0,3@;@@;@
"9030209100"@;@27 699@;@@;@@;@@;@@;@@;@27 699@;@@;@@;@0@;@@;@0,5
"7002390000"@;@278 367@;@@;@@;@@;@@;@@;@278 367@;@@;@@;@0@;@@;@0,5
"3004909909"@;@@;@@;@14 118@;@21 177@;@14 118@;@@;@14 118@;@7 059@;@@;@0,3@;@@;@
"6005909000"@;@@;@@;@372 798@;@378 475@;@@;@151 972@;@0@;@5 677@;@@;@0,3@;@@;@
"2710129000"@;@@;@@;@10 984 692@;@10 984 692@;@10 848 277@;@313 511@;@10 848 277@;@0@;@@;@0,3@;@@;@
"0813509100"@;@@;@75 505@;@@;@@;@@;@@;@0@;@@;@@;@0,3@;@@;@
"9101210000"@;@346 087@;@@;@@;@@;@@;@@;@346 087@;@@;@@;@0@;@@;@0,5
"9401901000"@;@@;@@;@284 603@;@289 524@;@283 795@;@810@;@283 795@;@4 921@;@@;@0,3@;@@;@
"8473302002"@;@68 535@;@5 088@;@@;@@;@@;@@;@68 535@;@@;@@;@0,3@;@@;@0,56
"0307439000"@;@97 410@;@@;@@;@@;@@;@@;@97 410@;@@;@@;@0@;@@;@0,5
"8482300009"@;@1 835 703@;@26 694@;@5 971 718@;@6 329 570@;@4 290 736@;@2 312 158@;@5 495 263@;@357 852@;@357 852@;@1@;@357 852@;@0,43
"5702200000"@;@1 245@;@@;@3 991 060@;@3 991 060@;@3 095 546@;@895 513@;@3 096 792@;@0@;@0@;@0,3@;@0@;@0,06
"4804490009"@;@1 823@;@@;@@;@@;@@;@@;@1 823@;@@;@@;@0@;@@;@0,5
"6207290000"@;@5 541@;@75@;@5 661@;@19 814@;@5 661@;@@;@11 202@;@14 153@;@5 541@;@0,6@;@3 324,6@;@1,13
"3001909800"@;@88@;@250@;@@;@@;@@;@@;@88@;@@;@@;@0,3@;@@;@0,56
"6204399000"@;@257 294@;@281 955@;@757 838@;@757 838@;@757 838@;@@;@1 015 132@;@0@;@0@;@0,6@;@0@;@0,25
"8408906109"@;@@;@@;@@;@@;@@;@@;@0@;@@;@@;@0,4@;@@;@
"1004900000"@;@554 463@;@256 179@;@@;@@;@@;@@;@554 463@;@@;@@;@0,7@;@@;@0,64
"3203001001"@;@4 539@;@@;@@;@@;@@;@@;@4 539@;@@;@@;@0@;@@;@0,5
"5212221000"@;@@;@@;@732 494@;@837 073@;@675 740@;@70 127@;@675 740@;@104 579@;@@;@0,3@;@@;@
"2008706100"@;@203 454@;@@;@@;@@;@@;@@;@203 454@;@@;@@;@0@;@@;@0,5
"6912008100"@;@2 646@;@133@;@@;@@;@@;@@;@2 646@;@@;@@;@0,3@;@@;@0,56
"8707909009"@;@12 241 990@;@1 140 020@;@5 772 550@;@5 996 686@;@5 313 761@;@539 912@;@16 334 608@;@224 136@;@224 136@;@1@;@224 136@;@0,58
"4016940000"@;@@;@@;@1 950@;@1 950@;@1 950@;@@;@1 950@;@0@;@@;@0,3@;@@;@
"6506999070"@;@304@;@58 424@;@165 954@;@306 627@;@134 353@;@31 601@;@134 657@;@140 673@;@304@;@0,6@;@182,4@;@100
"8542327500"@;@333@;@@;@@;@@;@@;@@;@333@;@@;@@;@0@;@@;@0,5
"3824998000"@;@14 879@;@@;@@;@@;@@;@@;@14 879@;@@;@@;@0@;@@;@0,5
"6402190000"@;@1 921 236@;@40@;@3 855 094@;@4 053 283@;@2 975 548@;@892 435@;@4 883 895@;@198 189@;@198 189@;@0,6@;@118 913,4@;@0,35
"8544200000"@;@1 641 452@;@61 670@;@14 542 104@;@15 088 908@;@13 978 893@;@742 290@;@15 441 266@;@546 804@;@546 804@;@1@;@546 804@;@0,35
"2711110000"@;@@;@@;@656 652@;@656 652@;@656 652@;@3 476@;@656 652@;@0@;@@;@0,3@;@@;@
"8411910008"@;@3 016 177@;@120 384@;@@;@@;@@;@@;@3 016 177@;@@;@@;@0,3@;@@;@0,56
"2703000000"@;@1 319 022@;@7 987@;@@;@@;@@;@@;@1 319 022@;@@;@@;@0,3@;@@;@0,56
"2937900000"@;@12 568@;@@;@@;@@;@@;@@;@12 568@;@@;@@;@0@;@@;@0,5
"2933199000"@;@359 670@;@@;@@;@@;@@;@@;@359 670@;@@;@@;@0@;@@;@0,5
"4703110000"@;@132 780@;@@;@@;@@;@@;@@;@132 780@;@@;@@;@0@;@@;@0,5
"6208910000"@;@110 381@;@2 713 049@;@1 836 648@;@1 865 967@;@1 795 279@;@41 890@;@1 905 139@;@29 319@;@29 319@;@1@;@29 319@;@0,31
"8544499501"@;@193 959@;@1 192@;@163 296@;@887 344@;@162 794@;@502@;@355 561@;@724 048@;@193 959@;@1@;@193 959@;@1,59
"7214995000"@;@114 563@;@2 561@;@39 826@;@68 618@;@39 826@;@@;@151 828@;@28 792@;@28 792@;@0,6@;@17 275,2@;@0,57
"8428907800"@;@24 219@;@18 901@;@@;@@;@@;@@;@24 219@;@@;@@;@0,3@;@@;@0,56
"2009893500"@;@@;@@;@897 626@;@935 934@;@905 022@;@12 229@;@905 022@;@38 308@;@@;@0,3@;@@;@
"5703390001"@;@53 584@;@7 117 516@;@@;@@;@@;@@;@53 584@;@@;@@;@0,7@;@@;@0,64
"8462590004"@;@74 914@;@@;@@;@@;@@;@@;@74 914@;@@;@@;@0@;@@;@0,5
"8512902000"@;@628 933@;@@;@@;@@;@@;@@;@628 933@;@@;@@;@0@;@@;@0,5
"8501109100"@;@378 998@;@239@;@4 222@;@4 222@;@3 968@;@255@;@382 726@;@0@;@0@;@0,6@;@0@;@0,62
"3915100000"@;@1 539 634@;@81 367@;@760 596@;@855 541@;@657 896@;@137 591@;@2 081 272@;@94 945@;@94 945@;@0,6@;@56 967@;@0,51
"7317009001"@;@@;@@;@790@;@790@;@790@;@@;@790@;@0@;@@;@0,3@;@@;@
"2914409000"@;@24 029@;@@;@@;@@;@@;@@;@24 029@;@@;@@;@0@;@@;@0,5
"8703403099"@;@1 827 326@;@@;@@;@@;@@;@@;@1 827 326@;@@;@@;@0@;@@;@0,5
"6204321000"@;@2@;@@;@5 909@;@5 909@;@5 909@;@@;@5 911@;@0@;@0@;@0,7@;@0@;@0,14
"4106229000"@;@@;@@;@73 565@;@91 956@;@78 929@;@17 122@;@78 929@;@18 391@;@@;@0,3@;@@;@
"9405490039"@;@1 388 670@;@2 970@;@8 189@;@8 189@;@8 189@;@@;@1 393 889@;@0@;@0@;@0,6@;@0@;@0,62
"8514310000"@;@2 473@;@@;@@;@@;@@;@@;@2 473@;@@;@@;@0@;@@;@0,5
"2903391100"@;@@;@@;@93 751@;@105 470@;@93 751@;@@;@93 751@;@11 719@;@@;@0,3@;@@;@
"0510000000"@;@10 990@;@@;@@;@@;@@;@@;@10 990@;@@;@@;@0@;@@;@0,5
"4820105000"@;@45 455@;@@;@277 955@;@279 104@;@277 955@;@12 582@;@310 828@;@1 149@;@1 149@;@0,3@;@344,7@;@0,14
"1202300000"@;@@;@20 965@;@@;@@;@@;@@;@0@;@@;@@;@0,3@;@@;@
"8483308002"@;@@;@@;@790@;@790@;@790@;@@;@790@;@0@;@@;@0,3@;@@;@
"3807001000"@;@9 220@;@@;@@;@@;@@;@@;@9 220@;@@;@@;@0@;@@;@0,5
"7318151000"@;@@;@@;@8 790@;@21 178@;@8 237@;@553@;@8 237@;@12 388@;@@;@0,3@;@@;@
"5402480000"@;@349 432@;@218 859@;@@;@@;@@;@@;@349 432@;@@;@@;@0,3@;@@;@0,56
"1211908608"@;@158 300@;@508 754@;@2 786 376@;@2 858 298@;@2 715 169@;@175 242@;@2 769 434@;@71 922@;@71 922@;@1@;@71 922@;@0,36
"8462630018"@;@@;@@;@18 003 509@;@18 003 509@;@18 003 509@;@17 874 725@;@18 003 509@;@0@;@@;@0,3@;@@;@
"1101001100"@;@@;@@;@147 008 852@;@157 159 037@;@132 149 188@;@16 828 421@;@132 149 188@;@10 150 185@;@@;@0,3@;@@;@
"1905201000"@;@64 984@;@@;@2 247 657@;@2 366 068@;@2 010 041@;@364 953@;@1 947 688@;@118 411@;@64 984@;@0,3@;@19 495,2@;@0,62
"7220208900"@;@8 791@;@@;@@;@@;@@;@@;@8 791@;@@;@@;@0@;@@;@0,5
"0306329900"@;@576@;@@;@@;@@;@@;@@;@576@;@@;@@;@0@;@@;@0,5
"2009904107"@;@@;@224@;@@;@@;@@;@@;@0@;@@;@@;@0,3@;@@;@
"401503100"@;@@;@@;@4 004 900@;@4 680 632@;@4 004 900@;@@;@4 004 900@;@675 732@;@@;@0,3@;@@;@
"7507200009"@;@38@;@@;@@;@@;@@;@@;@38@;@@;@@;@0@;@@;@0,5
"5205230004"@;@@;@79 194@;@@;@@;@@;@@;@0@;@@;@@;@0,3@;@@;@
"3926909705"@;@14 200@;@@;@1 712 160@;@1 712 160@;@1 712 160@;@@;@1 726 360@;@0@;@0@;@0,3@;@0@;@0,06
"5406000000"@;@20 358@;@@;@35 597 861@;@35 754 057@;@35 531 320@;@219 301@;@35 398 918@;@156 196@;@20 358@;@0,3@;@6 107,4@;@2,36
"2204211200"@;@12 002@;@@;@@;@@;@@;@@;@12 002@;@@;@@;@0@;@@;@0,5
"8708701000"@;@44 261 177@;@16 733 657@;@2 646 155@;@16 317 789@;@1 627 616@;@843 278@;@29 330 397@;@13 671 634@;@13 671 634@;@0,6@;@8 202 980,4@;@0,97
"7506200009"@;@22 816@;@@;@@;@@;@@;@@;@22 816@;@@;@@;@0@;@@;@0,5
"3920629000"@;@2 774 780@;@370 702@;@1 443 056@;@1 443 056@;@1 414 082@;@1 432 043@;@2 415 091@;@0@;@0@;@0,6@;@0@;@0,69
"9503009909"@;@2 901 534@;@4 025@;@565 311@;@@;@565 311@;@@;@3 462 820@;@@;@@;@0,6@;@@;@0,54
"3923100000"@;@3 301 369@;@492 024@;@13 970 986@;@15 836 086@;@12 418 108@;@2 205 240@;@15 067 115@;@1 865 100@;@1 865 100@;@1@;@1 865 100@;@0,48
"712390000"@;@@;@@;@58 182@;@58 182@;@58 182@;@@;@58 182@;@0@;@@;@0,3@;@@;@
"0102296100"@;@136 226@;@@;@@;@@;@@;@@;@136 226@;@@;@@;@0@;@@;@0,5
"0306169900"@;@19 084@;@@;@@;@@;@@;@@;@19 084@;@@;@@;@0@;@@;@0,5
"8502398000"@;@37 319 542@;@1 800@;@344 290@;@344 290@;@344 290@;@@;@37 662 032@;@0@;@0@;@0,6@;@0@;@0,62
"7226920000"@;@140 237@;@@;@@;@@;@@;@@;@140 237@;@@;@@;@0@;@@;@0,5
"8512909001"@;@@;@@;@5 204@;@5 204@;@5 204@;@@;@5 204@;@0@;@@;@0,3@;@@;@
"0701909009"@;@@;@@;@@;@@;@@;@@;@0@;@@;@@;@0,4@;@@;@
"6203193000"@;@314 821@;@36 962@;@67 930@;@67 930@;@67 930@;@@;@345 789@;@0@;@0@;@1@;@0@;@0,66
"3919900009"@;@@;@@;@@;@@;@@;@@;@0@;@@;@@;@0,4@;@@;@
"8714942000"@;@78 827@;@@;@@;@@;@@;@@;@78 827@;@@;@@;@0@;@@;@0,5
"8215999000"@;@115 284@;@10 417@;@2 011 815@;@2 013 264@;@195 812@;@1 816 003@;@311 096@;@1 449@;@1 449@;@0,6@;@869,4@;@0,31
"8455220002"@;@253 007@;@@;@790@;@1 580@;@790@;@@;@253 797@;@790@;@790@;@0,3@;@237@;@0,56
"7016904009"@;@28 970@;@@;@@;@@;@@;@@;@28 970@;@@;@@;@0@;@@;@0,5
"9021310000"@;@9 873 339@;@83 056@;@@;@@;@@;@@;@9 873 339@;@@;@@;@0,3@;@@;@0,56
"8505902000"@;@454 300@;@3 332@;@@;@@;@@;@@;@454 300@;@@;@@;@0,3@;@@;@0,56
"8462620099"@;@456 126@;@81 254@;@@;@@;@@;@@;@456 126@;@@;@@;@0,3@;@@;@0,56
"7202910000"@;@325 691@;@@;@154 843@;@154 843@;@154 843@;@@;@480 534@;@0@;@0@;@0,3@;@0@;@0,4
"6108320000"@;@196 394@;@288 520@;@@;@@;@@;@@;@196 394@;@@;@@;@0,3@;@@;@0,56
"8429519100"@;@9 930@;@@;@@;@@;@@;@@;@9 930@;@@;@@;@0@;@@;@0,5
"8531903000"@;@32 701@;@@;@@;@@;@@;@@;@32 701@;@@;@@;@0@;@@;@0,5
"4412993002"@;@@;@@;@1 188 181@;@1 188 181@;@1 158 161@;@30 021@;@1 158 161@;@0@;@@;@0,3@;@@;@
"3921139000"@;@2 042 334@;@13 617@;@2 318 541@;@2 356 202@;@2 322 442@;@24 861@;@4 336 014@;@37 661@;@37 661@;@0,6@;@22 596,6@;@0,36
"9021108001"@;@@;@@;@29 947@;@29 947@;@29 947@;@@;@29 947@;@0@;@@;@0,3@;@@;@
"8802400038"@;@257 230 350@;@@;@@;@@;@@;@@;@257 230 350@;@@;@@;@0@;@@;@0,5
"7604210000"@;@20 090 862@;@26 702 906@;@204 326 144@;@212 632 801@;@195 520 097@;@19 337 934@;@205 079 072@;@8 306 657@;@8 306 657@;@1@;@8 306 657@;@0,37
"2819909000"@;@2 300@;@@;@4 053@;@4 053@;@4 053@;@@;@6 353@;@0@;@0@;@0,7@;@0@;@0,32
"6305339109"@;@@;@@;@11 985@;@16 779@;@11 985@;@@;@11 985@;@4 794@;@@;@0,3@;@@;@
"2007999300"@;@921 126@;@@;@@;@@;@@;@@;@921 126@;@@;@@;@0@;@@;@0,5
"9403208009"@;@@;@@;@@;@@;@@;@@;@0@;@@;@@;@0,4@;@@;@
"8481801900"@;@2 243 467@;@987 347@;@1 221 386@;@1 227 720@;@1 217 374@;@67 096@;@2 410 410@;@6 334@;@6 334@;@0,6@;@3 800,4@;@0,59
"1902110000"@;@365 466@;@@;@10 808 225@;@12 988 852@;@10 246 194@;@1 896 606@;@9 277 085@;@2 180 627@;@365 466@;@0,7@;@255 826,2@;@1,95
"8474100009"@;@14 859 860@;@113 555@;@141 741@;@221 417@;@141 741@;@@;@14 888 046@;@79 676@;@79 676@;@1@;@79 676@;@0,7
"4418190000"@;@286 286@;@550@;@31 963@;@31 963@;@31 963@;@@;@317 699@;@0@;@0@;@1@;@0@;@0,65
"405101900"@;@@;@@;@15 308 008@;@15 913 421@;@15 681 614@;@252 237@;@15 681 614@;@605 413@;@@;@0,3@;@@;@
"4014900000"@;@355 713@;@36@;@1 560 328@;@1 880 506@;@1 529 147@;@117 584@;@1 798 457@;@320 178@;@320 178@;@0,6@;@192 106,8@;@0,49
"5908000000"@;@106@;@@;@5 530@;@5 530@;@5 530@;@@;@5 636@;@0@;@0@;@0,3@;@0@;@0,07
"9503006100"@;@213 689@;@@;@25 506@;@25 506@;@25 506@;@@;@239 195@;@0@;@0@;@0,3@;@0@;@0,51
"9404300000"@;@9 601@;@11 377@;@146 713@;@177 240@;@146 713@;@@;@156 314@;@30 527@;@9 601@;@1@;@9 601@;@1,18
"2009799802"@;@@;@2@;@@;@@;@@;@@;@0@;@@;@@;@0,3@;@@;@
"0202205000"@;@1 694 197@;@@;@@;@@;@@;@@;@1 694 197@;@@;@@;@0@;@@;@0,5
"8432420000"@;@936 859@;@1 861@;@@;@@;@@;@@;@936 859@;@@;@@;@0,3@;@@;@0,56
"0909210000"@;@354 980@;@15 620@;@@;@@;@@;@@;@354 980@;@@;@@;@0,3@;@@;@0,56
"7318155900"@;@567 903@;@2 706@;@143 803@;@147 708@;@143 250@;@553@;@708 447@;@3 905@;@3 905@;@1@;@3 905@;@0,6
"6812809009"@;@1 145@;@@;@@;@@;@@;@@;@1 145@;@@;@@;@0@;@@;@0,5
"8538909908"@;@4 743 828@;@68 920@;@110 584@;@110 584@;@109 981@;@2 011@;@4 783 481@;@0@;@0@;@1@;@0@;@0,7
"8443919900"@;@2 119 006@;@128 534@;@@;@@;@@;@@;@2 119 006@;@@;@@;@0,3@;@@;@0,56
"5515139900"@;@4 599 867@;@958 413@;@723 952@;@1 308 347@;@637 431@;@141 708@;@4 223 698@;@584 395@;@584 395@;@1@;@584 395@;@0,78
"8482990000"@;@3 456 555@;@95 261@;@2 528@;@5 056@;@2 528@;@@;@3 363 822@;@2 528@;@2 528@;@0,6@;@1 516,8@;@0,63
"4408101500"@;@@;@@;@8 366@;@8 366@;@8 366@;@@;@8 366@;@0@;@@;@0,3@;@@;@
"2309107000"@;@27 787@;@@;@@;@@;@@;@@;@27 787@;@@;@@;@0@;@@;@0,5
"8481101900"@;@@;@@;@@;@@;@@;@@;@0@;@@;@@;@0,4@;@@;@
"304932000"@;@@;@@;@74 246@;@74 246@;@76 186@;@@;@76 186@;@0@;@@;@0,3@;@@;@
"2208709000"@;@10 489@;@@;@1 677 534@;@1 677 534@;@1 663 896@;@163 662@;@1 524 361@;@0@;@0@;@0,3@;@0@;@0,06
"7222401000"@;@242 567@;@@;@3 733 678@;@3 922 826@;@2 977 533@;@521 796@;@3 454 449@;@189 148@;@189 148@;@0,3@;@56 744,4@;@0,33
"2809100000"@;@600@;@@;@19 813@;@31 701@;@19 813@;@@;@20 413@;@11 888@;@600@;@0,3@;@180@;@6,02
"8705908001"@;@530 192@;@@;@32 884 216@;@127 846 248@;@27 323 163@;@12 517 468@;@20 896 940@;@94 962 032@;@530 192@;@0,7@;@371 134,4@;@53,89
"1602311900"@;@72 303@;@358@;@18 400@;@18 400@;@18 400@;@527@;@89 818@;@0@;@0@;@0,6@;@0@;@0,52
"7606129208"@;@2 535 673@;@7 328@;@@;@@;@@;@@;@2 535 673@;@@;@@;@0,3@;@@;@0,56
"2208304100"@;@150 050@;@@;@@;@@;@@;@@;@150 050@;@@;@@;@0@;@@;@0,5
"8414598000"@;@4 532 435@;@55 679@;@379 016@;@409 898@;@367 020@;@11 996@;@4 843 776@;@30 882@;@30 882@;@0,6@;@18 529,2@;@0,59
"5206320008"@;@15 711@;@@;@@;@@;@@;@@;@15 711@;@@;@@;@0@;@@;@0,5
"4809900000"@;@749 293@;@@;@@;@@;@@;@@;@749 293@;@@;@@;@0@;@@;@0,5
"6102101000"@;@19 963@;@237@;@976 726@;@1 223 830@;@925 378@;@157 292@;@839 397@;@247 104@;@19 963@;@0,6@;@11 977,8@;@3,85
"2001907000"@;@9 633@;@2 162@;@30 980@;@43 123@;@31 726@;@36 650@;@3 963@;@12 143@;@9 633@;@0,6@;@5 779,8@;@1,71
"9021909000"@;@@;@@;@3 984 179@;@4 381 875@;@70 048@;@3 914 131@;@70 048@;@397 696@;@@;@0,3@;@@;@
"8541510000"@;@5 829@;@@;@121 786@;@137 209@;@121 786@;@@;@127 615@;@15 423@;@5 829@;@0,3@;@1 748,7@;@0,88
"4001290000"@;@58 945@;@@;@@;@@;@@;@@;@58 945@;@@;@@;@0@;@@;@0,5
"7003300000"@;@@;@@;@19 243@;@19 243@;@19 243@;@@;@19 243@;@0@;@@;@0,3@;@@;@
"8512400001"@;@8 673 897@;@@;@@;@@;@@;@@;@8 673 897@;@@;@@;@0@;@@;@0,5
"7010200000"@;@348 488@;@3 900@;@2 212 462@;@2 212 462@;@974 252@;@1 238 209@;@1 322 741@;@0@;@0@;@0,6@;@0@;@0,25
"8453200000"@;@2 017 119@;@71 367@;@@;@@;@@;@@;@2 017 119@;@@;@@;@0,3@;@@;@0,56
"3301198000"@;@900@;@@;@@;@@;@@;@@;@900@;@@;@@;@0@;@@;@0,5
"5206330002"@;@@;@65 928@;@@;@@;@@;@@;@0@;@@;@@;@0,3@;@@;@
"3904698000"@;@50 764@;@@;@@;@@;@@;@@;@50 764@;@@;@@;@0@;@@;@0,5
"2002901900"@;@22 407@;@383@;@24 098@;@24 098@;@12 731@;@9 211@;@37 294@;@0@;@0@;@0,6@;@0@;@0,42
"1212290000"@;@66 969@;@@;@@;@@;@@;@@;@66 969@;@@;@@;@0@;@@;@0,5
"1502909000"@;@105 808@;@50 386@;@@;@@;@@;@@;@105 808@;@@;@@;@0,3@;@@;@0,56
"8409910001"@;@127 107 056@;@53 547@;@4 117 255@;@4 117 255@;@4 117 255@;@@;@131 170 764@;@0@;@0@;@0,6@;@0@;@0,6
"8455220009"@;@@;@@;@19 051@;@19 961@;@19 051@;@@;@19 051@;@910@;@@;@0,3@;@@;@
"9030100000"@;@3 989 906@;@102 853@;@@;@@;@@;@@;@3 989 906@;@@;@@;@0,3@;@@;@0,56
"8481809901"@;@@;@@;@1 969@;@1 969@;@1 575@;@394@;@1 575@;@0@;@@;@0,3@;@@;@
"5703390009"@;@1 511 791@;@31 776@;@@;@@;@@;@@;@1 511 791@;@@;@@;@0,3@;@@;@0,56
"3702550000"@;@7 958@;@@;@@;@@;@@;@@;@7 958@;@@;@@;@0@;@@;@0,5
"5208310000"@;@2 100@;@156 492@;@2 616@;@2 616@;@2 616@;@@;@4 716@;@0@;@0@;@0,6@;@0@;@0,34
"9405403909"@;@@;@@;@47 216@;@47 216@;@47 216@;@9 443@;@47 216@;@0@;@@;@0,3@;@@;@
"9113200000"@;@2 935@;@@;@@;@@;@@;@@;@2 935@;@@;@@;@0@;@@;@0,5
"8408104100"@;@@;@@;@1 350 924@;@1 350 924@;@1 151 219@;@75 051@;@1 151 219@;@0@;@@;@0,3@;@@;@
"4419909000"@;@@;@@;@317 150@;@319 714@;@317 150@;@@;@317 150@;@2 564@;@@;@0,3@;@@;@
"9401790001"@;@3 837@;@@;@584 874@;@626 920@;@571 962@;@12 912@;@575 799@;@42 046@;@3 837@;@0,7@;@2 685,9@;@3,43
"7016100000"@;@2 049 679@;@826 839@;@459 870@;@474 043@;@430 931@;@91 813@;@1 590 897@;@14 173@;@14 173@;@0,6@;@8 503,8@;@0,77
"2933491000"@;@1 974 616@;@@;@@;@@;@@;@@;@1 974 616@;@@;@@;@0@;@@;@0,5
"0712909000"@;@68 928@;@7 895 478@;@@;@@;@@;@@;@68 928@;@@;@@;@0,3@;@@;@0,56
"8523499101"@;@1 806@;@@;@@;@@;@@;@@;@1 806@;@@;@@;@0@;@@;@0,5
"201202009"@;@@;@@;@26 217@;@26 217@;@26 217@;@@;@26 217@;@0@;@@;@0,3@;@@;@
"4407969001"@;@2 339 977@;@@;@@;@@;@@;@@;@2 339 977@;@@;@@;@0,4@;@@;@0,58
"7317006100"@;@@;@@;@8 455@;@11 939@;@8 455@;@@;@8 455@;@3 484@;@@;@0,3@;@@;@
"3825690000"@;@@;@@;@145 585@;@150 012@;@36 260@;@121 623@;@36 260@;@4 427@;@@;@0,3@;@@;@
"6103220000"@;@79 412@;@10 776 488@;@4 939 437@;@4 964 299@;@4 925 428@;@489 261@;@4 529 588@;@24 862@;@24 862@;@1@;@24 862@;@0,3
"2005202000"@;@20 478 939@;@351 409@;@3 767 504@;@3 816 761@;@3 754 982@;@34 441@;@23 860 593@;@49 257@;@49 257@;@0,6@;@29 554,2@;@0,55
"1601009101"@;@365 997@;@22 461@;@@;@@;@@;@@;@365 997@;@@;@@;@0,3@;@@;@0,56
"8504318007"@;@1 525 735@;@9 038@;@141 376@;@141 376@;@141 376@;@@;@1 658 073@;@0@;@0@;@1@;@0@;@0,66
"5206130000"@;@@;@@;@11 769 767@;@11 769 767@;@12 809 330@;@1 076 264@;@12 809 330@;@0@;@@;@0,3@;@@;@
"8414302001"@;@26 424@;@@;@20 306@;@22 957@;@20 306@;@@;@46 730@;@2 651@;@2 651@;@0,3@;@795,3@;@0,37
"0713900009"@;@284@;@2 180@;@@;@@;@@;@@;@284@;@@;@@;@0,3@;@@;@0,56
"5902109000"@;@1 263 143@;@@;@@;@@;@@;@@;@1 263 143@;@@;@@;@0@;@@;@0,5
"7020008000"@;@2 103 425@;@18 962@;@6 035 638@;@7 144 290@;@4 273 052@;@1 784 294@;@6 354 769@;@1 108 652@;@1 108 652@;@1@;@1 108 652@;@0,52
"4421910000"@;@129 947@;@@;@@;@@;@@;@@;@129 947@;@@;@@;@0,4@;@@;@0,58
"8711500000"@;@66 148@;@@;@@;@@;@@;@@;@66 148@;@@;@@;@0@;@@;@0,5
"8206000000"@;@1 643 973@;@5 074@;@13 892@;@13 892@;@13 892@;@@;@1 652 791@;@0@;@0@;@0,6@;@0@;@0,62
"8504403003"@;@58 080@;@100@;@@;@@;@@;@@;@58 080@;@@;@@;@0,3@;@@;@0,56
"2009191909"@;@@;@@;@167 917@;@167 917@;@165 234@;@50 536@;@165 234@;@0@;@@;@0,3@;@@;@
"4202929100"@;@1 577 689@;@152 486@;@607 794@;@607 794@;@607 794@;@@;@2 032 997@;@0@;@0@;@1@;@0@;@0,59
"4407919000"@;@318 355@;@@;@@;@@;@@;@@;@318 355@;@@;@@;@0@;@@;@0,5
"8422300001"@;@7 735 330@;@@;@@;@@;@@;@@;@7 735 330@;@@;@@;@0@;@@;@0,5
"9609109000"@;@825 628@;@@;@@;@@;@@;@@;@825 628@;@@;@@;@0@;@@;@0,5
"8481808509"@;@@;@@;@641 123@;@644 092@;@614 779@;@26 344@;@614 779@;@2 969@;@@;@0,3@;@@;@
"8544199000"@;@@;@@;@19 545 102@;@19 545 102@;@19 545 102@;@@;@19 545 102@;@0@;@@;@0,3@;@@;@
"2939590000"@;@106 663@;@@;@@;@@;@@;@@;@106 663@;@@;@@;@0@;@@;@0,5
"9015809300"@;@5 308 233@;@6 234@;@@;@@;@@;@@;@5 308 233@;@@;@@;@0,7@;@@;@0,64
"4410110001"@;@@;@@;@13 731 300@;@14 188 079@;@13 642 643@;@88 835@;@13 642 643@;@456 779@;@@;@0,3@;@@;@
"7309003000"@;@367 874@;@@;@884 473@;@1 119 260@;@756 754@;@127 719@;@1 124 628@;@234 787@;@234 787@;@0,3@;@70 436,1@;@0,42
"9207909000"@;@27 160@;@@;@@;@@;@@;@@;@27 160@;@@;@@;@0@;@@;@0,5
"2941208009"@;@903@;@@;@@;@@;@@;@@;@903@;@@;@@;@0@;@@;@0,5
"7310211109"@;@525@;@@;@@;@@;@@;@@;@525@;@@;@@;@0@;@@;@0,5
"2009719909"@;@1 436 058@;@433 585@;@@;@@;@@;@@;@1 436 058@;@@;@@;@0,3@;@@;@0,56
"6812999000"@;@@;@@;@30 175@;@30 175@;@30 175@;@@;@30 175@;@0@;@@;@0,3@;@@;@
"1702905000"@;@958 316@;@@;@62 042@;@105 156@;@63 979@;@13 970@;@1 006 388@;@43 114@;@43 114@;@0,3@;@12 934,2@;@0,55
"7010905500"@;@11 737@;@388 606@;@@;@@;@@;@@;@11 737@;@@;@@;@0,3@;@@;@0,56
"4013900000"@;@272 933@;@183@;@68 018@;@77 293@;@68 018@;@@;@340 768@;@9 275@;@9 275@;@0,6@;@5 565@;@0,53
"207321109"@;@@;@@;@7 008 613@;@7 386 677@;@427 236@;@6 581 377@;@427 236@;@378 064@;@@;@0,3@;@@;@
"9014100000"@;@1 465@;@@;@@;@@;@@;@@;@1 465@;@@;@@;@0@;@@;@0,5
"8466103800"@;@732 681@;@2 850@;@10 654@;@10 654@;@10 654@;@@;@740 485@;@0@;@0@;@0,6@;@0@;@0,61
"5703290002"@;@57 074@;@@;@@;@@;@@;@@;@57 074@;@@;@@;@0@;@@;@0,5
"7306111000"@;@618 272@;@@;@@;@@;@@;@@;@618 272@;@@;@@;@0,4@;@@;@0,58
"1602491300"@;@3 050@;@@;@@;@@;@@;@@;@3 050@;@@;@@;@0@;@@;@0,5
"5211510000"@;@3 433@;@@;@@;@@;@@;@@;@3 433@;@@;@@;@0@;@@;@0,5
"2620400000"@;@@;@@;@50 650@;@50 650@;@50 650@;@@;@50 650@;@0@;@@;@0,3@;@@;@
"0511100000"@;@828 700@;@11 000@;@@;@@;@@;@@;@828 700@;@@;@@;@0,3@;@@;@0,56
"2102103100"@;@12 639 314@;@936@;@@;@@;@@;@@;@12 639 314@;@@;@@;@0,3@;@@;@0,56
"8483402309"@;@@;@@;@@;@@;@@;@@;@0@;@@;@@;@0,4@;@@;@
"2204210800"@;@@;@@;@468 386@;@579 809@;@456 571@;@11 815@;@456 571@;@111 423@;@@;@0,3@;@@;@
"2839909000"@;@@;@@;@162 866@;@162 866@;@162 866@;@21 102@;@162 866@;@0@;@@;@0,3@;@@;@
"4420190000"@;@36 975@;@4 568@;@@;@@;@@;@@;@36 975@;@@;@@;@0,7@;@@;@0,64
"9105290000"@;@11 772@;@5 476@;@@;@@;@@;@@;@11 772@;@@;@@;@0,3@;@@;@0,56
"8542311009"@;@7 190@;@9 000@;@@;@@;@@;@@;@7 190@;@@;@@;@0,3@;@@;@0,56
"904209000"@;@@;@@;@856 381@;@1 265 108@;@856 381@;@@;@856 381@;@408 727@;@@;@0,3@;@@;@
"7020000800"@;@412 721@;@@;@@;@@;@@;@@;@412 721@;@@;@@;@0@;@@;@0,5
"6101309000"@;@448 511@;@135 363@;@41 360@;@57 358@;@43 211@;@12 295@;@342 213@;@15 998@;@15 998@;@1@;@15 998@;@0,87
"4804520000"@;@@;@@;@3 950@;@3 950@;@3 950@;@@;@3 950@;@0@;@@;@0,3@;@@;@
"3904692000"@;@170 634@;@@;@@;@@;@@;@@;@170 634@;@@;@@;@0@;@@;@0,5
"8416209000"@;@@;@@;@21 638@;@21 638@;@21 638@;@@;@21 638@;@0@;@@;@0,3@;@@;@
"1806329000"@;@16 950 659@;@1 089 890@;@7 509 952@;@7 576 285@;@7 419 550@;@765 283@;@22 605 438@;@66 333@;@66 333@;@0,6@;@39 799,8@;@0,5
"7325999001"@;@@;@@;@790@;@790@;@790@;@@;@790@;@0@;@@;@0,3@;@@;@
"9403109900"@;@@;@@;@99 707@;@101 331@;@99 707@;@@;@99 707@;@1 624@;@@;@0,3@;@@;@
"3703900000"@;@4 193@;@@;@@;@@;@@;@@;@4 193@;@@;@@;@0@;@@;@0,5
"6006329000"@;@4 224 773@;@1 392 792@;@437 928@;@446 525@;@409 569@;@468 075@;@2 801 834@;@8 597@;@8 597@;@0,6@;@5 158,2@;@0,87
"6113001000"@;@24 163@;@@;@598 719@;@626 675@;@598 719@;@@;@622 882@;@27 956@;@24 163@;@0,7@;@16 914,1@;@0,51
"8524110056"@;@@;@63@;@@;@@;@@;@@;@0@;@@;@@;@0,3@;@@;@
"7306307708"@;@10 532 073@;@1 076 371@;@88 128 943@;@88 128 943@;@84 316 016@;@3 812 928@;@94 848 088@;@0@;@0@;@1@;@0@;@0,26
"7209189900"@;@6 581 657@;@@;@@;@@;@@;@@;@6 581 657@;@@;@@;@0@;@@;@0,5
"5111308001"@;@261 541@;@@;@@;@@;@@;@@;@261 541@;@@;@@;@0@;@@;@0,5
"7403210000"@;@1 847@;@40 301 341@;@14 754 562@;@14 754 562@;@14 584 516@;@170 046@;@14 586 363@;@0@;@0@;@0,6@;@0@;@0,12
"6201110000"@;@@;@@;@50 930@;@61 990@;@56 237@;@30 667@;@56 237@;@11 060@;@@;@0,3@;@@;@
"2934920000"@;@2 355@;@@;@@;@@;@@;@@;@2 355@;@@;@@;@0@;@@;@0,5
"8462998009"@;@@;@@;@42 762@;@42 762@;@42 762@;@@;@42 762@;@0@;@@;@0,3@;@@;@
"2615901000"@;@@;@@;@1 498@;@1 498@;@1 498@;@@;@1 498@;@0@;@@;@0,3@;@@;@
"8461501100"@;@1 037 876@;@3 568@;@@;@@;@@;@@;@1 037 876@;@@;@@;@0,3@;@@;@0,56
"6907409001"@;@22@;@@;@@;@@;@@;@@;@22@;@@;@@;@0@;@@;@0,5
"6202400009"@;@2 229 779@;@2 639 405@;@@;@@;@@;@@;@2 229 779@;@@;@@;@0,7@;@@;@0,64
"8704313809"@;@13 582@;@@;@@;@@;@@;@@;@13 582@;@@;@@;@0@;@@;@0,5
"8527212001"@;@77@;@@;@@;@@;@@;@@;@77@;@@;@@;@0@;@@;@0,5
"8702400009"@;@26 467 357@;@@;@@;@@;@@;@@;@26 467 357@;@@;@@;@0@;@@;@0,5
"8482919000"@;@145 561@;@742 391@;@2 528@;@2 528@;@2 528@;@@;@148 089@;@0@;@0@;@0,6@;@0@;@0,61
"8539219200"@;@8 975@;@665@;@@;@@;@@;@@;@8 975@;@@;@@;@0,3@;@@;@0,56
"6110309100"@;@1 932 685@;@1 659 234@;@1 157 258@;@1 165 217@;@1 041 991@;@452 651@;@2 637 292@;@7 959@;@7 959@;@1@;@7 959@;@0,57
"7612100000"@;@163 600@;@@;@15 761@;@16 887@;@15 761@;@@;@179 361@;@1 126@;@1 126@;@0,3@;@337,8@;@0,52
"2905599800"@;@3 701@;@@;@@;@@;@@;@@;@3 701@;@@;@@;@0@;@@;@0,5
"4418300000"@;@540 512@;@@;@3 456 621@;@3 456 621@;@3 456 621@;@@;@3 997 133@;@0@;@0@;@0,7@;@0@;@0,21
"1108140000"@;@610@;@@;@1 410 602@;@1 410 602@;@186 902@;@1 223 700@;@187 512@;@0@;@0@;@0,3@;@0@;@0,06
"5208410000"@;@107 549@;@539 269@;@@;@@;@@;@@;@107 549@;@@;@@;@0,3@;@@;@0,56
"1509300000"@;@490 482@;@@;@@;@@;@@;@@;@490 482@;@@;@@;@0@;@@;@0,5
"3803009000"@;@156 064@;@@;@@;@@;@@;@@;@156 064@;@@;@@;@0@;@@;@0,5
"0304498000"@;@1 039@;@@;@@;@@;@@;@@;@1 039@;@@;@@;@0@;@@;@0,5
"8476900000"@;@200 794@;@@;@@;@@;@@;@@;@200 794@;@@;@@;@0@;@@;@0,5
"7204290000"@;@23 731@;@@;@@;@@;@@;@@;@23 731@;@@;@@;@0@;@@;@0,5
"8709119000"@;@1 283 427@;@12 773@;@@;@@;@@;@@;@1 283 427@;@@;@@;@0,3@;@@;@0,56
"2103903000"@;@@;@@;@848 250@;@1 016 164@;@848 250@;@65 150@;@848 250@;@167 914@;@@;@0,3@;@@;@
"8426490090"@;@@;@@;@8 848@;@8 848@;@8 848@;@@;@8 848@;@0@;@@;@0,3@;@@;@
"2846902000"@;@2 125@;@@;@@;@@;@@;@@;@2 125@;@@;@@;@0@;@@;@0,5
"2009699000"@;@@;@@;@78 685@;@78 685@;@78 685@;@@;@78 685@;@0@;@@;@0,3@;@@;@
"5702100000"@;@8 174@;@1 073 321@;@8 148 420@;@8 168 438@;@7 166 260@;@2 435 970@;@5 720 624@;@20 018@;@8 174@;@0,6@;@4 904,4@;@0,86
"4407299509"@;@49 246@;@@;@@;@@;@@;@@;@49 246@;@@;@@;@0@;@@;@0,5
"8455100000"@;@4 450@;@@;@4 460@;@6 467@;@4 460@;@@;@8 910@;@2 007@;@2 007@;@0,3@;@602,1@;@0,45
"5810101000"@;@@;@@;@14 298@;@14 298@;@14 298@;@@;@14 298@;@0@;@@;@0,3@;@@;@
"2309909900"@;@@;@@;@335 331@;@2 190 031@;@@;@335 331@;@0@;@1 854 700@;@@;@0,3@;@@;@
"0710100000"@;@1 409@;@@;@@;@@;@@;@@;@1 409@;@@;@@;@0@;@@;@0,5
"6212109000"@;@1 823 316@;@120 824@;@@;@@;@@;@@;@1 823 316@;@@;@@;@0,7@;@@;@0,64
"8511100001"@;@6 614@;@@;@@;@@;@@;@@;@6 614@;@@;@@;@0@;@@;@0,5
"8207909900"@;@1 579 114@;@20 866@;@@;@@;@@;@@;@1 579 114@;@@;@@;@0,7@;@@;@0,64
"3820000000"@;@11 148 685@;@4 818 405@;@12 319 686@;@12 386 129@;@12 421 486@;@1 353 028@;@22 115 343@;@66 443@;@66 443@;@1@;@66 443@;@0,45
"3824601900"@;@112 160@;@@;@@;@@;@@;@@;@112 160@;@@;@@;@0@;@@;@0,5
"8407343009"@;@1 667 153@;@140@;@@;@@;@@;@@;@1 667 153@;@@;@@;@0,3@;@@;@0,56
"5509990000"@;@176@;@307@;@@;@@;@@;@@;@176@;@@;@@;@0,3@;@@;@0,56
"2517108000"@;@34 026@;@405@;@81 892 423@;@94 496 754@;@76 303 082@;@11 163 343@;@70 763 106@;@12 604 331@;@34 026@;@1@;@34 026@;@100
"3307900002"@;@112@;@@;@@;@@;@@;@@;@112@;@@;@@;@0@;@@;@0,5
"8428330000"@;@14 694 073@;@84 330@;@@;@@;@@;@@;@14 694 073@;@@;@@;@0,3@;@@;@0,56
"0406105001"@;@73 077@;@@;@@;@@;@@;@@;@73 077@;@@;@@;@0@;@@;@0,5
"9401800001"@;@75 763@;@82 450@;@3 918 423@;@3 986 167@;@3 176 783@;@220 661@;@3 773 525@;@67 744@;@67 744@;@1@;@67 744@;@0,48
"7309005100"@;@243 068@;@@;@978 552@;@978 552@;@1 037 504@;@@;@1 221 620@;@0@;@0@;@0,7@;@0@;@0,24
"7608208907"@;@2 608 067@;@138 469@;@@;@@;@@;@@;@2 608 067@;@@;@@;@0,3@;@@;@0,56
"8436801002"@;@4 608@;@@;@@;@@;@@;@@;@4 608@;@@;@@;@0@;@@;@0,5
"5206310002"@;@456@;@@;@@;@@;@@;@@;@456@;@@;@@;@0@;@@;@0,5
"6701000000"@;@9 904@;@@;@@;@@;@@;@@;@9 904@;@@;@@;@0@;@@;@0,5
"6303929000"@;@581 517@;@4 826@;@121 477@;@137 726@;@115 652@;@5 825@;@692 343@;@16 249@;@16 249@;@1@;@16 249@;@0,63
"8482101009"@;@515 873@;@96@;@5 134 316@;@5 331 023@;@3 243 980@;@1 790 707@;@3 859 482@;@196 707@;@196 707@;@1@;@196 707@;@0,38
"8714911004"@;@1 337 288@;@@;@@;@@;@@;@@;@1 337 288@;@@;@@;@0@;@@;@0,5
"1102907000"@;@543 200@;@@;@@;@@;@@;@@;@543 200@;@@;@@;@0@;@@;@0,5
"8709111000"@;@@;@@;@11 850@;@11 850@;@11 850@;@@;@11 850@;@0@;@@;@0,3@;@@;@
"2517200000"@;@2 003 714@;@@;@6 267 100@;@8 691 849@;@6 216 556@;@202 190@;@8 068 624@;@2 424 749@;@2 003 714@;@0,3@;@601 114,2@;@0,55
"9305200009"@;@11 154@;@@;@@;@@;@@;@@;@11 154@;@@;@@;@0@;@@;@0,5
"1901909900"@;@@;@@;@4 188 836@;@4 974 722@;@2 916 275@;@1 141 474@;@2 916 275@;@785 886@;@@;@0,3@;@@;@
"0307529000"@;@72 282@;@@;@@;@@;@@;@@;@72 282@;@@;@@;@0@;@@;@0,5
"2711290000"@;@9 366@;@@;@@;@@;@@;@@;@9 366@;@@;@@;@0@;@@;@0,5
"2811191000"@;@33 063@;@@;@@;@@;@@;@@;@33 063@;@@;@@;@0@;@@;@0,5
"8418690009"@;@45 088 585@;@441 916@;@4 656 050@;@4 984 934@;@4 357 839@;@210 034@;@49 092 685@;@328 884@;@328 884@;@1@;@328 884@;@0,66
"1104298100"@;@754@;@@;@@;@@;@@;@@;@754@;@@;@@;@0@;@@;@0,5
"9029203101"@;@6 840 985@;@1 055@;@@;@@;@@;@@;@6 840 985@;@@;@@;@0,3@;@@;@0,56
"4016930001"@;@17 703 007@;@695 478@;@31 636@;@31 636@;@31 636@;@@;@17 039 165@;@0@;@0@;@1@;@0@;@0,72
"1101001101"@;@239 240@;@@;@685 960@;@685 960@;@685 960@;@@;@925 200@;@0@;@0@;@0,3@;@0@;@0,19
"6903100000"@;@592 638@;@15 860@;@163 887@;@178 507@;@163 887@;@@;@740 665@;@14 620@;@14 620@;@1@;@14 620@;@0,61
"4411929000"@;@20 996 076@;@10 132@;@@;@@;@@;@@;@20 996 076@;@@;@@;@0,7@;@@;@0,64
"9620000005"@;@96 227@;@@;@@;@@;@@;@@;@96 227@;@@;@@;@0@;@@;@0,5
"4419110000"@;@94 093@;@596@;@16 388@;@16 388@;@16 388@;@@;@109 885@;@0@;@0@;@0,6@;@0@;@0,55
"8482300001"@;@82@;@@;@1 960 815@;@2 154 483@;@1 455 206@;@505 609@;@1 455 288@;@193 668@;@82@;@0,3@;@24,6@;@100
"8521900009"@;@2 404 973@;@5 290@;@56 853@;@57 481@;@56 853@;@@;@2 456 536@;@628@;@628@;@1@;@628@;@0,69
"3002120005"@;@21 277 514@;@@;@@;@@;@@;@@;@21 277 514@;@@;@@;@0@;@@;@0,5
"0202201000"@;@8 714 739@;@@;@@;@@;@@;@@;@8 714 739@;@@;@@;@0@;@@;@0,5
"8445190002"@;@24 370@;@@;@@;@@;@@;@@;@24 370@;@@;@@;@0@;@@;@0,5
"7616991002"@;@3 267 072@;@185 715@;@4 162 709@;@4 162 709@;@4 162 709@;@@;@7 429 781@;@0@;@0@;@1@;@0@;@0,42
"8541600000"@;@161 065@;@@;@@;@@;@@;@@;@161 065@;@@;@@;@0@;@@;@0,5
"8413707500"@;@2 540 197@;@36 147@;@138 235@;@164 642@;@138 235@;@4 740@;@2 637 545@;@26 407@;@26 407@;@0,6@;@15 844,2@;@0,6
"8807900009"@;@275 645@;@324@;@@;@@;@@;@@;@275 645@;@@;@@;@0,3@;@@;@0,56
"2919100000"@;@@;@@;@956 129@;@956 129@;@511 471@;@444 657@;@511 471@;@0@;@@;@0,3@;@@;@
"7312108309"@;@@;@@;@8 103@;@8 103@;@8 103@;@@;@8 103@;@0@;@@;@0,3@;@@;@
"5205140008"@;@@;@881 442@;@@;@@;@@;@@;@0@;@@;@@;@0,3@;@@;@
"0702000006"@;@@;@2 636 030@;@@;@@;@@;@@;@0@;@@;@@;@0,7@;@@;@
"2843109000"@;@22 173@;@@;@@;@@;@@;@@;@22 173@;@@;@@;@0@;@@;@0,5
"8201400000"@;@384 615@;@6 623@;@1 400 963@;@1 406 335@;@1 195 886@;@80 423@;@1 705 155@;@5 372@;@5 372@;@1@;@5 372@;@0,32
"0303893100"@;@3 269@;@@;@@;@@;@@;@@;@3 269@;@@;@@;@0@;@@;@0,5
"5514309000"@;@7 468@;@@;@@;@@;@@;@@;@7 468@;@@;@@;@0@;@@;@0,5
"3402190000"@;@@;@@;@5 603 095@;@8 338 543@;@5 603 095@;@378 634@;@5 603 095@;@2 735 448@;@@;@0,3@;@@;@
"7114200000"@;@283@;@@;@@;@@;@@;@@;@283@;@@;@@;@0@;@@;@0,5
"4016920000"@;@260 706@;@32@;@17 705@;@17 705@;@17 705@;@@;@278 379@;@0@;@0@;@0,6@;@0@;@0,59
"3207404000"@;@43 639@;@@;@335 223@;@342 594@;@335 223@;@@;@378 862@;@7 371@;@7 371@;@0,3@;@2 211,3@;@0,17
"3208209009"@;@9 634 878@;@239 096@;@6 212 431@;@6 543 148@;@8 750 805@;@562 183@;@15 046 030@;@330 717@;@330 717@;@1@;@330 717@;@0,53
"8302300001"@;@15 567 110@;@195 637@;@41 010@;@41 010@;@41 010@;@@;@15 412 483@;@0@;@0@;@1@;@0@;@0,71
"7304193001"@;@3 985 764@;@@;@@;@@;@@;@@;@3 985 764@;@@;@@;@0@;@@;@0,5
"5207900006"@;@1 667@;@@;@@;@@;@@;@@;@1 667@;@@;@@;@0@;@@;@0,5
"8481806320"@;@20 823@;@@;@788 025@;@949 022@;@787 631@;@394@;@808 454@;@160 997@;@20 823@;@0,7@;@14 576,1@;@2,47
"7219211009"@;@7 376 896@;@@;@@;@@;@@;@@;@7 376 896@;@@;@@;@0@;@@;@0,5
"7318130000"@;@41 055@;@141@;@1 406 714@;@1 408 539@;@1 207 009@;@75 051@;@1 372 718@;@1 825@;@1 825@;@1@;@1 825@;@0,23
"5911321100"@;@304 705@;@22 032@;@4 170@;@4 170@;@4 170@;@@;@286 843@;@0@;@0@;@0,6@;@0@;@0,65
"5402390000"@;@2 358 794@;@2 825@;@@;@@;@@;@@;@2 358 794@;@@;@@;@0,3@;@@;@0,56
"9023001000"@;@3 435 871@;@173 078@;@2 734 889@;@3 001 707@;@1 591 469@;@1 951 319@;@4 046 363@;@266 818@;@266 818@;@1@;@266 818@;@0,65
"2106905400"@;@103@;@@;@@;@@;@@;@@;@103@;@@;@@;@0@;@@;@0,5
"8716398005"@;@2 348 366@;@11 150@;@@;@@;@@;@@;@2 348 366@;@@;@@;@0,3@;@@;@0,56
"6303190000"@;@12 957@;@1 379@;@835 860@;@879 438@;@835 860@;@39 738@;@809 079@;@43 578@;@12 957@;@1@;@12 957@;@1,22
"8418302009"@;@1 544 467@;@2 392 203@;@15 567 729@;@16 239 781@;@13 500 867@;@4 267 660@;@12 844 536@;@672 052@;@672 052@;@0,6@;@403 231,2@;@0,31
"8506600000"@;@111 068@;@23 556@;@@;@@;@@;@@;@111 068@;@@;@@;@0,3@;@@;@0,56
"1903000000"@;@14 410@;@@;@27 289@;@27 289@;@27 289@;@@;@41 699@;@0@;@0@;@0,3@;@0@;@0,23
"3305900009"@;@21 386 597@;@2 698 437@;@16 239@;@16 239@;@10 072@;@6 166@;@18 698 233@;@0@;@0@;@1@;@0@;@0,77
"4205001900"@;@8 052@;@15 620@;@@;@@;@@;@@;@8 052@;@@;@@;@0,3@;@@;@0,56
"6805308000"@;@@;@@;@17 878@;@17 878@;@17 878@;@@;@17 878@;@0@;@@;@0,3@;@@;@
"6108990000"@;@9 604@;@884 324@;@567 337@;@607 925@;@510 226@;@35 236@;@541 705@;@40 588@;@9 604@;@1@;@9 604@;@1,48
"4408101504"@;@@;@@;@@;@@;@@;@@;@0@;@@;@@;@0,4@;@@;@
"7018101100"@;@155 798@;@178@;@@;@@;@@;@@;@155 798@;@@;@@;@0,3@;@@;@0,56
"9401800000"@;@@;@@;@3 682 023@;@3 861 908@;@2 189 107@;@1 585 178@;@2 189 107@;@179 885@;@@;@0,3@;@@;@
"7302102800"@;@539 850@;@@;@1 350 924@;@1 350 924@;@1 151 219@;@75 051@;@1 815 723@;@0@;@0@;@0,3@;@0@;@0,21
"4805120000"@;@490@;@@;@2 684 564@;@2 865 282@;@2 684 564@;@235@;@2 684 819@;@180 718@;@490@;@0,3@;@147@;@100
"8422400008"@;@28 787 625@;@443 300@;@@;@@;@@;@@;@28 787 625@;@@;@@;@0,3@;@@;@0,56
"4909001000"@;@@;@@;@1 185@;@1 185@;@1 185@;@@;@1 185@;@0@;@@;@0,3@;@@;@
"7318169109"@;@5 567 804@;@13 827@;@910 173@;@1 056 325@;@909 620@;@553@;@6 463 597@;@146 152@;@146 152@;@1@;@146 152@;@0,64
"0404902900"@;@12 441@;@@;@@;@@;@@;@@;@12 441@;@@;@@;@0@;@@;@0,5
"4107111100"@;@246@;@@;@@;@@;@@;@@;@246@;@@;@@;@0@;@@;@0,5
"9028909000"@;@8 424 547@;@1 052 973@;@2 274 225@;@2 438 847@;@2 274 225@;@@;@9 645 799@;@164 622@;@164 622@;@0,6@;@98 773,2@;@0,56
"4802401000"@;@3 314 287@;@@;@5 696@;@10 299@;@5 696@;@@;@3 319 983@;@4 603@;@4 603@;@0,3@;@1 380,9@;@0,56
"8536908500"@;@8 392 173@;@77 777@;@2 153 178@;@2 153 178@;@2 153 178@;@5 253@;@10 462 321@;@0@;@0@;@1@;@0@;@0,6
"5104000000"@;@@;@@;@810 982@;@856 180@;@501 028@;@359 567@;@501 028@;@45 198@;@@;@0,3@;@@;@
"2204210700"@;@14 522@;@@;@197 330@;@337 772@;@197 330@;@@;@211 852@;@140 442@;@14 522@;@0,3@;@4 356,6@;@3
"3923100001"@;@@;@@;@@;@@;@@;@@;@0@;@@;@@;@0,4@;@@;@
"6204291800"@;@3 192@;@@;@@;@@;@@;@@;@3 192@;@@;@@;@0,4@;@@;@0,58
"2903120000"@;@927 395@;@2 048@;@@;@@;@@;@@;@927 395@;@@;@@;@0,3@;@@;@0,56
"3920499000"@;@886 435@;@513@;@219 628@;@227 815@;@203 254@;@16 374@;@1 089 176@;@8 187@;@8 187@;@1@;@8 187@;@0,61
"4802551500"@;@11 042 717@;@32 118@;@3 002@;@3 002@;@3 002@;@@;@11 013 601@;@0@;@0@;@0,6@;@0@;@0,62
"7106920000"@;@@;@1 561@;@@;@@;@@;@@;@0@;@@;@@;@0,3@;@@;@
"2202910000"@;@342 417@;@1 520@;@@;@@;@@;@@;@342 417@;@@;@@;@0,3@;@@;@0,56
"8447208000"@;@1 459 464@;@90 548@;@@;@@;@@;@@;@1 459 464@;@@;@@;@0,3@;@@;@0,56
"7010901000"@;@@;@@;@8 285 864@;@9 303 817@;@7 456 693@;@3 025 467@;@7 456 693@;@1 017 953@;@@;@0,3@;@@;@
"2937230000"@;@2 476@;@@;@@;@@;@@;@@;@2 476@;@@;@@;@0@;@@;@0,5
"7007111009"@;@207 665@;@494 538@;@20 934 760@;@22 742 623@;@20 833 161@;@590 793@;@20 551 632@;@1 807 863@;@207 665@;@0,6@;@124 599@;@2,74
"3924900001"@;@24 691@;@@;@20 687@;@21 730@;@20 687@;@5 957@;@39 421@;@1 043@;@1 043@;@0,3@;@312,9@;@0,39
"401501900"@;@@;@@;@81 099@;@95 269@;@81 099@;@4 044@;@81 099@;@14 170@;@@;@0,3@;@@;@
"2933790000"@;@1 493 129@;@@;@@;@@;@@;@@;@1 493 129@;@@;@@;@0@;@@;@0,5
"9403609009"@;@@;@@;@8 728 382@;@9 181 161@;@7 119 930@;@2 591 002@;@7 119 930@;@452 779@;@@;@0,3@;@@;@
"8205598010"@;@11 623@;@@;@@;@@;@@;@@;@11 623@;@@;@@;@0@;@@;@0,5
"8536411000"@;@276 366@;@156@;@@;@@;@@;@@;@276 366@;@@;@@;@0,3@;@@;@0,56
"3923100009"@;@@;@@;@@;@@;@@;@@;@0@;@@;@@;@0,4@;@@;@
"2905449900"@;@1 971 498@;@3 731@;@@;@@;@@;@@;@1 971 498@;@@;@@;@0,3@;@@;@0,56
"1212999500"@;@858 772@;@3 610 210@;@398 941@;@398 941@;@398 941@;@@;@1 257 713@;@0@;@0@;@0,6@;@0@;@0,46
"6805200000"@;@1 258 811@;@13@;@@;@@;@@;@@;@1 258 811@;@@;@@;@0,3@;@@;@0,56
"3806100000"@;@218 684@;@@;@@;@@;@@;@@;@218 684@;@@;@@;@0@;@@;@0,5
"4418101000"@;@@;@@;@2 735 970@;@3 009 378@;@2 301 025@;@533 799@;@2 301 025@;@273 408@;@@;@0,3@;@@;@
"1209240000"@;@44 792@;@907@;@@;@@;@@;@@;@44 792@;@@;@@;@0,3@;@@;@0,56
"4409210000"@;@21 150@;@@;@@;@@;@@;@@;@21 150@;@@;@@;@0@;@@;@0,5
"8516802001"@;@6 640@;@@;@30@;@30@;@@;@30@;@6 640@;@0@;@0@;@0,3@;@0@;@0,56
"8508700008"@;@1 184 865@;@@;@@;@@;@@;@@;@1 184 865@;@@;@@;@0@;@@;@0,5
"2914120000"@;@78 493@;@2 064@;@@;@@;@@;@@;@78 493@;@@;@@;@0,3@;@@;@0,56
"6211421000"@;@18 542@;@140 741@;@2 388 100@;@@;@2 388 100@;@@;@2 406 642@;@@;@@;@1@;@@;@0,2
"1104196100"@;@@;@@;@876 687@;@876 687@;@876 687@;@@;@876 687@;@0@;@@;@0,3@;@@;@
"3808941000"@;@164 740@;@@;@638 817@;@746 815@;@638 005@;@51 237@;@752 320@;@107 998@;@107 998@;@0,7@;@75 598,6@;@0,45
"7608202000"@;@1 985 641@;@19@;@9 014@;@9 014@;@9 014@;@@;@1 994 636@;@0@;@0@;@0,6@;@0@;@0,62
"4009120001"@;@435 868@;@@;@2 739 711@;@2 744 734@;@2 682 437@;@58 622@;@3 116 957@;@5 023@;@5 023@;@0,3@;@1 506,9@;@0,13
"2501009190"@;@77 282@;@206 068@;@1 347 694@;@1 350 330@;@1 204 115@;@188 159@;@1 236 817@;@2 636@;@2 636@;@0,6@;@1 581,6@;@0,16
"406303900"@;@@;@@;@727 467@;@808 059@;@727 467@;@1 159@;@727 467@;@80 592@;@@;@0,3@;@@;@
"8414809009"@;@@;@@;@@;@@;@@;@@;@0@;@@;@@;@0,4@;@@;@
"6204693100"@;@@;@@;@209 314@;@209 314@;@281 907@;@13 988@;@281 907@;@0@;@@;@0,7@;@@;@
"7220204100"@;@209 060@;@@;@15 800@;@15 800@;@15 800@;@@;@224 860@;@0@;@0@;@0,3@;@0@;@0,52
"8504509500"@;@4 827 646@;@83 275@;@1 361 863@;@1 394 787@;@1 361 863@;@@;@6 106 234@;@32 924@;@32 924@;@1@;@32 924@;@0,6
"8433195900"@;@4 328@;@@;@@;@@;@@;@@;@4 328@;@@;@@;@0@;@@;@0,5
"8402120009"@;@@;@@;@34 141@;@34 141@;@34 141@;@@;@34 141@;@0@;@@;@0,3@;@@;@
"9405490033"@;@172@;@@;@@;@@;@@;@@;@172@;@@;@@;@0@;@@;@0,5
"2006001000"@;@1 100@;@@;@19 705@;@19 705@;@19 705@;@@;@20 805@;@0@;@0@;@0,3@;@0@;@0,09
"8523599101"@;@133@;@@;@@;@@;@@;@@;@133@;@@;@@;@0@;@@;@0,5
"6001990000"@;@92 211@;@1 948@;@463 702@;@574 879@;@463 702@;@9 823@;@546 090@;@111 177@;@92 211@;@0,6@;@55 326,6@;@0,57
"2902500000"@;@5 529 567@;@101 661@;@976@;@976@;@976@;@@;@5 428 882@;@0@;@0@;@0,6@;@0@;@0,63
"8544429007"@;@2 327 233@;@61 931@;@242 151@;@256 827@;@240 429@;@5 148@;@2 502 305@;@14 676@;@14 676@;@0,6@;@8 805,6@;@0,59
"2710192500"@;@12 009 890@;@80 212@;@623 198@;@623 198@;@458 125@;@220 291@;@12 332 585@;@0@;@0@;@0,6@;@0@;@0,61
"9405490029"@;@115 501@;@@;@16 748@;@16 748@;@16 748@;@@;@132 249@;@0@;@0@;@0,3@;@0@;@0,5
"5208390000"@;@20 220@;@4 306 134@;@2 765@;@2 765@;@2 765@;@@;@22 985@;@0@;@0@;@1@;@0@;@0,64
"5205220004"@;@@;@830 320@;@@;@@;@@;@@;@0@;@@;@@;@0,3@;@@;@
"7222202100"@;@8 841@;@@;@790@;@2 765@;@790@;@@;@9 631@;@1 975@;@1 975@;@0,3@;@592,5@;@0,59
"2309903900"@;@50 380@;@@;@3 160@;@3 611@;@3 160@;@@;@53 540@;@451@;@451@;@0,3@;@135,3@;@0,53
"306110500"@;@@;@@;@758 690@;@758 690@;@758 690@;@@;@758 690@;@0@;@@;@0,3@;@@;@
"5212211000"@;@229@;@@;@2 634 304@;@2 634 304@;@2 634 304@;@573 999@;@2 060 534@;@0@;@0@;@0,3@;@0@;@0,06
"8539329000"@;@21 494@;@@;@@;@@;@@;@@;@21 494@;@@;@@;@0@;@@;@0,5
"6104390000"@;@47 325@;@51 590@;@16 590@;@16 590@;@16 590@;@@;@63 915@;@0@;@0@;@0,6@;@0@;@0,49
"2707509000"@;@20 717 644@;@@;@@;@@;@@;@@;@20 717 644@;@@;@@;@0@;@@;@0,5
"2932209000"@;@218 765@;@8 209@;@@;@@;@@;@@;@218 765@;@@;@@;@0,3@;@@;@0,56
"7326200009"@;@2 576 471@;@610 426@;@1 790 987@;@1 866 848@;@1 792 329@;@1 072 250@;@2 684 782@;@75 861@;@75 861@;@1@;@75 861@;@0,69
"5205110000"@;@@;@@;@765 792 737@;@883 429 783@;@649 864 585@;@130 148 695@;@649 864 585@;@117 637 046@;@@;@0,3@;@@;@
"7010904300"@;@11 091 369@;@2 380 565@;@@;@@;@@;@@;@11 091 369@;@@;@@;@0,3@;@@;@0,56
"7229909000"@;@833 421@;@4 200@;@@;@@;@179 295@;@2 440 226@;@175 095@;@@;@@;@0,3@;@@;@2,44
"6204625900"@;@23 639@;@116@;@@;@@;@@;@@;@23 639@;@@;@@;@0,3@;@@;@0,56
"7005212500"@;@6 630 145@;@204 737@;@27 745@;@27 745@;@27 745@;@@;@6 453 153@;@0@;@0@;@0,6@;@0@;@0,63
"9019200000"@;@9 628 923@;@45 422@;@361 416@;@362 035@;@26 351@;@770 649@;@9 174 268@;@619@;@619@;@1@;@619@;@0,72
"0802121000"@;@392@;@123 520@;@@;@@;@@;@@;@392@;@@;@@;@0,3@;@@;@0,56
"2921430000"@;@1 685@;@@;@@;@@;@@;@@;@1 685@;@@;@@;@0@;@@;@0,5
"8712001000"@;@@;@@;@19 497 187@;@19 500 178@;@5 064 489@;@14 441 161@;@5 064 489@;@2 991@;@@;@0,3@;@@;@
"8443329900"@;@29 223@;@@;@@;@@;@@;@@;@29 223@;@@;@@;@0@;@@;@0,5
"4909000000"@;@139 220@;@@;@42 362@;@46 937@;@42 362@;@@;@181 582@;@4 575@;@4 575@;@0,7@;@3 202,5@;@0,53
"8407211000"@;@6 514@;@@;@@;@@;@@;@@;@6 514@;@@;@@;@0@;@@;@0,5
"3002903000"@;@2 666 798@;@104 854@;@@;@@;@@;@@;@2 666 798@;@@;@@;@0,3@;@@;@0,56
"7202998000"@;@814 250@;@@;@790@;@790@;@790@;@@;@815 040@;@0@;@0@;@0,3@;@0@;@0,56
"9608101000"@;@2 936 404@;@1 229@;@5 925@;@8 690@;@3 950@;@1 975@;@2 939 125@;@2 765@;@2 765@;@1@;@2 765@;@0,7
"4411121000"@;@415 298@;@4 447@;@2 905 037@;@2 905 037@;@2 858 423@;@94 883@;@3 225 452@;@0@;@0@;@1@;@0@;@0,26
"7219331009"@;@263 794@;@@;@@;@@;@@;@@;@263 794@;@@;@@;@0@;@@;@0,5
"6111301000"@;@677@;@@;@301 765@;@334 586@;@231 536@;@148 469@;@153 973@;@32 821@;@677@;@0,3@;@203,1@;@14,61
"403201100"@;@@;@@;@7 944@;@7 944@;@7 944@;@@;@7 944@;@0@;@@;@0,3@;@@;@
"0406908600"@;@1 035 633@;@@;@@;@@;@@;@@;@1 035 633@;@@;@@;@0,4@;@@;@0,58
"8207199009"@;@4 191 097@;@8 370@;@5 546 339@;@6 127 369@;@5 086 215@;@1 108 003@;@8 629 433@;@581 030@;@581 030@;@1@;@581 030@;@0,48
"8708803501"@;@7 159 520@;@4 630@;@@;@@;@@;@@;@7 159 520@;@@;@@;@0,3@;@@;@0,56
"7905000000"@;@16@;@@;@1 497 838@;@1 501 952@;@961 980@;@535 858@;@961 996@;@4 114@;@16@;@0,3@;@4,8@;@77,2
"8511400008"@;@2 100 179@;@34 775@;@14 984 918@;@17 463 339@;@15 163 557@;@111 517@;@16 973 580@;@2 478 421@;@2 100 179@;@0,6@;@1 260 107,4@;@0,54
"8701919000"@;@@;@7 820@;@@;@@;@@;@@;@0@;@@;@@;@0,3@;@@;@
"8504409100"@;@17 542 656@;@1 494 752@;@1 071 170@;@1 448 902@;@1 071 170@;@@;@17 119 074@;@377 732@;@377 732@;@1@;@377 732@;@0,72
"2710990000"@;@172 175@;@@;@@;@@;@@;@@;@172 175@;@@;@@;@0@;@@;@0,5
"8529904900"@;@1 513 651@;@@;@@;@@;@@;@@;@1 513 651@;@@;@@;@0@;@@;@0,5
"8477591000"@;@1 739 660@;@2 950@;@@;@@;@@;@@;@1 739 660@;@@;@@;@0,3@;@@;@0,56
"8433400009"@;@620 164@;@@;@@;@@;@@;@@;@620 164@;@@;@@;@0@;@@;@0,5
"6806100002"@;@@;@@;@23 463@;@23 463@;@23 463@;@@;@23 463@;@0@;@@;@0,3@;@@;@
"0301991860"@;@32 494@;@@;@@;@@;@@;@@;@32 494@;@@;@@;@0@;@@;@0,5
"7016907001"@;@122 307@;@@;@1 746@;@1 746@;@1 746@;@@;@124 053@;@0@;@0@;@0,3@;@0@;@0,55
"406105003"@;@@;@@;@24 633 722@;@26 206 835@;@24 416 079@;@480 421@;@24 416 079@;@1 573 113@;@@;@0,3@;@@;@
"6405909000"@;@141 447@;@504@;@1 373 990@;@1 433 241@;@1 793 435@;@391 003@;@1 124 434@;@59 251@;@59 251@;@1@;@59 251@;@0,39
"3208109000"@;@34 445 951@;@732 073@;@6 572 765@;@6 750 875@;@6 584 372@;@505 523@;@39 781 120@;@178 110@;@178 110@;@1@;@178 110@;@0,63
"3824830000"@;@@;@@;@141 010@;@143 296@;@141 010@;@@;@141 010@;@2 286@;@@;@0,3@;@@;@
"8503009900"@;@@;@@;@2 380 891@;@2 380 891@;@2 380 891@;@@;@2 380 891@;@0@;@@;@0,3@;@@;@
"2915903000"@;@61 667@;@@;@@;@@;@@;@@;@61 667@;@@;@@;@0@;@@;@0,5
"6806900000"@;@2 075 977@;@9 871@;@8 928 954@;@9 197 089@;@8 922 232@;@75 650@;@10 929 281@;@268 135@;@268 135@;@1@;@268 135@;@0,33
"8467910000"@;@253 184@;@401@;@@;@@;@@;@@;@253 184@;@@;@@;@0,3@;@@;@0,56
"8708929109"@;@50@;@@;@@;@@;@@;@@;@50@;@@;@@;@0@;@@;@0,5
"6811400001"@;@21 189@;@2 626 529@;@37 558 127@;@38 778 711@;@32 828 160@;@5 283 719@;@32 295 597@;@1 220 584@;@21 189@;@1@;@21 189@;@17,48
"2909309000"@;@3 040@;@@;@@;@@;@@;@@;@3 040@;@@;@@;@0@;@@;@0,5
"9505101000"@;@27 567@;@308@;@@;@@;@@;@@;@27 567@;@@;@@;@0,3@;@@;@0,56
"2923100000"@;@9 997@;@@;@@;@@;@@;@@;@9 997@;@@;@@;@0@;@@;@0,5
"2833298000"@;@478 184@;@@;@@;@@;@@;@@;@478 184@;@@;@@;@0,4@;@@;@0,58
"8426490099"@;@18 624 528@;@991 500@;@@;@@;@@;@@;@18 624 528@;@@;@@;@0,3@;@@;@0,56
"7611000000"@;@4 098@;@@;@9 759@;@9 759@;@9 759@;@@;@13 857@;@0@;@0@;@0,7@;@0@;@0,29
"0403901300"@;@496 765@;@1 100@;@@;@@;@@;@@;@496 765@;@@;@@;@0,3@;@@;@0,56
"5206130006"@;@@;@132 706@;@@;@@;@@;@@;@0@;@@;@@;@0,3@;@@;@
"8462230009"@;@2 595 282@;@13 736@;@@;@@;@@;@@;@2 595 282@;@@;@@;@0,3@;@@;@0,56
"8479902000"@;@@;@@;@305 074@;@316 549@;@49 849@;@255 226@;@49 849@;@11 475@;@@;@0,3@;@@;@
"6103101000"@;@106 249@;@@;@4 265 982@;@4 643 432@;@4 257 597@;@469 176@;@3 903 055@;@377 450@;@106 249@;@0,3@;@31 874,7@;@1,14
"7305390000"@;@351 154@;@@;@46 899@;@66 999@;@46 899@;@@;@398 053@;@20 100@;@20 100@;@0,3@;@6 030@;@0,52
"3002120004"@;@4 102 134@;@@;@@;@@;@@;@@;@4 102 134@;@@;@@;@0@;@@;@0,5
"813403000"@;@@;@@;@271 381@;@290 765@;@271 381@;@@;@271 381@;@19 384@;@@;@0,3@;@@;@
"5208420000"@;@22 194@;@4 645@;@@;@@;@@;@@;@22 194@;@@;@@;@0,7@;@@;@0,64
"8501200001"@;@4 531@;@@;@17 071@;@34 701@;@11 327@;@5 744@;@15 858@;@17 630@;@4 531@;@0,3@;@1 359,3@;@1,37
"7226919900"@;@9 747@;@@;@@;@@;@@;@@;@9 747@;@@;@@;@0@;@@;@0,5
"8421210001"@;@1 992 728@;@84@;@12 720 626@;@13 488 944@;@12 393 189@;@344 090@;@14 369 264@;@768 318@;@768 318@;@1@;@768 318@;@0,39
"8708802001"@;@11 637 744@;@1 162 456@;@@;@@;@@;@@;@11 637 744@;@@;@@;@0,3@;@@;@0,56
"6104420000"@;@344 544@;@18 701 400@;@9 334 714@;@9 407 925@;@4 234 154@;@9 703 362@;@-24 104@;@73 211@;@73 211@;@0,6@;@43 926,6@;@0
"7228304900"@;@3 891@;@287@;@@;@@;@@;@@;@3 891@;@@;@@;@0,3@;@@;@0,56
"7305110001"@;@5 334 789@;@@;@@;@@;@@;@@;@5 334 789@;@@;@@;@0@;@@;@0,5
"6201190000"@;@@;@@;@35 040@;@35 040@;@35 040@;@10 657@;@35 040@;@0@;@@;@0,3@;@@;@
"7505120009"@;@3 327@;@@;@@;@@;@@;@@;@3 327@;@@;@@;@0@;@@;@0,5
"7202993000"@;@@;@@;@2 615@;@11 740@;@2 615@;@@;@2 615@;@9 125@;@@;@0,3@;@@;@
"7219219000"@;@488 619@;@@;@@;@@;@@;@@;@488 619@;@@;@@;@0@;@@;@0,5
"207241000"@;@@;@@;@30 511 014@;@31 225 863@;@30 644 098@;@1 703 009@;@30 644 098@;@714 849@;@@;@0,3@;@@;@
"0207459300"@;@9 612@;@@;@@;@@;@@;@@;@9 612@;@@;@@;@0@;@@;@0,5
"7614900000"@;@198 844@;@17 021@;@5 116 874@;@8 754 754@;@5 506 193@;@1 741 618@;@3 574 100@;@3 637 880@;@198 844@;@1@;@198 844@;@5,72
"8501800000"@;@10 037 441@;@506 977@;@8 573 415@;@8 707 401@;@8 573 415@;@8 121@;@18 095 758@;@133 986@;@133 986@;@1@;@133 986@;@0,48
"8806230001"@;@7 498@;@@;@@;@@;@@;@@;@7 498@;@@;@@;@0@;@@;@0,5
"8501408002"@;@325@;@@;@27 915@;@27 915@;@27 661@;@255@;@27 985@;@0@;@0@;@0,3@;@0@;@0,07
"5311009000"@;@116@;@@;@15 625 287@;@17 937 253@;@15 494 101@;@3 545 865@;@12 079 538@;@2 311 966@;@116@;@0,3@;@34,8@;@100
"8512309001"@;@798 881@;@9 071@;@@;@@;@@;@@;@798 881@;@@;@@;@0,3@;@@;@0,56
"3824991500"@;@7 295 626@;@@;@5 840 681@;@5 846 052@;@6 205 230@;@147 733@;@12 988 574@;@5 371@;@5 371@;@0,3@;@1 611,3@;@0,34
"2204218200"@;@20 937@;@@;@@;@@;@@;@@;@20 937@;@@;@@;@0@;@@;@0,5
"6403911300"@;@54 622@;@12 743@;@1 108 140@;@1 108 140@;@809 624@;@322 827@;@839 935@;@0@;@0@;@1@;@0@;@0,23
"5206110008"@;@14 500@;@9 958@;@@;@@;@@;@@;@14 500@;@@;@@;@0,3@;@@;@0,56
"6216000000"@;@169 966@;@332 977@;@2 969 637@;@3 059 787@;@2 993 724@;@31 214@;@3 108 389@;@90 150@;@90 150@;@1@;@90 150@;@0,39
"4107119000"@;@@;@81 127@;@422 000@;@613 818@;@452 678@;@72 554@;@349 446@;@191 818@;@@;@0,6@;@@;@
"7307298000"@;@1 184 460@;@47 633@;@@;@@;@@;@@;@1 184 460@;@@;@@;@0,7@;@@;@0,64
"8708309107"@;@@;@@;@@;@@;@@;@@;@0@;@@;@@;@0,4@;@@;@
"2008305500"@;@264@;@@;@@;@@;@@;@@;@264@;@@;@@;@0@;@@;@0,5
"9619008909"@;@474 095@;@@;@@;@@;@@;@@;@474 095@;@@;@@;@0@;@@;@0,5
"7317008009"@;@@;@@;@1 116 894@;@1 176 049@;@1 116 894@;@@;@1 116 894@;@59 155@;@@;@0,3@;@@;@
"8408902700"@;@512 321@;@350@;@@;@@;@@;@@;@512 321@;@@;@@;@0,3@;@@;@0,56
"5208111000"@;@@;@378 252@;@33 641 349@;@67 852 585@;@36 603 734@;@2 909 451@;@30 731 898@;@34 211 236@;@@;@0,6@;@@;@
"804400000"@;@@;@@;@24 706@;@24 706@;@23 622@;@1 083@;@23 622@;@0@;@@;@0,3@;@@;@
"8517709009"@;@@;@@;@3 155 532@;@3 155 532@;@3 155 532@;@@;@3 155 532@;@0@;@@;@0,3@;@@;@
"8462610093"@;@8 306@;@2 048@;@@;@@;@@;@@;@8 306@;@@;@@;@0,3@;@@;@0,56
"8539511011"@;@7 622@;@@;@@;@@;@@;@@;@7 622@;@@;@@;@0@;@@;@0,5
"8211920000"@;@210 024@;@23 689@;@@;@@;@@;@@;@210 024@;@@;@@;@0,3@;@@;@0,56
"3920102800"@;@452 058@;@59@;@@;@@;@@;@@;@452 058@;@@;@@;@0,3@;@@;@0,56
"4804193000"@;@@;@@;@194 786@;@194 786@;@194 786@;@@;@194 786@;@0@;@@;@0,3@;@@;@
"2936220009"@;@79 004@;@@;@290 767@;@290 767@;@290 767@;@75 915@;@293 856@;@0@;@0@;@0,3@;@0@;@0,19
"9405110013"@;@2 154 105@;@@;@303 912@;@303 912@;@303 912@;@@;@2 458 017@;@0@;@0@;@0,7@;@0@;@0,58
"2529220000"@;@22 972@;@@;@@;@@;@@;@@;@22 972@;@@;@@;@0@;@@;@0,5
"206109500"@;@@;@@;@146 110@;@146 110@;@146 110@;@@;@146 110@;@0@;@@;@0,3@;@@;@
"7018200000"@;@814 911@;@3 350@;@@;@@;@@;@@;@814 911@;@@;@@;@0,7@;@@;@0,64
"5208229600"@;@122@;@990 970@;@52 250@;@54 871@;@52 250@;@2 239@;@50 133@;@2 621@;@122@;@1@;@122@;@6,65
"0808108008"@;@2 440 100@;@65 702@;@@;@@;@@;@@;@2 440 100@;@@;@@;@0,3@;@@;@0,56
"7117900000"@;@207 765@;@2 083@;@@;@@;@@;@@;@207 765@;@@;@@;@0,3@;@@;@0,56
"3926909200"@;@2 397 410@;@12 955@;@983 083@;@1 070 659@;@858 395@;@135 455@;@3 232 083@;@87 576@;@87 576@;@1@;@87 576@;@0,58
"2617900000"@;@11 646@;@3 427@;@4 933 896@;@4 933 896@;@4 933 896@;@@;@4 945 542@;@0@;@0@;@0,6@;@0@;@0,12
"6110301000"@;@228 471@;@170 353@;@289 638@;@289 638@;@281 666@;@43 101@;@475 008@;@0@;@0@;@0,6@;@0@;@0,36
"1702110000"@;@261 406@;@@;@@;@@;@@;@@;@261 406@;@@;@@;@0@;@@;@0,5
"0306119000"@;@5 901@;@@;@@;@@;@@;@@;@5 901@;@@;@@;@0@;@@;@0,5
"7404009900"@;@64 675@;@@;@@;@@;@@;@@;@64 675@;@@;@@;@0@;@@;@0,5
"210209000"@;@@;@@;@24 546 362@;@24 546 362@;@24 507 495@;@19 434@;@24 507 495@;@0@;@@;@0,3@;@@;@
"2932202000"@;@202@;@@;@@;@@;@@;@@;@202@;@@;@@;@0@;@@;@0,5
"3003200009"@;@@;@@;@210 252@;@210 252@;@210 252@;@100 519@;@210 252@;@0@;@@;@0,3@;@@;@
"4407130000"@;@@;@@;@@;@@;@@;@@;@0@;@@;@@;@0,4@;@@;@
"1604199780"@;@65 328@;@@;@@;@@;@@;@@;@65 328@;@@;@@;@0@;@@;@0,5
"4412100000"@;@@;@@;@948 017@;@948 017@;@948 017@;@@;@948 017@;@0@;@@;@0,3@;@@;@
"7228308900"@;@1 332 051@;@@;@@;@@;@@;@@;@1 332 051@;@@;@@;@0@;@@;@0,5
"1605540000"@;@85 682@;@@;@@;@@;@@;@@;@85 682@;@@;@@;@0@;@@;@0,5
"7216321900"@;@579 921@;@@;@@;@@;@@;@@;@579 921@;@@;@@;@0@;@@;@0,5
"2907199000"@;@103 175@;@@;@@;@@;@@;@@;@103 175@;@@;@@;@0@;@@;@0,5
"9619005109"@;@@;@@;@5 853 195@;@6 101 874@;@4 146 486@;@1 706 710@;@4 146 486@;@248 679@;@@;@0,3@;@@;@
"2204219100"@;@@;@@;@378 714@;@718 251@;@367 283@;@11 432@;@367 283@;@339 537@;@@;@0,3@;@@;@
"6105209000"@;@49 297@;@@;@394 606@;@399 637@;@394 606@;@@;@443 903@;@5 031@;@5 031@;@0,3@;@1 509,3@;@0,15
"2701119000"@;@234 364@;@23 243@;@32 107 171@;@32 107 171@;@24 088 923@;@14 145 770@;@18 195 765@;@0@;@0@;@0,6@;@0@;@0,13
"9702900000"@;@@;@@;@@;@@;@@;@@;@0@;@@;@@;@0,4@;@@;@
"8466922000"@;@21 585@;@@;@790@;@790@;@790@;@@;@22 375@;@0@;@0@;@0,3@;@0@;@0,54
"8502392000"@;@1 881 521@;@29 898 051@;@5 857@;@5 857@;@5 857@;@@;@1 887 378@;@0@;@0@;@0,6@;@0@;@0,62
"0403205100"@;@25 181@;@@;@@;@@;@@;@@;@25 181@;@@;@@;@0@;@@;@0,5
"4303900000"@;@24 065@;@13 283@;@115 555@;@153 942@;@116 840@;@6 881@;@132 739@;@38 387@;@24 065@;@0,6@;@14 439@;@0,69
"5205240006"@;@127 377@;@1 325 096@;@@;@@;@@;@@;@127 377@;@@;@@;@0,3@;@@;@0,56
"4202121900"@;@138 580@;@25@;@7 900@;@7 900@;@7 900@;@@;@146 455@;@0@;@0@;@0,6@;@0@;@0,59
"7306307709"@;@@;@@;@142 299 304@;@175 130 850@;@141 761 839@;@7 577 953@;@141 761 839@;@32 831 546@;@@;@0,3@;@@;@
"8207301000"@;@8 704 933@;@84 445@;@2 653 929@;@2 818 517@;@2 608 941@;@1 518 248@;@9 756 169@;@164 588@;@164 588@;@0,6@;@98 752,8@;@0,57
"7302109000"@;@850 383@;@31 923@;@1 357 676@;@1 359 927@;@1 157 971@;@75 051@;@2 133 008@;@2 251@;@2 251@;@0,6@;@1 350,6@;@0,32
"7312108301"@;@3 357 875@;@@;@3 950@;@3 950@;@3 950@;@@;@3 361 825@;@0@;@0@;@0,3@;@0@;@0,56
"7115900000"@;@224 263@;@@;@@;@@;@@;@@;@224 263@;@@;@@;@0@;@@;@0,5
"6204221000"@;@@;@154 834@;@12 347 711@;@12 763 332@;@4 198 447@;@8 260 034@;@4 087 677@;@415 621@;@@;@1@;@@;@
"8527212009"@;@415 454@;@13 731@;@@;@@;@@;@@;@415 454@;@@;@@;@0,3@;@@;@0,56
"1804000000"@;@1 775 094@;@@;@5 929@;@5 929@;@5 929@;@@;@1 781 023@;@0@;@0@;@0,3@;@0@;@0,56
"9018130000"@;@26 769 636@;@26 438@;@@;@@;@@;@@;@26 769 636@;@@;@@;@0,3@;@@;@0,56
"4107129100"@;@15 833@;@13 689 701@;@@;@@;@@;@@;@15 833@;@@;@@;@0,3@;@@;@0,56
"8514900000"@;@1 175 000@;@13 097 101@;@230 514@;@254 340@;@230 514@;@26 521@;@1 378 993@;@23 826@;@23 826@;@0,6@;@14 295,6@;@0,55
"5403490000"@;@556@;@@;@103 495@;@103 495@;@103 495@;@559@;@103 492@;@0@;@0@;@0,3@;@0@;@0,06
"7303001000"@;@2 019 907@;@@;@38 267@;@59 964@;@36 988@;@1 988@;@2 056 186@;@21 697@;@21 697@;@0,3@;@6 509,1@;@0,55
"2711121900"@;@2 915 475@;@686 818@;@89 126 798@;@89 126 798@;@88 089 385@;@8 826 190@;@83 216 083@;@0@;@0@;@0,6@;@0@;@0,14
"9405102109"@;@@;@@;@26 582@;@39 873@;@26 582@;@@;@26 582@;@13 291@;@@;@0,3@;@@;@
"8414805100"@;@882 253@;@7 909@;@1 760 453@;@1 760 453@;@1 760 453@;@@;@2 642 706@;@0@;@0@;@0,6@;@0@;@0,29
"8526920009"@;@@;@@;@272 784@;@272 784@;@272 784@;@@;@272 784@;@0@;@@;@0,3@;@@;@
"8456301109"@;@294 967@;@@;@3 634@;@3 634@;@3 634@;@@;@298 601@;@0@;@0@;@0,3@;@0@;@0,55
"8518109600"@;@1 774 567@;@5 913@;@@;@@;@@;@@;@1 774 567@;@@;@@;@0,3@;@@;@0,56
"8447110001"@;@100 796@;@@;@@;@@;@@;@@;@100 796@;@@;@@;@0@;@@;@0,5
"5407910000"@;@2 216@;@@;@4 286@;@4 286@;@4 286@;@@;@6 502@;@0@;@0@;@0,7@;@0@;@0,31
"4202229000"@;@4 745 760@;@104 939@;@@;@@;@@;@@;@4 745 760@;@@;@@;@0,7@;@@;@0,64
"0203291300"@;@5 106@;@@;@@;@@;@@;@@;@5 106@;@@;@@;@0@;@@;@0,5
"7304312009"@;@@;@@;@195 630@;@207 235@;@195 630@;@480@;@195 630@;@11 605@;@@;@0,3@;@@;@
"3215110009"@;@@;@@;@@;@@;@@;@@;@0@;@@;@@;@0,4@;@@;@
"9017900000"@;@100@;@@;@@;@@;@@;@@;@100@;@@;@@;@0@;@@;@0,5
"0804100009"@;@8 337 180@;@22 296@;@@;@@;@@;@@;@8 337 180@;@@;@@;@0,3@;@@;@0,56
"3004900001"@;@6 433 444@;@158@;@1 637 385@;@1 687 749@;@1 278 100@;@375 248@;@7 695 423@;@50 364@;@50 364@;@1@;@50 364@;@0,62
"2814100000"@;@134@;@81 302@;@5 731 757@;@8 009 387@;@5 731 757@;@@;@5 731 891@;@2 277 630@;@134@;@1@;@134@;@100
"8523519900"@;@135 395@;@@;@@;@@;@@;@@;@135 395@;@@;@@;@0@;@@;@0,5
"6807100009"@;@1 131 656@;@45 793@;@3 588 440@;@3 689 187@;@889 558@;@2 728 772@;@1 991 324@;@100 747@;@100 747@;@1@;@100 747@;@0,51
"3808926000"@;@314 430@;@@;@@;@@;@@;@@;@314 430@;@@;@@;@0@;@@;@0,5
"3102900000"@;@144 358@;@@;@3 112@;@3 112@;@3 112@;@@;@147 470@;@0@;@0@;@0,3@;@0@;@0,55
"8430490009"@;@10 101 440@;@58 300@;@126 892@;@126 892@;@126 892@;@1 541@;@10 168 491@;@0@;@0@;@1@;@0@;@0,7
"5607501100"@;@110 897@;@@;@8 548@;@17 096@;@8 548@;@@;@119 445@;@8 548@;@8 548@;@0,3@;@2 564,4@;@0,55
"2938100000"@;@45 769@;@@;@@;@@;@@;@@;@45 769@;@@;@@;@0@;@@;@0,5
"1702209000"@;@6 288@;@@;@@;@@;@@;@@;@6 288@;@@;@@;@0@;@@;@0,5
"7010909901"@;@1 284@;@@;@@;@@;@@;@@;@1 284@;@@;@@;@0@;@@;@0,5
"0601101000"@;@22 660@;@@;@@;@@;@@;@@;@22 660@;@@;@@;@0@;@@;@0,5
"3402500000"@;@55 770 468@;@3 477 911@;@337 807@;@341 233@;@337 322@;@4 182@;@52 626 182@;@3 426@;@3 426@;@1@;@3 426@;@0,73
"406301000"@;@@;@@;@12 281 424@;@12 608 995@;@11 454 582@;@830 536@;@11 454 582@;@327 571@;@@;@0,3@;@@;@
"9202908009"@;@1 557@;@126 673@;@20 935@;@20 935@;@20 935@;@@;@22 492@;@0@;@0@;@1@;@0@;@0,23
"2506100000"@;@205 728@;@@;@567 298@;@569 244@;@435 403@;@193 394@;@579 632@;@1 946@;@1 946@;@0,3@;@583,8@;@0,24
"6211490000"@;@@;@@;@72 779@;@@;@72 779@;@@;@72 779@;@@;@@;@0,3@;@@;@
"9030820000"@;@169 542@;@@;@@;@@;@@;@@;@169 542@;@@;@@;@0@;@@;@0,5
"8481209001"@;@6 429@;@@;@751@;@751@;@751@;@@;@7 180@;@0@;@0@;@0,3@;@0@;@0,51
"8421398005"@;@@;@@;@@;@@;@@;@@;@0@;@@;@@;@0,4@;@@;@
"8457101001"@;@347 557@;@@;@@;@@;@@;@@;@347 557@;@@;@@;@0@;@@;@0,5
"5604901000"@;@4 980@;@@;@4 808 698@;@4 808 698@;@4 808 698@;@@;@4 813 678@;@0@;@0@;@0,3@;@0@;@0,06
"2926400000"@;@@;@@;@416 229@;@5 177 968@;@280 999@;@869 110@;@280 999@;@4 761 739@;@@;@0,3@;@@;@
"8424499100"@;@548 556@;@25 839@;@@;@@;@@;@@;@548 556@;@@;@@;@0,7@;@@;@0,64
"5206110006"@;@116 124@;@@;@@;@@;@@;@@;@116 124@;@@;@@;@0@;@@;@0,5
"2840191000"@;@21 350@;@@;@@;@@;@@;@@;@21 350@;@@;@@;@0,4@;@@;@0,58
"2829190000"@;@40 400@;@@;@@;@@;@@;@@;@40 400@;@@;@@;@0,4@;@@;@0,58
"4203100001"@;@497 389@;@1 036@;@605 590@;@643 356@;@429 984@;@181 237@;@921 742@;@37 766@;@37 766@;@0,6@;@22 659,6@;@0,41
"3919103100"@;@@;@@;@349 185@;@349 185@;@349 185@;@@;@349 185@;@0@;@@;@0,3@;@@;@
"9406903100"@;@12 486 941@;@282 328@;@33 661 788@;@33 949 170@;@21 704 310@;@10 112 191@;@36 036 538@;@287 382@;@287 382@;@1@;@287 382@;@0,38
"3301139000"@;@191@;@@;@@;@@;@@;@@;@191@;@@;@@;@0@;@@;@0,5
"0901210001"@;@3 176 800@;@33 869@;@@;@@;@@;@@;@3 176 800@;@@;@@;@0,3@;@@;@0,56
"5202100000"@;@455 958@;@29 246 879@;@22 044 172@;@22 685 399@;@18 015 588@;@4 366 545@;@18 133 585@;@641 227@;@455 958@;@1@;@455 958@;@0,63
"8539514022"@;@2 075@;@@;@@;@@;@@;@@;@2 075@;@@;@@;@0@;@@;@0,5
"2208905400"@;@398 575@;@@;@@;@@;@@;@@;@398 575@;@@;@@;@0@;@@;@0,5
"7305200000"@;@52 216@;@@;@474 009@;@2 962 556@;@423 640@;@50 369@;@475 856@;@2 488 547@;@52 216@;@0,3@;@15 664,8@;@14,41
"0706909007"@;@@;@@;@@;@@;@@;@@;@0@;@@;@@;@0,4@;@@;@
"0602904600"@;@521 257@;@25 274@;@@;@@;@@;@@;@521 257@;@@;@@;@0,7@;@@;@0,64
"4407113900"@;@3 458@;@@;@@;@@;@@;@@;@3 458@;@@;@@;@0,4@;@@;@0,58
"6204331000"@;@27@;@187 921@;@@;@@;@@;@@;@27@;@@;@@;@0,7@;@@;@0,64
"1007900000"@;@40 360@;@3 856 916@;@@;@@;@@;@@;@40 360@;@@;@@;@0,3@;@@;@0,56
"8470500001"@;@5 088 544@;@@;@1 730 131@;@1 730 131@;@1 730 131@;@@;@6 818 675@;@0@;@0@;@0,3@;@0@;@0,43
"5007206100"@;@@;@@;@23 700@;@32 917@;@16 927@;@46 363@;@16 927@;@9 217@;@@;@0,3@;@@;@
"0712340000"@;@18 752@;@@;@@;@@;@@;@@;@18 752@;@@;@@;@0@;@@;@0,5
"8506101100"@;@831 014@;@5 344@;@129 528@;@129 528@;@129 528@;@@;@955 198@;@0@;@0@;@0,6@;@0@;@0,55
"9015801100"@;@5 242 547@;@32 328@;@@;@@;@@;@@;@5 242 547@;@@;@@;@0,7@;@@;@0,64
"2909600000"@;@233 267@;@448@;@@;@@;@@;@@;@233 267@;@@;@@;@0,3@;@@;@0,56
"8416208000"@;@2 223 050@;@28 231@;@@;@@;@@;@@;@2 223 050@;@@;@@;@0,7@;@@;@0,64
"0910995000"@;@332 118@;@3 716@;@@;@@;@@;@@;@332 118@;@@;@@;@0,3@;@@;@0,56
"7305120000"@;@2 555 243@;@@;@@;@@;@@;@@;@2 555 243@;@@;@@;@0@;@@;@0,5
"0403907300"@;@@;@120 223@;@@;@@;@@;@@;@0@;@@;@@;@0,3@;@@;@
"6104199000"@;@@;@@;@3 144@;@3 144@;@3 144@;@@;@3 144@;@0@;@@;@0,3@;@@;@
"4418740000"@;@963@;@@;@@;@@;@@;@@;@963@;@@;@@;@0,4@;@@;@0,58
"8419110000"@;@715 569@;@158 420@;@190 721@;@190 721@;@190 721@;@536@;@747 334@;@0@;@0@;@0,6@;@0@;@0,6
"8541210000"@;@226 953@;@@;@@;@@;@@;@@;@226 953@;@@;@@;@0@;@@;@0,5
"405109000"@;@@;@@;@5 637 848@;@5 659 182@;@3 173 004@;@2 464 949@;@3 173 004@;@21 334@;@@;@0,3@;@@;@
"8413706500"@;@145 390@;@@;@319 578@;@320 617@;@365 720@;@23 446@;@441 522@;@1 039@;@1 039@;@0,3@;@311,7@;@0,23
"6301100000"@;@12 005@;@@;@@;@@;@@;@@;@12 005@;@@;@@;@0@;@@;@0,5
"8207401000"@;@500 651@;@@;@282 794@;@282 794@;@264 846@;@17 949@;@765 496@;@0@;@0@;@0,7@;@0@;@0,47
"2712201000"@;@118 408@;@41 450 935@;@84 103 758@;@84 103 758@;@86 146 635@;@5 444 222@;@78 777 944@;@0@;@0@;@0,6@;@0@;@0,12
"3402490000"@;@1 845 753@;@75 838@;@@;@@;@@;@@;@1 845 753@;@@;@@;@0,3@;@@;@0,56
"0707009000"@;@@;@@;@@;@@;@@;@@;@0@;@@;@@;@0,4@;@@;@
"8511400002"@;@14 201 360@;@137 201@;@@;@@;@@;@@;@14 201 360@;@@;@@;@0,3@;@@;@0,56
"5007205900"@;@@;@@;@14 411@;@18 014@;@@;@101@;@0@;@3 603@;@@;@0,3@;@@;@
"5803003000"@;@@;@@;@11 244 548@;@18 988 023@;@10 025 017@;@6 588 782@;@10 025 017@;@7 743 475@;@@;@0,3@;@@;@
"5508209000"@;@27@;@@;@868 350@;@868 350@;@94 710@;@773 639@;@94 738@;@0@;@0@;@0,3@;@0@;@0,06
"1516201000"@;@67 745@;@@;@672@;@672@;@672@;@@;@68 417@;@0@;@0@;@0,3@;@0@;@0,56
"6802230000"@;@312 302@;@846 116@;@2 234 886@;@2 463 291@;@2 227 098@;@1 210 554@;@1 336 634@;@228 405@;@228 405@;@1@;@228 405@;@0,54
"7015900000"@;@2 495@;@@;@@;@@;@@;@@;@2 495@;@@;@@;@0@;@@;@0,5
"8483405909"@;@@;@@;@@;@@;@@;@@;@0@;@@;@@;@0,4@;@@;@
"4905200000"@;@169@;@@;@14 439@;@15 679@;@14 439@;@@;@14 608@;@1 240@;@169@;@0,3@;@50,7@;@2,27
"5209210000"@;@225@;@57 040@;@@;@@;@@;@@;@225@;@@;@@;@0,7@;@@;@0,64
"4817300000"@;@1 581@;@213 940@;@5 135@;@5 135@;@5 135@;@@;@6 716@;@0@;@0@;@1@;@0@;@0,32
"1602909909"@;@18 819@;@486@;@@;@@;@@;@@;@18 819@;@@;@@;@0,3@;@@;@0,56
"2829904000"@;@211@;@@;@@;@@;@@;@@;@211@;@@;@@;@0@;@@;@0,5
"8302200000"@;@479 649@;@@;@79 292@;@79 292@;@74 115@;@3 666@;@555 275@;@0@;@0@;@0,3@;@0@;@0,49
"7019660009"@;@643 598@;@@;@27 650@;@27 650@;@27 650@;@@;@671 248@;@0@;@0@;@0,3@;@0@;@0,54
"5705003000"@;@1 422 762@;@47 679@;@@;@@;@@;@@;@1 422 762@;@@;@@;@0,3@;@@;@0,56
"5404901000"@;@428 435@;@@;@@;@@;@@;@@;@428 435@;@@;@@;@0@;@@;@0,5
"7116208000"@;@10 916@;@558@;@@;@@;@@;@@;@10 916@;@@;@@;@0,3@;@@;@0,56
"7219211001"@;@8 290@;@@;@@;@@;@@;@@;@8 290@;@@;@@;@0@;@@;@0,5
"404100200"@;@@;@@;@593 697@;@595 277@;@886 632@;@31 792@;@886 632@;@1 580@;@@;@0,3@;@@;@
"6115290000"@;@344 943@;@1 628 020@;@1 162 676@;@1 222 776@;@1 162 676@;@16 734@;@1 490 885@;@60 100@;@60 100@;@0,6@;@36 060@;@0,29
"1604207000"@;@542 390@;@@;@@;@@;@@;@@;@542 390@;@@;@@;@0@;@@;@0,5
"8419310000"@;@@;@@;@434 508@;@434 508@;@305 061@;@129 447@;@305 061@;@0@;@@;@0,3@;@@;@
"8519815100"@;@55@;@@;@@;@@;@@;@@;@55@;@@;@@;@0@;@@;@0,5
"0208901000"@;@200@;@@;@@;@@;@@;@@;@200@;@@;@@;@0@;@@;@0,5
"6406905000"@;@849 771@;@53 239@;@190 434@;@192 123@;@126 816@;@145 017@;@841 949@;@1 689@;@1 689@;@0,6@;@1 013,4@;@0,63
"2523210000"@;@4 877 272@;@4 504@;@319 408 706@;@330 077 237@;@281 776 911@;@30 584 032@;@293 701 946@;@10 668 531@;@4 877 272@;@0,6@;@2 926 363,2@;@0,78
"8507202009"@;@@;@@;@@;@@;@@;@@;@0@;@@;@@;@0,4@;@@;@
"2852000009"@;@@;@@;@1 292 296@;@1 292 296@;@1 292 296@;@@;@1 292 296@;@0@;@@;@0,3@;@@;@
"1701991001"@;@84 351 210@;@848@;@407 143 692@;@759 213 020@;@418 758 383@;@48 134 408@;@443 360 494@;@352 069 328@;@84 351 210@;@0,6@;@50 610 726@;@1,47
"1212940000"@;@@;@16 139@;@@;@@;@@;@@;@0@;@@;@@;@0,3@;@@;@
"0308908000"@;@209@;@@;@@;@@;@@;@@;@209@;@@;@@;@0@;@@;@0,5
"9506290000"@;@1 063 764@;@2 880@;@@;@@;@@;@@;@1 063 764@;@@;@@;@0,3@;@@;@0,56
"8102960000"@;@5 532@;@@;@@;@@;@@;@@;@5 532@;@@;@@;@0@;@@;@0,5
"3402909000"@;@4 777 466@;@1 166 313@;@3 404 681@;@4 677 012@;@3 345 769@;@132 433@;@6 883 401@;@1 272 331@;@1 272 331@;@1@;@1 272 331@;@0,63
"8432391100"@;@5 465 572@;@@;@@;@@;@@;@@;@5 465 572@;@@;@@;@0@;@@;@0,5
"1806321000"@;@16 829 375@;@7 569@;@30 084@;@32 035@;@30 084@;@@;@16 851 890@;@1 951@;@1 951@;@0,6@;@1 170,6@;@0,62
"710210000"@;@@;@@;@120 349@;@120 349@;@120 349@;@134 960@;@120 349@;@0@;@@;@0,3@;@@;@
"6104510000"@;@33 782@;@1 283@;@@;@@;@@;@@;@33 782@;@@;@@;@0,3@;@@;@0,56
"8704519109"@;@25 200@;@@;@@;@@;@@;@@;@25 200@;@@;@@;@0@;@@;@0,5
"8423890000"@;@3 271 345@;@370 950@;@1 440 291@;@1 440 291@;@1 440 291@;@@;@4 340 686@;@0@;@0@;@1@;@0@;@0,58
"406907609"@;@@;@@;@40 667@;@81 334@;@40 667@;@@;@40 667@;@40 667@;@@;@0,3@;@@;@
"2827310000"@;@940 649@;@53 287@;@@;@@;@@;@@;@940 649@;@@;@@;@0,3@;@@;@0,56
"8421392009"@;@180@;@@;@6 016 672@;@6 054 145@;@940 990@;@5 075 682@;@941 170@;@37 473@;@180@;@0,3@;@54@;@62,52
"8430410001"@;@1 644 593@;@884 789@;@827 568@;@875 169@;@827 568@;@@;@2 472 161@;@47 601@;@47 601@;@0,6@;@28 560,6@;@0,46
"8713900000"@;@609 506@;@@;@2 255 601@;@2 378 974@;@1 772 297@;@483 304@;@2 381 803@;@123 373@;@123 373@;@0,7@;@86 361,1@;@0,33
"8408209904"@;@119 091@;@@;@@;@@;@@;@@;@119 091@;@@;@@;@0@;@@;@0,5
"7326203000"@;@@;@@;@790@;@790@;@790@;@@;@790@;@0@;@@;@0,3@;@@;@
"0304999800"@;@4 931@;@@;@@;@@;@@;@@;@4 931@;@@;@@;@0@;@@;@0,5
"8454100000"@;@3 047 091@;@@;@6 661@;@8 159@;@6 661@;@@;@3 053 752@;@1 498@;@1 498@;@0,3@;@449,4@;@0,56
"6103430001"@;@685 386@;@1 983 356@;@@;@@;@@;@@;@685 386@;@@;@@;@0,7@;@@;@0,64
"8458190000"@;@2 000 684@;@15 012@;@1 379 365@;@1 379 365@;@1 379 365@;@@;@3 365 037@;@0@;@0@;@1@;@0@;@0,5
"8441901000"@;@46 651@;@38 509@;@@;@@;@@;@@;@46 651@;@@;@@;@0,3@;@@;@0,56
"8607191009"@;@16 086 236@;@60 863@;@652 155@;@973 908@;@652 155@;@@;@16 677 528@;@321 753@;@321 753@;@1@;@321 753@;@0,69
"0307210009"@;@1 646@;@@;@@;@@;@@;@@;@1 646@;@@;@@;@0@;@@;@0,5
"4203299900"@;@@;@@;@12 640@;@12 640@;@12 640@;@@;@12 640@;@0@;@@;@0,3@;@@;@
"8448190000"@;@7 406 905@;@4 568@;@@;@@;@@;@@;@7 406 905@;@@;@@;@0,3@;@@;@0,56
"504000000"@;@@;@@;@1 347 202@;@1 419 212@;@679 266@;@771 580@;@679 266@;@72 010@;@@;@0,3@;@@;@
"8704239802"@;@7 167 621@;@91 021@;@@;@@;@@;@@;@7 167 621@;@@;@@;@0,3@;@@;@0,56
"8539514012"@;@1 670@;@@;@@;@@;@@;@@;@1 670@;@@;@@;@0@;@@;@0,5
"4012130000"@;@@;@@;@1 088@;@1 088@;@1 088@;@@;@1 088@;@0@;@@;@0,3@;@@;@
"2530909800"@;@@;@@;@86 277@;@86 277@;@86 277@;@@;@86 277@;@0@;@@;@0,3@;@@;@
"2713901000"@;@2 701@;@@;@@;@@;@@;@@;@2 701@;@@;@@;@0@;@@;@0,5
"6907239005"@;@17 191@;@@;@@;@@;@@;@@;@17 191@;@@;@@;@0@;@@;@0,5
"7601202009"@;@27 798 175@;@@;@@;@@;@@;@@;@27 798 175@;@@;@@;@0@;@@;@0,5
"8463900000"@;@904 216@;@@;@@;@@;@@;@@;@904 216@;@@;@@;@0@;@@;@0,5
"9503007900"@;@154 934@;@@;@258 825@;@@;@258 825@;@@;@413 759@;@@;@@;@0,3@;@@;@0,25
"4804191200"@;@@;@@;@790@;@790@;@790@;@@;@790@;@0@;@@;@0,3@;@@;@
"8483105009"@;@@;@@;@@;@@;@@;@@;@0@;@@;@@;@0,4@;@@;@
"6211390000"@;@19 155@;@201 626@;@129 751@;@@;@129 751@;@@;@148 906@;@@;@@;@1@;@@;@0,26
"8483402900"@;@7 582 647@;@11 114@;@5 062 464@;@5 064 658@;@4 861 129@;@76 681@;@12 557 316@;@2 194@;@2 194@;@1@;@2 194@;@0,5
"5607909000"@;@69 176@;@254 153@;@314 749@;@326 478@;@314 749@;@4 269@;@379 656@;@11 729@;@11 729@;@0,6@;@7 037,4@;@0,26
"7311001100"@;@47 608@;@48@;@402 573@;@1 014 192@;@402 573@;@@;@450 181@;@611 619@;@47 608@;@0,6@;@28 564,8@;@4,03
"8414308902"@;@6 566@;@@;@632@;@632@;@632@;@@;@7 198@;@0@;@0@;@0,3@;@0@;@0,52
"7411220000"@;@11 676@;@@;@3 542 858@;@3 542 858@;@1 330 542@;@2 212 316@;@1 342 218@;@0@;@0@;@0,7@;@0@;@0,14
"7304110005"@;@5 036 679@;@@;@@;@@;@@;@@;@5 036 679@;@@;@@;@0@;@@;@0,5
"1605531000"@;@109 245@;@@;@@;@@;@@;@@;@109 245@;@@;@@;@0@;@@;@0,5
"8413190000"@;@976 020@;@24 719@;@34 255@;@35 214@;@34 255@;@@;@985 556@;@959@;@959@;@0,6@;@575,4@;@0,62
"8544300001"@;@12 292 931@;@63 377@;@14 078 851@;@14 191 085@;@14 078 851@;@10 300@;@26 361 482@;@112 234@;@112 234@;@0,6@;@67 340,4@;@0,36
"0805509000"@;@805 561@;@25 869@;@@;@@;@@;@@;@805 561@;@@;@@;@0,3@;@@;@0,56
"7214100000"@;@316 404@;@@;@2 626 958@;@2 695 624@;@2 291 846@;@340 543@;@2 602 819@;@68 666@;@68 666@;@0,3@;@20 599,8@;@0,19
"207111000"@;@@;@@;@16 674 763@;@21 003 590@;@13 248 371@;@4 059 216@;@13 248 371@;@4 328 827@;@@;@0,3@;@@;@
"8467298501"@;@105 350@;@@;@@;@@;@@;@@;@105 350@;@@;@@;@0@;@@;@0,5
"7307931100"@;@4 165 545@;@328@;@1 929 786@;@2 818 702@;@1 729 600@;@75 532@;@6 019 471@;@888 916@;@888 916@;@1@;@888 916@;@0,61
"1108110000"@;@1 442 072@;@@;@@;@@;@@;@@;@1 442 072@;@@;@@;@0@;@@;@0,5
"8704419109"@;@@;@@;@201 517@;@287 881@;@27 366@;@174 151@;@27 366@;@86 364@;@@;@0,3@;@@;@
"0603130000"@;@47 609@;@@;@@;@@;@@;@@;@47 609@;@@;@@;@0@;@@;@0,5
"8207603000"@;@379 999@;@@;@@;@@;@@;@@;@379 999@;@@;@@;@0@;@@;@0,5
"8481109901"@;@6 371@;@@;@1 969@;@1 969@;@1 575@;@394@;@7 946@;@0@;@0@;@0,3@;@0@;@0,46
"7317009009"@;@@;@@;@790@;@790@;@790@;@@;@790@;@0@;@@;@0,3@;@@;@
"7304291003"@;@3 946 264@;@@;@@;@@;@@;@@;@3 946 264@;@@;@@;@0@;@@;@0,5
"8708805509"@;@530 872@;@227 409@;@@;@@;@@;@@;@530 872@;@@;@@;@0,3@;@@;@0,56
"1512199003"@;@@;@272 458@;@@;@@;@@;@@;@0@;@@;@@;@0,3@;@@;@
"4707309000"@;@1 431 666@;@@;@@;@@;@@;@@;@1 431 666@;@@;@@;@0@;@@;@0,5
"8507500000"@;@78 467@;@@;@@;@@;@@;@@;@78 467@;@@;@@;@0@;@@;@0,5
"0302849000"@;@78 889@;@@;@@;@@;@@;@@;@78 889@;@@;@@;@0@;@@;@0,5
"2101110013"@;@739 237@;@1 262 145@;@@;@@;@@;@@;@739 237@;@@;@@;@0,3@;@@;@0,56
"8461409000"@;@653@;@@;@@;@@;@@;@@;@653@;@@;@@;@0@;@@;@0,5
"8428399001"@;@32 259 275@;@@;@@;@@;@@;@@;@32 259 275@;@@;@@;@0@;@@;@0,5
"0704908000"@;@@;@1 532 437@;@@;@@;@@;@@;@0@;@@;@@;@0,3@;@@;@
"9619008101"@;@56 609 173@;@1 617 611@;@48 960 171@;@50 397 484@;@43 316 470@;@9 482 378@;@94 469 355@;@1 437 313@;@1 437 313@;@0,6@;@862 387,8@;@0,43
"5602290000"@;@235 176@;@@;@@;@@;@@;@@;@235 176@;@@;@@;@0@;@@;@0,5
"8703329093"@;@93 034@;@@;@@;@@;@@;@@;@93 034@;@@;@@;@0@;@@;@0,5
"6302100000"@;@@;@@;@22 895 467@;@23 525 531@;@16 692 273@;@6 214 121@;@16 692 273@;@630 064@;@@;@0,3@;@@;@
"4401210000"@;@14@;@@;@681 401@;@882 728@;@182 665@;@498 736@;@182 679@;@201 327@;@14@;@0,3@;@4,2@;@100
"2903690000"@;@51 256@;@@;@@;@@;@@;@@;@51 256@;@@;@@;@0@;@@;@0,5
"3206410000"@;@279 327@;@6 396 358@;@@;@@;@@;@@;@279 327@;@@;@@;@0,3@;@@;@0,56
"6103420009"@;@527 183@;@16 668 368@;@3 128 935@;@3 242 076@;@2 457 865@;@716 053@;@2 940 065@;@113 141@;@113 141@;@1@;@113 141@;@0,35
"0101299000"@;@4 396 028@;@@;@@;@@;@@;@@;@4 396 028@;@@;@@;@0@;@@;@0,5
"7208521000"@;@174 850@;@@;@@;@@;@@;@@;@174 850@;@@;@@;@0@;@@;@0,5
"8539299200"@;@3 301@;@@;@@;@@;@@;@@;@3 301@;@@;@@;@0@;@@;@0,5
"1516209601"@;@@;@105@;@172 964@;@3 747 553@;@172 964@;@@;@172 964@;@3 574 589@;@@;@0,6@;@@;@
"8402110001"@;@@;@@;@25 077@;@25 077@;@25 077@;@@;@25 077@;@0@;@@;@0,3@;@@;@
"2906290000"@;@1 092@;@@;@@;@@;@@;@@;@1 092@;@@;@@;@0@;@@;@0,5
"3822130000"@;@39 505@;@@;@@;@@;@@;@@;@39 505@;@@;@@;@0@;@@;@0,5
"3917321000"@;@@;@@;@797 228@;@797 228@;@797 228@;@@;@797 228@;@0@;@@;@0,3@;@@;@
"8432293000"@;@787 700@;@26 219@;@91 840@;@95 029@;@114 785@;@69 224@;@784 097@;@3 189@;@3 189@;@0,6@;@1 913,4@;@0,62
"2941203000"@;@66@;@@;@@;@@;@@;@@;@66@;@@;@@;@0@;@@;@0,5
"303110000"@;@@;@@;@726 362@;@810 952@;@722 116@;@79 178@;@722 116@;@84 590@;@@;@0,3@;@@;@
"7224900500"@;@@;@@;@4 015@;@4 015@;@4 015@;@@;@4 015@;@0@;@@;@0,3@;@@;@
"3810909000"@;@610 201@;@@;@1 110 318@;@1 178 775@;@1 110 318@;@@;@1 720 519@;@68 457@;@68 457@;@0,3@;@20 537,1@;@0,27
"8207801100"@;@36 503@;@13 030@;@59 251@;@59 251@;@59 251@;@@;@95 754@;@0@;@0@;@0,6@;@0@;@0,31
"307529000"@;@@;@@;@122 845@;@122 845@;@122 845@;@@;@122 845@;@0@;@@;@0,3@;@@;@
"8483102102"@;@@;@@;@4 029@;@4 772@;@4 029@;@@;@4 029@;@743@;@@;@0,3@;@@;@
"5109109000"@;@552@;@@;@@;@@;@@;@@;@552@;@@;@@;@0@;@@;@0,5
"8703605999"@;@1 849 758@;@@;@@;@@;@@;@@;@1 849 758@;@@;@@;@0@;@@;@0,5
"8460249000"@;@57 501@;@@;@@;@@;@@;@@;@57 501@;@@;@@;@0@;@@;@0,5
"9030339100"@;@143 778@;@1 287@;@@;@@;@@;@@;@143 778@;@@;@@;@0,3@;@@;@0,56
"7306900001"@;@570 826@;@525@;@105 862@;@107 086@;@105 862@;@46 508@;@629 655@;@1 224@;@1 224@;@0,6@;@734,4@;@0,57
"7606122002"@;@319 840@;@2 409 243@;@17 799 399@;@17 973 016@;@17 878 583@;@1 073 617@;@17 045 622@;@173 617@;@173 617@;@1@;@173 617@;@0,37
"9405920009"@;@@;@@;@3 709@;@4 636@;@2 650@;@10 431@;@2 650@;@927@;@@;@0,3@;@@;@
"0207259000"@;@110 826@;@@;@@;@@;@@;@@;@110 826@;@@;@@;@0@;@@;@0,5
"7304599300"@;@1 483 324@;@@;@@;@@;@@;@@;@1 483 324@;@@;@@;@0@;@@;@0,5
"1207290000"@;@368 500@;@@;@@;@@;@@;@@;@368 500@;@@;@@;@0@;@@;@0,5
"9403700002"@;@1 094 521@;@150@;@936 954@;@1 011 522@;@945 263@;@7 052@;@2 024 273@;@74 568@;@74 568@;@0,6@;@44 740,8@;@0,41
"6306120000"@;@3 294 758@;@9 524@;@1 539 446@;@1 555 927@;@1 470 947@;@71 240@;@4 753 440@;@16 481@;@16 481@;@1@;@16 481@;@0,55
"3827680000"@;@60 936@;@@;@@;@@;@@;@@;@60 936@;@@;@@;@0@;@@;@0,5
"4411920000"@;@@;@@;@435 019@;@435 019@;@435 019@;@@;@435 019@;@0@;@@;@0,3@;@@;@
"6110191009"@;@13 801@;@2 116@;@@;@@;@@;@@;@13 801@;@@;@@;@0,3@;@@;@0,56
"2921420001"@;@4 526 812@;@307 804@;@@;@@;@@;@@;@4 526 812@;@@;@@;@0,3@;@@;@0,56
"511919019"@;@@;@@;@1 841 653@;@1 841 653@;@1 841 653@;@@;@1 841 653@;@0@;@@;@0,3@;@@;@
"6204491000"@;@571 585@;@53 208@;@91 578@;@107 093@;@91 578@;@@;@609 955@;@15 515@;@15 515@;@1@;@15 515@;@0,68
"8207609000"@;@155 332@;@@;@5 449@;@5 449@;@5 449@;@@;@160 781@;@0@;@0@;@0,3@;@0@;@0,54
"2841500000"@;@21 897@;@@;@@;@@;@@;@@;@21 897@;@@;@@;@0,4@;@@;@0,58
"1904109000"@;@1 407 250@;@351 706@;@97 238@;@97 238@;@97 236@;@6@;@1 152 776@;@0@;@0@;@0,6@;@0@;@0,73
"1512199009"@;@375 873@;@@;@23 998 886@;@24 581 431@;@17 813 471@;@9 470 813@;@14 903 946@;@582 545@;@375 873@;@0,3@;@112 761,9@;@0,54
"6203228000"@;@10 915@;@78 781@;@5 800 867@;@5 927 113@;@5 716 327@;@171 481@;@5 640 301@;@126 246@;@10 915@;@1@;@10 915@;@3,67
"9406903908"@;@6 845 230@;@480 860@;@157 225@;@157 225@;@157 225@;@@;@6 521 595@;@0@;@0@;@1@;@0@;@0,72
"2303300000"@;@195 368@;@@;@622 524@;@622 524@;@623 435@;@@;@817 892@;@0@;@0@;@0,3@;@0@;@0,18
"5102200000"@;@@;@126 140@;@@;@@;@@;@@;@0@;@@;@@;@0,3@;@@;@
"3401110000"@;@@;@@;@2 025 263@;@2 029 517@;@2 095 746@;@208 750@;@2 095 746@;@4 254@;@@;@0,3@;@@;@
"7108120009"@;@46 439 005@;@@;@@;@@;@@;@@;@46 439 005@;@@;@@;@0@;@@;@0,5
"2710199400"@;@4 240 821@;@@;@2 328 303@;@2 328 303@;@2 135 920@;@192 383@;@6 376 741@;@0@;@0@;@0,7@;@0@;@0,47
"3815199000"@;@39 706 962@;@@;@519 340@;@2 492 832@;@399 971@;@399 971@;@39 826 331@;@1 973 492@;@1 973 492@;@0,3@;@592 047,6@;@0,57
"7013419000"@;@25 224@;@250@;@@;@@;@@;@@;@25 224@;@@;@@;@0,3@;@@;@0,56
"9028309000"@;@12 509@;@1 270@;@621 247@;@6 212 470@;@489 766@;@608 413@;@25 343@;@5 591 223@;@12 509@;@0,6@;@7 505,4@;@100
"8704239209"@;@28 222 847@;@1 319 849@;@2 542 575@;@2 625 373@;@2 185 623@;@356 952@;@29 088 621@;@82 798@;@82 798@;@1@;@82 798@;@0,69
"2921511900"@;@43 094@;@@;@@;@@;@@;@@;@43 094@;@@;@@;@0@;@@;@0,5
"4411939000"@;@76 231@;@@;@@;@@;@@;@@;@76 231@;@@;@@;@0,4@;@@;@0,58
"8542339000"@;@129 366@;@@;@@;@@;@@;@@;@129 366@;@@;@@;@0@;@@;@0,5
"0703101900"@;@1 436 201@;@65 475 312@;@@;@@;@@;@@;@1 436 201@;@@;@@;@0,7@;@@;@0,64
"8703241092"@;@2 914 202@;@@;@@;@@;@@;@@;@2 914 202@;@@;@@;@0@;@@;@0,5
"6302510001"@;@6 874@;@@;@@;@@;@@;@@;@6 874@;@@;@@;@0,4@;@@;@0,58
"6203499000"@;@490 605@;@61 883@;@1 179 802@;@1 179 802@;@1 179 802@;@352 499@;@1 317 908@;@0@;@0@;@1@;@0@;@0,39
"8523293905"@;@119@;@500@;@@;@@;@@;@@;@119@;@@;@@;@0,3@;@@;@0,56
"0602109000"@;@73 294@;@47 543@;@@;@@;@@;@@;@73 294@;@@;@@;@0,3@;@@;@0,56
"3808942000"@;@@;@@;@382 974@;@397 758@;@382 974@;@3 449@;@382 974@;@14 784@;@@;@0,3@;@@;@
"3301294100"@;@51 842@;@@;@@;@@;@@;@@;@51 842@;@@;@@;@0@;@@;@0,5
"5408229000"@;@112 497@;@439 075@;@2 810 162@;@2 810 162@;@2 810 162@;@@;@2 922 659@;@0@;@0@;@0,6@;@0@;@0,14
"3006103000"@;@@;@@;@70 815@;@70 815@;@70 815@;@@;@70 815@;@0@;@@;@0,3@;@@;@
"0601209000"@;@18 112 656@;@@;@@;@@;@@;@@;@18 112 656@;@@;@@;@0,4@;@@;@0,58
"2933210000"@;@21 766@;@@;@@;@@;@@;@@;@21 766@;@@;@@;@0@;@@;@0,5
"1902203000"@;@51 897@;@19 067@;@1 367 932@;@1 368 651@;@1 159 773@;@46 206@;@1 373 623@;@719@;@719@;@0,6@;@431,4@;@0,14
"0304898000"@;@395 467@;@@;@@;@@;@@;@@;@395 467@;@@;@@;@0@;@@;@0,5
"9022300000"@;@2 482 183@;@62 032@;@@;@@;@@;@@;@2 482 183@;@@;@@;@0,3@;@@;@0,56
"8523413000"@;@201 830@;@@;@@;@@;@@;@@;@201 830@;@@;@@;@0@;@@;@0,5
"8539221000"@;@@;@@;@730 286@;@730 286@;@381 828@;@348 459@;@381 828@;@0@;@@;@0,3@;@@;@
"8466201500"@;@@;@@;@790@;@790@;@790@;@@;@790@;@0@;@@;@0,3@;@@;@
"3920431000"@;@9 776 646@;@16 770@;@366 457@;@447 958@;@335 674@;@30 783@;@10 095 550@;@81 501@;@81 501@;@0,6@;@48 900,6@;@0,61
"2008707100"@;@26 605@;@@;@@;@@;@@;@@;@26 605@;@@;@@;@0@;@@;@0,5
"9508100000"@;@@;@5 950@;@@;@@;@@;@@;@0@;@@;@@;@0,3@;@@;@
"8205300000"@;@71 502@;@105@;@@;@@;@@;@@;@71 502@;@@;@@;@0,3@;@@;@0,56
"2009611007"@;@310@;@372 080@;@@;@@;@@;@@;@310@;@@;@@;@0,3@;@@;@0,56
"5101190000"@;@@;@@;@1 990 499@;@2 000 425@;@1 330 923@;@677 766@;@1 330 923@;@9 926@;@@;@0,3@;@@;@
"2009891908"@;@6 240@;@@;@@;@@;@@;@@;@6 240@;@@;@@;@0@;@@;@0,5
"4821909000"@;@244 884@;@1 332@;@325 635@;@362 095@;@325 627@;@8@;@570 511@;@36 460@;@36 460@;@1@;@36 460@;@0,46
"4706200000"@;@668 177@;@@;@15 069@;@15 069@;@15 069@;@@;@683 246@;@0@;@0@;@0,3@;@0@;@0,55
"6912002500"@;@4 387 011@;@64 539@;@@;@@;@@;@@;@4 387 011@;@@;@@;@0,3@;@@;@0,56
"8419899890"@;@79 037 707@;@311 515@;@107 400@;@107 400@;@106 271@;@1 130@;@78 832 462@;@0@;@0@;@1@;@0@;@0,7
"5402470000"@;@6 791 286@;@@;@@;@@;@@;@@;@6 791 286@;@@;@@;@0@;@@;@0,5
"2939690000"@;@1 510@;@@;@@;@@;@@;@@;@1 510@;@@;@@;@0@;@@;@0,5
"7005300000"@;@1 152@;@@;@@;@@;@@;@@;@1 152@;@@;@@;@0@;@@;@0,5
"7321810000"@;@1 866 951@;@18 991@;@1 516 142@;@1 676 493@;@2 007 150@;@164 669@;@3 199 433@;@160 351@;@160 351@;@0,6@;@96 210,6@;@0,44
"8483402500"@;@341 768@;@8 544@;@8 954 928@;@9 240 283@;@8 706 240@;@248 688@;@9 048 008@;@285 355@;@285 355@;@0,6@;@171 213@;@0,39
"2008991100"@;@@;@@;@15 484@;@18 581@;@13 462@;@5 309@;@13 462@;@3 097@;@@;@0,3@;@@;@
"2844430000"@;@229 609@;@4 789 172@;@@;@@;@@;@@;@229 609@;@@;@@;@0,3@;@@;@0,56
"2008605001"@;@18 197@;@8 597@;@@;@@;@@;@@;@18 197@;@@;@@;@0,3@;@@;@0,56
"5608191900"@;@160 738@;@@;@@;@@;@@;@@;@160 738@;@@;@@;@0@;@@;@0,5
"3919101900"@;@247 095@;@2 100@;@3 955 759@;@3 955 759@;@3 955 759@;@341 547@;@3 861 307@;@0@;@0@;@0,6@;@0@;@0,15
"8802400049"@;@20 000 000@;@2 800 000@;@@;@@;@@;@@;@20 000 000@;@@;@@;@0,3@;@@;@0,56
"1602100091"@;@584@;@@;@@;@@;@@;@@;@584@;@@;@@;@0@;@@;@0,5
"9032108900"@;@4 271 398@;@111 877@;@131 529@;@131 529@;@131 529@;@@;@4 291 050@;@0@;@0@;@0,6@;@0@;@0,62
"0811907500"@;@325 002@;@26 456 335@;@@;@@;@@;@@;@325 002@;@@;@@;@0,3@;@@;@0,56
"1212210000"@;@385 401@;@@;@3 071 602@;@3 073 334@;@2 479 092@;@593 918@;@2 863 085@;@1 732@;@1 732@;@0,3@;@519,6@;@0,13
"2309905100"@;@190 956@;@@;@43 554 100@;@46 405 925@;@36 226 731@;@9 286 685@;@34 458 371@;@2 851 825@;@190 956@;@0,3@;@57 286,8@;@4,54
"8507108009"@;@103 175@;@141 103@;@@;@@;@@;@@;@103 175@;@@;@@;@0,3@;@@;@0,56
"1517901000"@;@132 193@;@@;@3 503 063@;@3 553 327@;@3 256 035@;@392 840@;@3 242 416@;@50 264@;@50 264@;@0,7@;@35 184,8@;@0,27
"4407979001"@;@1 030 009@;@@;@@;@@;@@;@@;@1 030 009@;@@;@@;@0@;@@;@0,5
"3208901300"@;@@;@@;@4 084 746@;@4 485 061@;@3 036 034@;@765 751@;@3 036 034@;@400 315@;@@;@0,3@;@@;@
"7318165000"@;@105 899@;@1 994@;@13 426@;@17 382@;@12 873@;@553@;@116 778@;@3 956@;@3 956@;@1@;@3 956@;@0,66
"1701991009"@;@76 161 863@;@5 456@;@89 863@;@104 134@;@95 542@;@29 107@;@76 217 163@;@14 271@;@14 271@;@1@;@14 271@;@0,7
"8424108000"@;@@;@@;@43 772@;@43 772@;@43 772@;@@;@43 772@;@0@;@@;@0,3@;@@;@
"8714911001"@;@36 765@;@@;@@;@@;@@;@@;@36 765@;@@;@@;@0@;@@;@0,5
"6301301000"@;@12 511@;@111 496@;@289 065@;@309 938@;@121 948@;@168 914@;@132 662@;@20 873@;@12 511@;@1@;@12 511@;@0,75
"5205220002"@;@108 686@;@39 412 746@;@@;@@;@@;@@;@108 686@;@@;@@;@0,3@;@@;@0,56
"2006003500"@;@1 000@;@@;@@;@@;@@;@@;@1 000@;@@;@@;@0@;@@;@0,5
"7219149000"@;@346 493@;@@;@@;@@;@@;@@;@346 493@;@@;@@;@0@;@@;@0,5
"6116108000"@;@37 195@;@29 982@;@84 978@;@98 047@;@84 978@;@@;@122 173@;@13 069@;@13 069@;@1@;@13 069@;@0,46
"8462630099"@;@108 093@;@@;@@;@@;@@;@@;@108 093@;@@;@@;@0@;@@;@0,5
"4002199000"@;@3 019 582@;@@;@552 585@;@552 585@;@552 585@;@@;@3 572 167@;@0@;@0@;@0,3@;@0@;@0,48
"2801100000"@;@76 599@;@163 229@;@1 223 286@;@4 633 774@;@1 257 511@;@23 456@;@1 276 429@;@3 410 488@;@76 599@;@1@;@76 599@;@13,59
"6815120000"@;@159@;@@;@@;@@;@@;@@;@159@;@@;@@;@0@;@@;@0,5
"6307109000"@;@417 409@;@632 825@;@297 960@;@297 960@;@293 489@;@4 471@;@710 898@;@0@;@0@;@0,6@;@0@;@0,41
"7210610000"@;@645 956@;@@;@890 474@;@890 474@;@28 371@;@490 093@;@1 046 337@;@0@;@0@;@0,3@;@0@;@0,37
"8432391900"@;@1 628 485@;@7 800@;@@;@@;@@;@@;@1 628 485@;@@;@@;@0,3@;@@;@0,56
"5111301000"@;@263 884@;@@;@@;@@;@@;@@;@263 884@;@@;@@;@0@;@@;@0,5
"4407979002"@;@630 074@;@@;@@;@@;@@;@@;@630 074@;@@;@@;@0@;@@;@0,5
"8516607000"@;@720 089@;@2 612@;@@;@@;@@;@@;@720 089@;@@;@@;@0,3@;@@;@0,56
"7307191000"@;@364 492@;@@;@6 478@;@6 478@;@6 478@;@@;@370 970@;@0@;@0@;@0,3@;@0@;@0,55
"3208909900"@;@7 859 651@;@86 930@;@12 757 549@;@37 804 610@;@12 663 736@;@1 892 992@;@18 724 208@;@25 047 061@;@7 859 651@;@1@;@7 859 651@;@1,37
"8407909001"@;@752@;@@;@@;@@;@@;@@;@752@;@@;@@;@0@;@@;@0,5
"5810921000"@;@8 718@;@@;@@;@@;@@;@@;@8 718@;@@;@@;@0@;@@;@0,5
"8708919101"@;@18 809@;@@;@@;@@;@@;@@;@18 809@;@@;@@;@0@;@@;@0,5
"2933395000"@;@84@;@@;@@;@@;@@;@@;@84@;@@;@@;@0@;@@;@0,5
"9405490032"@;@338 213@;@659@;@@;@@;@@;@@;@338 213@;@@;@@;@0,3@;@@;@0,56
"0207279900"@;@10 829@;@@;@@;@@;@@;@@;@10 829@;@@;@@;@0@;@@;@0,5
"0308210000"@;@9 942@;@@;@@;@@;@@;@@;@9 942@;@@;@@;@0@;@@;@0,5
"4103900000"@;@1 348@;@@;@108 849@;@108 849@;@108 849@;@@;@110 197@;@0@;@0@;@0,3@;@0@;@0,07
"9619007109"@;@3 216 400@;@126 034@;@12 420 593@;@12 472 562@;@8 789 155@;@7 884 262@;@7 752 731@;@51 969@;@51 969@;@0,6@;@31 181,4@;@0,33
"2905392500"@;@26 890@;@@;@@;@@;@@;@@;@26 890@;@@;@@;@0@;@@;@0,5
"1604142100"@;@103 401@;@@;@@;@@;@@;@@;@103 401@;@@;@@;@0@;@@;@0,5
"2518100000"@;@170 127@;@@;@235 913@;@252 348@;@231 086@;@4 827@;@401 213@;@16 435@;@16 435@;@0,3@;@4 930,5@;@0,3
"2815300000"@;@26 875@;@@;@@;@@;@@;@@;@26 875@;@@;@@;@0@;@@;@0,5
"1602909100"@;@2 031@;@@;@@;@@;@@;@@;@2 031@;@@;@@;@0@;@@;@0,5
"7308901000"@;@@;@@;@15 832 360@;@21 349 761@;@15 752 135@;@516 679@;@15 752 135@;@5 517 401@;@@;@0,3@;@@;@
"4415101000"@;@7 852@;@2 780 038@;@3 082 522@;@3 280 284@;@2 986 003@;@104 585@;@2 985 789@;@197 762@;@7 852@;@1@;@7 852@;@7,76
"2009491908"@;@1 936@;@@;@@;@@;@@;@@;@1 936@;@@;@@;@0@;@@;@0,5
"8467223000"@;@1 159 910@;@16 708@;@2 519@;@3 704@;@2 519@;@@;@1 145 721@;@1 185@;@1 185@;@0,6@;@711@;@0,63
"2009903909"@;@64 427@;@@;@@;@@;@@;@@;@64 427@;@@;@@;@0@;@@;@0,5
"7203900000"@;@502 554@;@@;@4 108@;@4 746@;@4 108@;@@;@506 662@;@638@;@638@;@0,3@;@191,4@;@0,56
"8418102009"@;@177 059@;@1 578@;@113 367@;@113 367@;@113 367@;@@;@288 848@;@0@;@0@;@0,6@;@0@;@0,43
"1602318000"@;@7 426@;@@;@883 354@;@984 080@;@863 739@;@47 297@;@843 483@;@100 726@;@7 426@;@0,3@;@2 227,8@;@4,13
"4810921000"@;@10 049 671@;@36 816@;@205@;@205@;@205@;@@;@10 013 060@;@0@;@0@;@0,6@;@0@;@0,62
"8468800000"@;@125 930@;@@;@@;@@;@@;@@;@125 930@;@@;@@;@0@;@@;@0,5
"1104129000"@;@1 190 523@;@60@;@@;@@;@@;@@;@1 190 523@;@@;@@;@0,3@;@@;@0,56
"304310000"@;@@;@@;@566 109@;@595 465@;@566 109@;@@;@566 109@;@29 356@;@@;@0,3@;@@;@
"0304992300"@;@45 502@;@@;@@;@@;@@;@@;@45 502@;@@;@@;@0@;@@;@0,5
"3002490009"@;@409 194@;@@;@@;@@;@@;@@;@409 194@;@@;@@;@0@;@@;@0,5
"8419330009"@;@5 630 721@;@240@;@@;@@;@@;@@;@5 630 721@;@@;@@;@0,3@;@@;@0,56
"8542399090"@;@290 892@;@618@;@@;@@;@@;@@;@290 892@;@@;@@;@0,3@;@@;@0,56
"8531204000"@;@220 677@;@518@;@@;@@;@@;@@;@220 677@;@@;@@;@0,3@;@@;@0,56
"3906100000"@;@1 857 764@;@539 976@;@@;@@;@@;@@;@1 857 764@;@@;@@;@0,3@;@@;@0,56
"9405610005"@;@9 619@;@@;@@;@@;@@;@@;@9 619@;@@;@@;@0@;@@;@0,5
"3805909000"@;@10 176@;@@;@@;@@;@@;@@;@10 176@;@@;@@;@0@;@@;@0,5
"2710129008"@;@99 726 658@;@15 594 150@;@834 916@;@834 916@;@793 346@;@41 570@;@84 925 854@;@0@;@0@;@0,6@;@0@;@0,71
"711209000"@;@@;@@;@2 054@;@2 054@;@2 054@;@@;@2 054@;@0@;@@;@0,3@;@@;@
"1905319100"@;@2 597 432@;@758 212@;@393 158@;@393 876@;@380 963@;@13 916@;@2 218 462@;@718@;@718@;@1@;@718@;@0,79
"2933539000"@;@33@;@@;@@;@@;@@;@@;@33@;@@;@@;@0@;@@;@0,5
"2917320000"@;@4 910 592@;@34 055@;@@;@@;@@;@@;@4 910 592@;@@;@@;@0,3@;@@;@0,56
"7010909902"@;@9 461@;@@;@@;@@;@@;@@;@9 461@;@@;@@;@0@;@@;@0,5
"8701291011"@;@51 335 182@;@@;@@;@@;@@;@@;@51 335 182@;@@;@@;@0@;@@;@0,5
"2009711000"@;@@;@@;@11 118 334@;@11 118 334@;@2 231 078@;@8 959 833@;@2 231 078@;@0@;@@;@0,3@;@@;@
"7320901000"@;@40 512@;@17 641@;@1 951@;@1 951@;@1 951@;@@;@24 822@;@0@;@0@;@0,6@;@0@;@0,94
"9017101000"@;@26 170@;@@;@@;@@;@@;@@;@26 170@;@@;@@;@0@;@@;@0,5
"0702000007"@;@54 786@;@8 643 564@;@@;@@;@@;@@;@54 786@;@@;@@;@0,7@;@@;@0,64
"813501900"@;@@;@@;@241 426@;@293 835@;@241 426@;@@;@241 426@;@52 409@;@@;@0,3@;@@;@
"7304191001"@;@5 097 740@;@@;@@;@@;@@;@@;@5 097 740@;@@;@@;@0@;@@;@0,5
"2841300000"@;@56 906@;@@;@@;@@;@@;@@;@56 906@;@@;@@;@0@;@@;@0,5
"8414102000"@;@91 004@;@@;@52 266@;@52 359@;@52 266@;@@;@143 270@;@93@;@93@;@0,3@;@27,9@;@0,38
"6301209009"@;@34 496@;@@;@893@;@893@;@893@;@@;@35 389@;@0@;@0@;@0,7@;@0@;@0,63
"3213100000"@;@855 087@;@49@;@@;@@;@@;@@;@855 087@;@@;@@;@0,7@;@@;@0,64
"8412212002"@;@@;@@;@6 673@;@415 573@;@6 673@;@@;@6 673@;@408 900@;@@;@0,3@;@@;@
"7605290009"@;@189 464@;@@;@8 302 216@;@9 068 808@;@8 788 021@;@44 773@;@8 446 907@;@766 592@;@189 464@;@0,3@;@56 839,2@;@1,29
"2204219500"@;@199 004@;@@;@@;@@;@@;@@;@199 004@;@@;@@;@0@;@@;@0,5
"1602323000"@;@960 930@;@@;@@;@@;@@;@@;@960 930@;@@;@@;@0@;@@;@0,5
"8703231983"@;@@;@@;@@;@@;@@;@@;@0@;@@;@@;@0,4@;@@;@
"2401203500"@;@3 103 081@;@@;@@;@@;@@;@@;@3 103 081@;@@;@@;@0@;@@;@0,5
"8426300009"@;@3 969 890@;@@;@7 900@;@7 900@;@7 900@;@@;@3 977 790@;@0@;@0@;@0,3@;@0@;@0,56
"2202100000"@;@126 422 132@;@38 968 888@;@501 388 810@;@506 339 362@;@412 574 663@;@6 197 103@;@621 613 839@;@4 950 552@;@4 950 552@;@0,6@;@2 970 331,2@;@0,23
"5902209000"@;@54 608@;@@;@@;@@;@@;@@;@54 608@;@@;@@;@0@;@@;@0,5
"7204499000"@;@7 179 920@;@@;@542 795@;@623 332@;@542 795@;@165 903@;@7 556 812@;@80 537@;@80 537@;@0,3@;@24 161,1@;@0,54
"2701200000"@;@@;@@;@168 880@;@168 880@;@163 108@;@5 772@;@163 108@;@0@;@@;@0,7@;@@;@
"4005200000"@;@83 622@;@@;@@;@@;@@;@@;@83 622@;@@;@@;@0@;@@;@0,5
"9307000000"@;@28 952@;@780@;@@;@@;@@;@@;@28 952@;@@;@@;@0,7@;@@;@0,64
"0602101000"@;@@;@@;@@;@@;@@;@@;@0@;@@;@@;@0,4@;@@;@
"8407349908"@;@287 367@;@67 882@;@@;@@;@@;@@;@287 367@;@@;@@;@0,3@;@@;@0,56
"5407209000"@;@894 932@;@@;@4 016@;@4 016@;@3 358@;@658@;@898 290@;@0@;@0@;@0,3@;@0@;@0,56
"8604000000"@;@2 687 832@;@394 335@;@5 333@;@5 333@;@5 333@;@4 148@;@2 294 682@;@0@;@0@;@0,6@;@0@;@0,71
"1605400009"@;@5 371@;@@;@@;@@;@@;@@;@5 371@;@@;@@;@0@;@@;@0,5
"3921190000"@;@3 451 794@;@261 773@;@5 236 881@;@5 365 981@;@4 150 311@;@908 370@;@7 780 305@;@129 100@;@129 100@;@0,6@;@77 460@;@0,35
"8708705009"@;@4 738 827@;@210 498@;@@;@@;@@;@@;@4 738 827@;@@;@@;@0,3@;@@;@0,56
"1207999100"@;@236 123@;@@;@@;@@;@@;@@;@236 123@;@@;@@;@0@;@@;@0,5
"5407730000"@;@2 142 325@;@15 647@;@28 059@;@28 059@;@28 059@;@@;@2 154 737@;@0@;@0@;@0,6@;@0@;@0,62
"6107990000"@;@230 613@;@360 485@;@1 044 239@;@1 067 567@;@213 365@;@10 472@;@1 264 380@;@23 328@;@23 328@;@0,6@;@13 996,8@;@0,24
"9022130000"@;@1 657 156@;@@;@@;@@;@@;@@;@1 657 156@;@@;@@;@0@;@@;@0,5
"7216501000"@;@7 143 205@;@25 919@;@@;@@;@@;@@;@7 143 205@;@@;@@;@0,3@;@@;@0,56
"0106141010"@;@@;@@;@@;@@;@@;@@;@0@;@@;@@;@0,4@;@@;@
"1102901000"@;@@;@@;@1 294 077@;@1 294 077@;@1 294 077@;@107 659@;@1 294 077@;@0@;@@;@0,3@;@@;@
"0709939000"@;@2 350@;@1 041 565@;@@;@@;@@;@@;@2 350@;@@;@@;@0,3@;@@;@0,56
"8528621000"@;@457 695@;@@;@@;@@;@@;@@;@457 695@;@@;@@;@0@;@@;@0,5
"0407299000"@;@@;@936@;@@;@@;@@;@@;@0@;@@;@@;@0,3@;@@;@
"2206003100"@;@4 216@;@1 442@;@@;@@;@@;@@;@4 216@;@@;@@;@0,3@;@@;@0,56
"6403911100"@;@199 636@;@6 219@;@1 331 948@;@1 349 706@;@1 161 951@;@169 996@;@1 361 588@;@17 758@;@17 758@;@1@;@17 758@;@0,3
"9003900001"@;@235@;@@;@@;@@;@@;@@;@235@;@@;@@;@0@;@@;@0,5
"1905409000"@;@775 403@;@10 341@;@7 902 626@;@7 902 626@;@424 743@;@7 478 469@;@1 199 560@;@0@;@0@;@0,6@;@0@;@0,44
"8412218008"@;@11 313 895@;@46 343@;@41 524@;@450 424@;@40 733@;@791@;@11 308 285@;@408 900@;@408 900@;@0,6@;@245 340@;@0,63
"2007995008"@;@193 050@;@617@;@@;@@;@@;@@;@193 050@;@@;@@;@0,3@;@@;@0,56
"2204217600"@;@21 986@;@@;@@;@@;@@;@@;@21 986@;@@;@@;@0@;@@;@0,5
"8517693100"@;@21 587@;@@;@@;@@;@@;@@;@21 587@;@@;@@;@0@;@@;@0,5
"8471702000"@;@193 159@;@@;@@;@@;@@;@@;@193 159@;@@;@@;@0@;@@;@0,5
"8451808009"@;@15 302 916@;@3 708@;@@;@@;@@;@@;@15 302 916@;@@;@@;@0,3@;@@;@0,56
"8467990009"@;@372 892@;@3 639@;@@;@@;@@;@@;@372 892@;@@;@@;@0,3@;@@;@0,56
"9015209000"@;@202 751@;@2 270@;@@;@@;@@;@@;@202 751@;@@;@@;@0,3@;@@;@0,56
"4303109090"@;@132@;@43 511@;@@;@@;@@;@@;@132@;@@;@@;@0,3@;@@;@0,56
"8408102200"@;@@;@@;@290 628@;@415 183@;@290 628@;@@;@290 628@;@124 555@;@@;@0,3@;@@;@
"402999100"@;@@;@@;@8 946 436@;@8 947 384@;@8 848 540@;@100 013@;@8 848 540@;@948@;@@;@0,3@;@@;@
"8539213009"@;@55 479@;@1 215@;@@;@@;@@;@@;@55 479@;@@;@@;@0,3@;@@;@0,56
"7219310000"@;@23 419@;@@;@2 411 445@;@2 424 710@;@2 400 299@;@11 145@;@2 423 719@;@13 265@;@13 265@;@0,3@;@3 979,5@;@0,23
"8501640000"@;@16 086 264@;@99 399@;@59 725@;@59 725@;@59 725@;@@;@16 046 590@;@0@;@0@;@1@;@0@;@0,7
"4001220000"@;@3 383 168@;@@;@@;@@;@@;@@;@3 383 168@;@@;@@;@0@;@@;@0,5
"4811600000"@;@1 204 576@;@10 659@;@@;@@;@@;@@;@1 204 576@;@@;@@;@0,3@;@@;@0,56
"8487901000"@;@@;@@;@39 633@;@39 633@;@39 633@;@@;@39 633@;@0@;@@;@0,3@;@@;@
"8501529009"@;@1 870 953@;@16 000@;@859 464@;@1 585 409@;@806 673@;@52 791@;@2 661 626@;@725 945@;@725 945@;@1@;@725 945@;@0,67
"4804491000"@;@@;@@;@374 170@;@374 170@;@374 170@;@276 616@;@374 170@;@0@;@@;@0,3@;@@;@
"6210101000"@;@340@;@@;@483 781@;@519 646@;@482 945@;@16 729@;@467 392@;@35 865@;@340@;@0,7@;@238@;@31,79
"3004310000"@;@4 309 604@;@230@;@271 518@;@326 215@;@249 294@;@23 585@;@4 557 307@;@54 697@;@54 697@;@0,6@;@32 818,2@;@0,6
"5210410000"@;@363 993@;@@;@@;@@;@@;@@;@363 993@;@@;@@;@0@;@@;@0,5
"9002200000"@;@6 511@;@180@;@1 090@;@1 434@;@20 784@;@1 816@;@5 605@;@344@;@344@;@0,6@;@206,4@;@0,72
"7302105000"@;@991 652@;@@;@11 497@;@12 774@;@11 497@;@@;@1 003 149@;@1 277@;@1 277@;@0,3@;@383,1@;@0,55
"0712310000"@;@3 867@;@@;@@;@@;@@;@@;@3 867@;@@;@@;@0@;@@;@0,5
"6704110000"@;@6 701@;@@;@@;@@;@@;@@;@6 701@;@@;@@;@0@;@@;@0,5
"1602509509"@;@1 123 203@;@291 231@;@124 603@;@155 903@;@85 232@;@45 518@;@911 057@;@31 300@;@31 300@;@0,6@;@18 780@;@0,74
"8516101100"@;@254 944@;@6 197@;@349 116@;@355 440@;@349 116@;@@;@604 060@;@6 324@;@6 324@;@0,6@;@3 794,4@;@0,34
"8711201000"@;@148 360@;@@;@5 568 629@;@5 577 292@;@5 135 922@;@2 921 777@;@2 795 212@;@8 663@;@8 663@;@0,3@;@2 598,9@;@0,1
"6001910000"@;@@;@3 598 188@;@19 682 253@;@20 006 383@;@14 392 433@;@787 767@;@18 894 486@;@324 130@;@@;@0,6@;@@;@
"5112909800"@;@60 526@;@@;@@;@@;@@;@@;@60 526@;@@;@@;@0@;@@;@0,5
"9405690009"@;@1 427 405@;@68 838@;@51 351@;@54 372@;@51 351@;@@;@1 409 918@;@3 021@;@3 021@;@1@;@3 021@;@0,71
"8709900000"@;@5 023@;@@;@63 262@;@65 079@;@63 262@;@37 394@;@30 891@;@1 817@;@1 817@;@0,3@;@545,1@;@0,25
"3602000000"@;@3 512 317@;@@;@4 390 354@;@4 391 685@;@4 232 351@;@24 080@;@7 878 591@;@1 331@;@1 331@;@0,7@;@931,7@;@0,36
"2009897101"@;@@;@@;@6 068 683@;@6 069 190@;@7 275 120@;@197 829@;@7 275 120@;@507@;@@;@0,3@;@@;@
"9401310000"@;@39 441@;@@;@3 477 539@;@3 544 932@;@3 445 012@;@86 875@;@3 430 105@;@67 393@;@39 441@;@0,7@;@27 608,7@;@0,66
"3809105000"@;@24 119@;@@;@@;@@;@@;@@;@24 119@;@@;@@;@0@;@@;@0,5
"6207990000"@;@@;@@;@208 611@;@208 611@;@106 982@;@101 629@;@106 982@;@0@;@@;@0,3@;@@;@
"2715000000"@;@28 271 449@;@82 213@;@11 164 461@;@11 369 470@;@9 429 809@;@1 734 698@;@37 618 999@;@205 009@;@205 009@;@1@;@205 009@;@0,58
"8527929000"@;@547@;@@;@@;@@;@@;@@;@547@;@@;@@;@0@;@@;@0,5
"6212900000"@;@40 014@;@18 532@;@9 464@;@11 960@;@9 464@;@@;@30 946@;@2 496@;@2 496@;@0,6@;@1 497,6@;@0,79
"8436210000"@;@1 762 464@;@39 460@;@442 537@;@442 537@;@442 537@;@@;@2 165 541@;@0@;@0@;@1@;@0@;@0,61
"5810991000"@;@1 286@;@4 132@;@@;@@;@@;@@;@1 286@;@@;@@;@0,3@;@@;@0,56
"3808914500"@;@1 644 448@;@816 243@;@@;@@;@@;@@;@1 644 448@;@@;@@;@0,3@;@@;@0,56
"7222203900"@;@22 804@;@@;@790@;@2 765@;@790@;@@;@23 594@;@1 975@;@1 975@;@0,3@;@592,5@;@0,57
"8407332000"@;@195 164@;@@;@@;@@;@@;@@;@195 164@;@@;@@;@0@;@@;@0,5
"2001100000"@;@223 895@;@2 758 246@;@2 561 989@;@2 691 972@;@1 646 804@;@1 449 054@;@1 336 830@;@129 983@;@129 983@;@1@;@129 983@;@0,46
"4015120001"@;@6 461@;@551 588@;@2 128 004@;@4 719 634@;@4 760 146@;@438 223@;@1 696 242@;@2 591 630@;@6 461@;@1@;@6 461@;@100
"7208519100"@;@370 580@;@@;@@;@@;@@;@@;@370 580@;@@;@@;@0@;@@;@0,5
"3920208000"@;@419 869@;@627@;@2 298 195@;@2 318 958@;@2 294 273@;@5 394@;@2 712 670@;@20 763@;@20 763@;@0,6@;@12 457,8@;@0,21
"0301998500"@;@@;@125 794@;@@;@@;@@;@@;@0@;@@;@@;@0,3@;@@;@
"4403110009"@;@4 498@;@@;@@;@@;@@;@@;@4 498@;@@;@@;@0@;@@;@0,5
"5206340008"@;@@;@@;@@;@@;@@;@@;@0@;@@;@@;@0,4@;@@;@
"8454309001"@;@2 858 872@;@@;@8@;@88@;@8@;@@;@2 858 880@;@80@;@80@;@0,3@;@24@;@0,56
"2915609000"@;@21 426@;@@;@@;@@;@@;@@;@21 426@;@@;@@;@0@;@@;@0,5
"7224900300"@;@@;@@;@3 650@;@3 650@;@3 650@;@@;@3 650@;@0@;@@;@0,3@;@@;@
"8708709909"@;@17 852 298@;@596 488@;@9 221 102@;@9 272 431@;@10 485 983@;@1 026 611@;@25 450 301@;@51 329@;@51 329@;@0,6@;@30 797,4@;@0,47
"8480301000"@;@29 270@;@1 400@;@@;@@;@@;@@;@29 270@;@@;@@;@0,3@;@@;@0,56
"0104101000"@;@20 947 820@;@@;@@;@@;@@;@@;@20 947 820@;@@;@@;@0@;@@;@0,5
"4421999500"@;@@;@@;@3 839@;@3 839@;@3 839@;@@;@3 839@;@0@;@@;@0,3@;@@;@
"6203491900"@;@197 947@;@184 816@;@1 075 942@;@1 093 948@;@997 545@;@373 645@;@900 244@;@18 006@;@18 006@;@1@;@18 006@;@0,34
"2208307900"@;@17 282@;@@;@@;@@;@@;@@;@17 282@;@@;@@;@0@;@@;@0,5
"2208202600"@;@3 607@;@@;@@;@@;@@;@@;@3 607@;@@;@@;@0@;@@;@0,5
"8419500009"@;@@;@@;@@;@@;@@;@@;@0@;@@;@@;@0,4@;@@;@
"7209279009"@;@12 643 047@;@106 687@;@@;@@;@@;@@;@12 643 047@;@@;@@;@0,3@;@@;@0,56
"7314120000"@;@135 879@;@@;@1 334 678@;@1 334 678@;@988 741@;@380 324@;@1 090 233@;@0@;@0@;@0,3@;@0@;@0,12
"8508190001"@;@12 519 304@;@3 473 336@;@4 818 974@;@6 989 163@;@4 037 986@;@942 303@;@12 922 639@;@2 170 189@;@2 170 189@;@1@;@2 170 189@;@0,74
"7312104100"@;@674 867@;@@;@1 155 042@;@1 155 042@;@1 155 042@;@@;@1 829 909@;@0@;@0@;@0,3@;@0@;@0,24
"3204180000"@;@6 675@;@4 339@;@@;@@;@@;@@;@6 675@;@@;@@;@0,3@;@@;@0,56
"8430200000"@;@67 455@;@@;@@;@@;@@;@@;@67 455@;@@;@@;@0@;@@;@0,5
"9401510000"@;@@;@@;@89 132@;@123 209@;@82 915@;@6 217@;@82 915@;@34 077@;@@;@0,3@;@@;@
"8906901000"@;@183 084@;@@;@@;@@;@@;@@;@183 084@;@@;@@;@0@;@@;@0,5
"7214991000"@;@156 215@;@541 740@;@126 689@;@254 351@;@6 869 851@;@353 234@;@-70 330@;@127 662@;@127 662@;@1@;@127 662@;@0
"2006009900"@;@322 888@;@89 572@;@50 610@;@63 263@;@40 942@;@11 410@;@272 516@;@12 653@;@12 653@;@0,6@;@7 591,8@;@0,72
"0402101100"@;@230@;@281@;@@;@@;@@;@@;@230@;@@;@@;@0,3@;@@;@0,56
"9508260000"@;@313 423@;@@;@@;@@;@@;@@;@313 423@;@@;@@;@0@;@@;@0,5
"803109000"@;@@;@@;@14 442 846@;@14 445 603@;@12 491 223@;@2 128 013@;@12 491 223@;@2 757@;@@;@0,3@;@@;@
"2836991100"@;@55 841@;@10@;@@;@@;@@;@@;@55 841@;@@;@@;@0,3@;@@;@0,56
"7607199009"@;@17 235 685@;@448@;@@;@@;@@;@@;@17 235 685@;@@;@@;@0,3@;@@;@0,56
"1512211000"@;@@;@@;@39 506 593@;@39 773 495@;@26 790 810@;@12 261 813@;@26 790 810@;@266 902@;@@;@0,3@;@@;@
"3004320009"@;@@;@@;@2 121 003@;@2 302 895@;@1 937 940@;@524 078@;@1 937 940@;@181 892@;@@;@0,3@;@@;@
"2204214400"@;@1 810@;@@;@@;@@;@@;@@;@1 810@;@@;@@;@0@;@@;@0,5
"9506620000"@;@3 552 573@;@3 709@;@12 192 562@;@12 371 663@;@8 233 551@;@5 848 508@;@9 896 627@;@179 101@;@179 101@;@1@;@179 101@;@0,39
"8410110000"@;@2 193 660@;@@;@1 422 251@;@1 777 814@;@1 422 251@;@@;@3 615 911@;@355 563@;@355 563@;@0,3@;@106 668,9@;@0,41
"9030390009"@;@764 765@;@190 286@;@@;@@;@@;@@;@764 765@;@@;@@;@0,3@;@@;@0,56
"4408101502"@;@@;@@;@39 501@;@39 501@;@39 501@;@@;@39 501@;@0@;@@;@0,7@;@@;@
"2903290000"@;@17@;@@;@@;@@;@@;@@;@17@;@@;@@;@0@;@@;@0,5
"2828900000"@;@127 156@;@16 338@;@3 445 846@;@4 597 217@;@3 461 401@;@82 097@;@3 490 905@;@1 151 371@;@127 156@;@1@;@127 156@;@2,93
"8414401000"@;@1 711 059@;@8 994@;@316 488@;@318 097@;@316 488@;@@;@2 018 553@;@1 609@;@1 609@;@0,6@;@965,4@;@0,54
"3920102400"@;@2 019 682@;@1 910 471@;@11 899 411@;@13 073 868@;@12 732 617@;@3 697 636@;@10 221 457@;@1 174 457@;@1 174 457@;@1@;@1 174 457@;@0,47
"8716393001"@;@6 825 350@;@29 392 130@;@31 400 502@;@31 422 806@;@30 552 695@;@591 232@;@37 634 620@;@22 304@;@22 304@;@1@;@22 304@;@0,29
"0304610000"@;@7 593@;@@;@@;@@;@@;@@;@7 593@;@@;@@;@0@;@@;@0,5
"9405102101"@;@@;@@;@45 443@;@45 443@;@39 763@;@5 680@;@39 763@;@0@;@@;@0,3@;@@;@
"0808309000"@;@6 841 237@;@619 317@;@@;@@;@@;@@;@6 841 237@;@@;@@;@0,7@;@@;@0,64
"9405210011"@;@9 901@;@@;@@;@@;@@;@@;@9 901@;@@;@@;@0@;@@;@0,5
"8716398007"@;@28 718 605@;@1 105 905@;@@;@@;@@;@@;@28 718 605@;@@;@@;@0,3@;@@;@0,56
"8528523000"@;@3 841@;@@;@@;@@;@@;@@;@3 841@;@@;@@;@0@;@@;@0,5
"406901700"@;@@;@@;@402 798@;@402 798@;@402 798@;@216@;@402 798@;@0@;@@;@0,3@;@@;@
"5208520000"@;@1 222 890@;@25 295 645@;@6 331 595@;@6 514 160@;@7 344 824@;@432 338@;@7 122 147@;@182 565@;@182 565@;@1@;@182 565@;@0,33
"2941300009"@;@19 236@;@@;@@;@@;@@;@@;@19 236@;@@;@@;@0@;@@;@0,5
"8708923509"@;@1 302 007@;@95 412@;@31 574 534@;@31 574 534@;@31 020 476@;@247 192@;@32 629 349@;@0@;@0@;@0,6@;@0@;@0,14
"6102309000"@;@606 751@;@96 228@;@415 943@;@415 943@;@415 943@;@@;@926 466@;@0@;@0@;@1@;@0@;@0,53
"6208110000"@;@3 868@;@@;@3 555@;@3 555@;@3 555@;@@;@7 423@;@0@;@0@;@0,3@;@0@;@0,32
"7113190000"@;@9 137 355@;@26 164 834@;@81 485 578@;@81 485 578@;@75 509 370@;@3 861 559@;@86 761 374@;@0@;@0@;@0,6@;@0@;@0,17
"5205140002"@;@193 873@;@193 034 984@;@8 107 679@;@8 107 679@;@7 238 663@;@2 443 481@;@5 858 071@;@0@;@0@;@0,6@;@0@;@0,14
"8428320000"@;@2 196 827@;@41 005@;@24 102@;@26 741@;@14 227@;@9 875@;@2 170 049@;@2 639@;@2 639@;@0,6@;@1 583,4@;@0,63
"8516400000"@;@7 197 920@;@12 980@;@@;@@;@@;@@;@7 197 920@;@@;@@;@0,3@;@@;@0,56
"7501100000"@;@@;@@;@21 133 661@;@21 133 661@;@21 133 661@;@@;@21 133 661@;@0@;@@;@0,3@;@@;@
"2711129400"@;@11 197 775@;@@;@@;@@;@@;@@;@11 197 775@;@@;@@;@0@;@@;@0,5
"2106909808"@;@62 660 958@;@2 177 545@;@3 678 120@;@3 815 796@;@3 669 798@;@50 787@;@64 110 746@;@137 676@;@137 676@;@1@;@137 676@;@0,69
"3808913500"@;@512 648@;@@;@@;@@;@@;@@;@512 648@;@@;@@;@0@;@@;@0,5
"5212111000"@;@1 966@;@61 046@;@31 232 789@;@31 577 599@;@16 544 260@;@15 231 306@;@16 003 449@;@344 810@;@1 966@;@0,6@;@1 179,6@;@52,74
"0106410002"@;@@;@1 939 850@;@@;@@;@@;@@;@0@;@@;@@;@0,3@;@@;@
"6401929000"@;@41 507@;@1 457 977@;@13 290 648@;@13 346 599@;@11 485 814@;@3 190 538@;@10 141 617@;@55 951@;@41 507@;@1@;@41 507@;@0,61
"3917239000"@;@1 237 034@;@671 379@;@21 840 099@;@26 572 609@;@8 313 256@;@1 814 088@;@21 263 045@;@4 732 510@;@1 237 034@;@1@;@1 237 034@;@1,38
"8542399010"@;@824 053@;@@;@@;@@;@@;@@;@824 053@;@@;@@;@0@;@@;@0,5
"4903000000"@;@271 087@;@8 622@;@@;@@;@@;@@;@271 087@;@@;@@;@0,7@;@@;@0,64
"8519891100"@;@12 105@;@@;@@;@@;@@;@@;@12 105@;@@;@@;@0@;@@;@0,5
"5205320000"@;@@;@@;@102 789 125@;@103 034 088@;@115 563 754@;@9 142 792@;@115 563 754@;@244 963@;@@;@0,3@;@@;@
"8708942009"@;@34 872 496@;@506 342@;@@;@@;@@;@@;@34 872 496@;@@;@@;@0,7@;@@;@0,64
"8536201003"@;@90 825@;@@;@@;@@;@@;@@;@90 825@;@@;@@;@0@;@@;@0,5
"2903490000"@;@1 875@;@@;@@;@@;@@;@@;@1 875@;@@;@@;@0@;@@;@0,5
"3405100000"@;@734 139@;@1 274@;@151 363@;@169 829@;@151 363@;@154@;@884 074@;@18 466@;@18 466@;@0,6@;@11 079,6@;@0,54
"8433111000"@;@267 496@;@@;@@;@@;@@;@@;@267 496@;@@;@@;@0,4@;@@;@0,58
"3909310000"@;@15 447 327@;@1 226@;@@;@@;@@;@@;@15 447 327@;@@;@@;@0,3@;@@;@0,56
"6802919000"@;@@;@@;@2 283 619@;@2 471 554@;@671 104@;@63 926@;@671 104@;@187 935@;@@;@0,3@;@@;@
"5103209100"@;@@;@@;@75 416@;@75 416@;@80 817@;@5 401@;@80 817@;@0@;@@;@0,3@;@@;@
"7209179001"@;@51 186 002@;@@;@@;@@;@@;@@;@51 186 002@;@@;@@;@0@;@@;@0,5
"5503400000"@;@171 149@;@@;@19 304@;@19 304@;@19 304@;@@;@190 453@;@0@;@0@;@0,3@;@0@;@0,51
"8907900009"@;@629 246@;@439@;@@;@@;@@;@@;@629 246@;@@;@@;@0,3@;@@;@0,56
"7301200000"@;@103 045@;@2 351 546@;@@;@@;@@;@@;@103 045@;@@;@@;@0,3@;@@;@0,56
"8518900003"@;@1 794@;@@;@@;@@;@@;@@;@1 794@;@@;@@;@0@;@@;@0,5
"3916905000"@;@2 696 385@;@108 029@;@26 423@;@26 423@;@26 423@;@83 487@;@2 531 292@;@0@;@0@;@1@;@0@;@0,73
"4418998000"@;@@;@@;@837 733@;@1 200 345@;@817 683@;@26 486@;@817 683@;@362 612@;@@;@0,3@;@@;@
"8501320001"@;@677@;@291@;@7 575@;@7 575@;@7 575@;@@;@8 252@;@0@;@0@;@0,6@;@0@;@0,16
"8405900000"@;@268 876@;@@;@@;@@;@@;@@;@268 876@;@@;@@;@0@;@@;@0,5
"3004900008"@;@19 416 812@;@574 862@;@@;@@;@@;@@;@19 416 812@;@@;@@;@0,7@;@@;@0,64
"8483608000"@;@3 164 970@;@175 112@;@2 189 162@;@2 189 322@;@1 989 349@;@76 147@;@5 102 873@;@160@;@160@;@1@;@160@;@0,51
"8441101009"@;@1 696 510@;@146 518@;@@;@@;@@;@@;@1 696 510@;@@;@@;@0,3@;@@;@0,56
"9027500000"@;@19 477 055@;@283 671@;@@;@@;@@;@@;@19 477 055@;@@;@@;@0,3@;@@;@0,56
"2621900000"@;@85 687@;@19 989@;@7 234@;@7 365@;@7 234@;@@;@72 932@;@131@;@131@;@0,6@;@78,6@;@0,71
"0403203300"@;@259@;@@;@@;@@;@@;@@;@259@;@@;@@;@0@;@@;@0,5
"6114900000"@;@9 770@;@12 354@;@349 347@;@351 541@;@349 347@;@2 194@;@356 923@;@2 194@;@2 194@;@1@;@2 194@;@0,28
"7312109800"@;@2 271 418@;@36 670@;@7 267@;@7 267@;@7 267@;@@;@2 242 015@;@0@;@0@;@0,6@;@0@;@0,63
"2302500000"@;@174 855@;@@;@459 141@;@459 141@;@459 141@;@@;@633 996@;@0@;@0@;@0,3@;@0@;@0,2
"8411826001"@;@6 195 000@;@@;@1 350 924@;@1 350 924@;@1 151 219@;@75 051@;@7 470 873@;@0@;@0@;@0,3@;@0@;@0,47
"8462900011"@;@158 954@;@@;@@;@@;@@;@@;@158 954@;@@;@@;@0@;@@;@0,5
"8414592000"@;@5 885 262@;@195 418@;@2 085 615@;@2 115 638@;@1 882 776@;@166 706@;@7 608 753@;@30 023@;@30 023@;@1@;@30 023@;@0,59
"3102210000"@;@5 086@;@1 136 216@;@33 687 783@;@40 784 511@;@28 303 042@;@13 005 839@;@20 687 030@;@7 096 728@;@5 086@;@1@;@5 086@;@100
"0603900000"@;@3 484@;@9@;@@;@@;@@;@@;@3 484@;@@;@@;@0,7@;@@;@0,64
"1207919000"@;@416 599@;@@;@@;@@;@@;@@;@416 599@;@@;@@;@0@;@@;@0,5
"8703211091"@;@180 416@;@9 953@;@@;@@;@@;@@;@180 416@;@@;@@;@0,7@;@@;@0,64
"3808590009"@;@128 408@;@@;@@;@@;@@;@@;@128 408@;@@;@@;@0@;@@;@0,5
"7227901000"@;@@;@@;@12 410@;@13 789@;@12 410@;@@;@12 410@;@1 379@;@@;@0,3@;@@;@
"2204211900"@;@1 850@;@@;@@;@@;@@;@@;@1 850@;@@;@@;@0@;@@;@0,5
"0601109000"@;@56 437@;@@;@@;@@;@@;@@;@56 437@;@@;@@;@0,4@;@@;@0,58
"3827650000"@;@179 039@;@@;@@;@@;@@;@@;@179 039@;@@;@@;@0@;@@;@0,5
"7010902100"@;@76 393@;@33@;@@;@@;@@;@@;@76 393@;@@;@@;@0,3@;@@;@0,56
"7019720009"@;@30 030@;@@;@3 934@;@5 901@;@3 934@;@@;@33 964@;@1 967@;@1 967@;@0,3@;@590,1@;@0,52
"3507100000"@;@110 343@;@@;@@;@@;@@;@@;@110 343@;@@;@@;@0@;@@;@0,5
"8419390003"@;@64 055@;@@;@@;@@;@@;@@;@64 055@;@@;@@;@0@;@@;@0,5
"5802190000"@;@@;@@;@8 662 703@;@9 097 321@;@4 801 854@;@1 574 212@;@4 801 854@;@434 618@;@@;@0,3@;@@;@
"8408103900"@;@43 765@;@@;@1 350 924@;@1 350 924@;@1 151 219@;@75 051@;@1 319 638@;@0@;@0@;@0,3@;@0@;@0,08
"5512991000"@;@196 586@;@@;@@;@@;@@;@@;@196 586@;@@;@@;@0@;@@;@0,5
"9020000000"@;@1 636 733@;@7 071@;@11 376@;@11 376@;@11 376@;@@;@1 641 038@;@0@;@0@;@0,6@;@0@;@0,62
"8703219010"@;@@;@@;@6 092 377@;@6 092 377@;@6 092 377@;@@;@6 092 377@;@0@;@@;@0,3@;@@;@
"7326199001"@;@1 648@;@@;@790@;@790@;@790@;@@;@2 438@;@0@;@0@;@0,3@;@0@;@0,4
"9508210000"@;@37 203@;@@;@@;@@;@@;@@;@37 203@;@@;@@;@0,4@;@@;@0,58
"2504100000"@;@425 484@;@@;@330 961@;@336 197@;@329 569@;@3 512@;@752 933@;@5 236@;@5 236@;@0,3@;@1 570,8@;@0,35
"2008606001"@;@1 279@;@195 299@;@@;@@;@@;@@;@1 279@;@@;@@;@0,3@;@@;@0,56
"5207100002"@;@@;@460@;@2 834@;@2 834@;@2 834@;@480@;@2 354@;@0@;@@;@0,6@;@@;@
"2929900000"@;@2 016 595@;@@;@@;@@;@@;@@;@2 016 595@;@@;@@;@0@;@@;@0,5
"704901001"@;@@;@@;@23 623@;@23 623@;@23 623@;@@;@23 623@;@0@;@@;@0,3@;@@;@
"5503900000"@;@3 786 039@;@@;@@;@@;@@;@@;@3 786 039@;@@;@@;@0@;@@;@0,5
"8608000001"@;@13 906 821@;@41@;@@;@@;@@;@@;@13 906 821@;@@;@@;@0,7@;@@;@0,64
"0901120001"@;@1 524@;@@;@@;@@;@@;@@;@1 524@;@@;@@;@0@;@@;@0,5
"0811908509"@;@11 097@;@@;@@;@@;@@;@@;@11 097@;@@;@@;@0@;@@;@0,5
"1518001000"@;@@;@@;@213 692@;@218 978@;@184 010@;@29 682@;@184 010@;@5 286@;@@;@0,3@;@@;@
"9608200000"@;@1 177 157@;@4 551@;@1 212 657@;@1 331 004@;@2 105 672@;@916 469@;@1 473 345@;@118 347@;@118 347@;@0,6@;@71 008,2@;@0,55
"9011901000"@;@30 840@;@@;@@;@@;@@;@@;@30 840@;@@;@@;@0@;@@;@0,5
"9023008000"@;@9 235 310@;@3 134 109@;@@;@@;@@;@@;@9 235 310@;@@;@@;@0,7@;@@;@0,64
"6104430000"@;@568 339@;@153 393@;@3 318@;@3 318@;@3 318@;@@;@418 264@;@0@;@0@;@1@;@0@;@0,88
"9018319009"@;@64 839@;@@;@@;@@;@@;@@;@64 839@;@@;@@;@0@;@@;@0,5
"5403100000"@;@7 259 015@;@@;@8 727 905@;@8 727 905@;@1 494 972@;@7 232 933@;@8 753 987@;@0@;@0@;@0,3@;@0@;@0,47
"0202203000"@;@2 203 167@;@@;@@;@@;@@;@@;@2 203 167@;@@;@@;@0@;@@;@0,5
"8439100009"@;@67 305@;@@;@@;@@;@@;@@;@67 305@;@@;@@;@0@;@@;@0,5
"8539293009"@;@18 340@;@126@;@@;@@;@@;@@;@18 340@;@@;@@;@0,3@;@@;@0,56
"2308004000"@;@@;@4 791@;@@;@@;@@;@@;@0@;@@;@@;@0,3@;@@;@
"0207455100"@;@311 018@;@@;@@;@@;@@;@@;@311 018@;@@;@@;@0@;@@;@0,5
"5211320000"@;@518 327@;@4 696@;@4 653@;@4 653@;@4 653@;@@;@518 284@;@0@;@0@;@1@;@0@;@0,7
"8507903000"@;@1 242 628@;@@;@@;@@;@@;@@;@1 242 628@;@@;@@;@0@;@@;@0,5
"2103909001"@;@22 290 625@;@26 958@;@9 158 397@;@9 794 341@;@8 139 833@;@477 392@;@30 944 672@;@635 944@;@635 944@;@1@;@635 944@;@0,57
"208909500"@;@@;@@;@18 987 041@;@18 987 041@;@18 317 950@;@669 090@;@18 317 950@;@0@;@@;@0,3@;@@;@
"2828100000"@;@675 209@;@@;@@;@@;@@;@@;@675 209@;@@;@@;@0,4@;@@;@0,58
"0201100000"@;@4 311 750@;@@;@@;@@;@@;@@;@4 311 750@;@@;@@;@0,4@;@@;@0,58
"8507308009"@;@@;@@;@@;@@;@@;@@;@0@;@@;@@;@0,4@;@@;@
"1404200000"@;@@;@@;@26 057 694@;@30 738 051@;@18 720 662@;@12 055 497@;@18 720 662@;@4 680 357@;@@;@0,3@;@@;@
"8708299001"@;@33 405 618@;@758 866@;@99 797 930@;@111 506 728@;@99 788 739@;@76 981@;@133 126 567@;@11 708 798@;@11 708 798@;@0,6@;@7 025 278,8@;@0,35
"144200000"@;@@;@@;@108 311@;@108 311@;@108 311@;@@;@108 311@;@0@;@@;@0,3@;@@;@
"8462420006"@;@200 807@;@@;@@;@@;@@;@@;@200 807@;@@;@@;@0@;@@;@0,5
"8301200009"@;@2 801 697@;@79 734@;@@;@@;@@;@@;@2 801 697@;@@;@@;@0,3@;@@;@0,56
"9609200000"@;@9 828@;@@;@@;@@;@@;@@;@9 828@;@@;@@;@0@;@@;@0,5
"8528711100"@;@@;@12@;@2 503 359@;@2 503 359@;@2 503 359@;@@;@2 503 359@;@0@;@@;@0,6@;@@;@
"2206003909"@;@989@;@@;@111 166@;@144 371@;@111 166@;@@;@112 155@;@33 205@;@989@;@0,3@;@296,7@;@10,14
"3824100000"@;@1 114 669@;@69 811@;@6 868 738@;@6 882 854@;@5 537 307@;@1 590 442@;@6 392 965@;@14 116@;@14 116@;@0,6@;@8 469,6@;@0,21
"2933720000"@;@5@;@@;@@;@@;@@;@@;@5@;@@;@@;@0@;@@;@0,5
"7010901001"@;@34 215@;@@;@@;@@;@@;@@;@34 215@;@@;@@;@0@;@@;@0,5
"5403320000"@;@@;@@;@2 012 278@;@2 012 278@;@2 000 667@;@11 611@;@2 000 667@;@0@;@@;@0,3@;@@;@
"0106320010"@;@@;@31@;@@;@@;@@;@@;@0@;@@;@@;@0,3@;@@;@
"9403401000"@;@343 126@;@16 524@;@29 284 306@;@30 402 674@;@27 479 090@;@2 051 338@;@27 576 094@;@1 118 368@;@343 126@;@1@;@343 126@;@1,18
"8705908002"@;@@;@@;@90 852@;@90 852@;@90 852@;@@;@90 852@;@0@;@@;@0,3@;@@;@
"4823200001"@;@52 198@;@@;@5 133@;@6 373@;@5 133@;@@;@57 331@;@1 240@;@1 240@;@0,3@;@372@;@0,52
"6307909100"@;@45 736@;@89@;@7 004@;@7 004@;@7 004@;@1 614@;@51 037@;@0@;@0@;@1@;@0@;@0,65
"3923291000"@;@93 475@;@69 287@;@8 009 911@;@11 121 405@;@5 756 640@;@2 256 231@;@5 847 155@;@3 111 494@;@93 475@;@1@;@93 475@;@10,19
"4002910000"@;@9 262@;@@;@@;@@;@@;@@;@9 262@;@@;@@;@0@;@@;@0,5
"8482109008"@;@13 293 555@;@68 394@;@5 660 022@;@6 037 368@;@4 190 776@;@1 951 022@;@16 934 161@;@377 346@;@377 346@;@1@;@377 346@;@0,6
"8540990000"@;@560@;@@;@@;@@;@@;@@;@560@;@@;@@;@0@;@@;@0,5
"8703405996"@;@102 153@;@@;@@;@@;@@;@@;@102 153@;@@;@@;@0@;@@;@0,5
"7306699000"@;@1 902 567@;@397@;@946 184@;@1 084 244@;@946 184@;@@;@2 848 354@;@138 060@;@138 060@;@0,6@;@82 836@;@0,48
"2007991000"@;@@;@@;@897 492@;@1 120 219@;@872 460@;@71 613@;@872 460@;@222 727@;@@;@0,3@;@@;@
"9403309900"@;@562 871@;@264 601@;@11 089 826@;@11 925 857@;@10 656 135@;@569 947@;@11 082 750@;@836 031@;@562 871@;@1@;@562 871@;@0,67
"7324100000"@;@2 932 075@;@17 822@;@632 860@;@711 659@;@561 759@;@222 339@;@3 324 774@;@78 799@;@78 799@;@1@;@78 799@;@0,65
"8482500009"@;@3 702 342@;@652 231@;@2 342 467@;@2 689 391@;@1 805 257@;@537 210@;@4 855 368@;@346 924@;@346 924@;@1@;@346 924@;@0,61
"5206230002"@;@@;@63 601@;@@;@@;@@;@@;@0@;@@;@@;@0,3@;@@;@
"3808690001"@;@204@;@@;@@;@@;@@;@@;@204@;@@;@@;@0@;@@;@0,5
"5907000000"@;@266 725@;@210@;@14 470@;@14 470@;@14 470@;@@;@280 985@;@0@;@0@;@1@;@0@;@0,67
"8501320002"@;@186 699@;@@;@11 245@;@11 245@;@10 991@;@255@;@197 689@;@0@;@0@;@0,7@;@0@;@0,61
"9032108100"@;@208 794@;@@;@@;@@;@@;@@;@208 794@;@@;@@;@0@;@@;@0,5
"8414594000"@;@6 533 294@;@77 792@;@3 422 038@;@3 489 555@;@890 846@;@110 015@;@9 767 525@;@67 517@;@67 517@;@1@;@67 517@;@0,54
"0406902300"@;@142 238@;@@;@@;@@;@@;@@;@142 238@;@@;@@;@0@;@@;@0,5
"8419400001"@;@33 032@;@@;@@;@@;@@;@@;@33 032@;@@;@@;@0@;@@;@0,5
"8207907100"@;@250@;@@;@@;@@;@@;@@;@250@;@@;@@;@0@;@@;@0,5
"7406100000"@;@9 572@;@@;@692 036@;@692 036@;@692 036@;@@;@701 608@;@0@;@0@;@0,3@;@0@;@0,07
"2922500000"@;@1 727 207@;@95 592@;@@;@@;@@;@@;@1 727 207@;@@;@@;@0,3@;@@;@0,56
"7202112000"@;@@;@@;@679 998@;@696 569@;@679 998@;@@;@679 998@;@16 571@;@@;@0,3@;@@;@
"8207703700"@;@997 004@;@212@;@1 393 336@;@1 393 336@;@1 193 631@;@75 051@;@2 315 289@;@0@;@0@;@1@;@0@;@0,42
"6907409009"@;@1 527 490@;@19 381@;@263 345@;@462 239@;@38 982@;@294 152@;@1 477 302@;@198 894@;@198 894@;@0,6@;@119 336,4@;@0,68
"401101000"@;@@;@@;@13 961 058@;@40 652 706@;@11 302 039@;@2 648 835@;@11 302 039@;@26 691 648@;@@;@0,3@;@@;@
"8440900000"@;@12 899@;@@;@@;@@;@@;@@;@12 899@;@@;@@;@0@;@@;@0,5
"2937500000"@;@4 631@;@@;@@;@@;@@;@@;@4 631@;@@;@@;@0@;@@;@0,5
"1518009100"@;@227 608@;@@;@@;@@;@@;@@;@227 608@;@@;@@;@0@;@@;@0,5
"2904200000"@;@122@;@@;@@;@@;@@;@@;@122@;@@;@@;@0@;@@;@0,5
"2843290000"@;@9 377@;@1 714@;@@;@@;@@;@@;@9 377@;@@;@@;@0,3@;@@;@0,56
"5403310000"@;@1 567 499@;@9 543 616@;@233 325@;@233 325@;@233 325@;@@;@1 800 824@;@0@;@0@;@0,6@;@0@;@0,56
"3920621200"@;@2 617@;@@;@@;@@;@@;@@;@2 617@;@@;@@;@0@;@@;@0,5
"1103192000"@;@283 979@;@@;@116 186@;@116 186@;@116 186@;@@;@400 165@;@0@;@0@;@0,3@;@0@;@0,41
"7404009100"@;@161 182@;@@;@@;@@;@@;@@;@161 182@;@@;@@;@0@;@@;@0,5
"1701910011"@;@15 928@;@@;@230 189@;@242 304@;@225 668@;@4 521@;@241 596@;@12 115@;@12 115@;@0,3@;@3 634,5@;@0,32
"5408240000"@;@680@;@@;@@;@@;@@;@@;@680@;@@;@@;@0@;@@;@0,5
"2106909309"@;@@;@@;@@;@@;@@;@@;@0@;@@;@@;@0,4@;@@;@
"8523210000"@;@52 175@;@@;@35 037@;@53 359@;@31 918@;@3 118@;@84 094@;@18 322@;@18 322@;@0,3@;@5 496,6@;@0,48
"2834210000"@;@1 896 358@;@151 567@;@463 905@;@463 905@;@164 430@;@391 044@;@1 817 652@;@0@;@0@;@0,6@;@0@;@0,64
"6504000000"@;@33 674@;@1 673@;@937 980@;@952 007@;@922 680@;@71 928@;@899 726@;@14 027@;@14 027@;@1@;@14 027@;@0,34
"8507302000"@;@42 438@;@@;@75 972@;@75 972@;@66 325@;@9 647@;@108 763@;@0@;@0@;@0,3@;@0@;@0,26
"7208270000"@;@13 762 222@;@@;@35 710@;@37 083@;@35 710@;@@;@13 797 932@;@1 373@;@1 373@;@0,3@;@411,9@;@0,56
"8716393009"@;@9 077 332@;@310 950@;@343 564@;@343 564@;@2 169 655@;@3 506 203@;@5 603 743@;@0@;@0@;@0,6@;@0@;@0,93
"8507102003"@;@19 820 901@;@5 333 577@;@37 731 148@;@37 829 362@;@34 175 381@;@6 675 553@;@50 876 496@;@98 214@;@98 214@;@1@;@98 214@;@0,4
"5211310000"@;@73 519@;@@;@@;@@;@@;@@;@73 519@;@@;@@;@0,4@;@@;@0,58
"2206005100"@;@5 694@;@@;@@;@@;@@;@@;@5 694@;@@;@@;@0@;@@;@0,5
"1806310000"@;@31 206 151@;@750 069@;@1 507 996@;@1 709 463@;@1 487 253@;@42 358@;@31 921 720@;@201 467@;@201 467@;@0,6@;@120 880,2@;@0,61
"9001200000"@;@6 310@;@@;@@;@@;@@;@@;@6 310@;@@;@@;@0@;@@;@0,5
"303891030"@;@@;@@;@26 557@;@26 557@;@18 035@;@5 379@;@18 035@;@0@;@@;@0,3@;@@;@
"1604131900"@;@393 073@;@1 040@;@@;@@;@@;@@;@393 073@;@@;@@;@0,3@;@@;@0,56
"1207409000"@;@2 509 625@;@14@;@@;@@;@@;@@;@2 509 625@;@@;@@;@0,3@;@@;@0,56
"0204429000"@;@998 517@;@@;@@;@@;@@;@@;@998 517@;@@;@@;@0@;@@;@0,5
"8701299019"@;@4 689 367@;@@;@@;@@;@@;@@;@4 689 367@;@@;@@;@0@;@@;@0,5
"5407720000"@;@369 505@;@10 456@;@3 748@;@3 748@;@3 748@;@@;@362 797@;@0@;@0@;@0,6@;@0@;@0,63
"8481109908"@;@1 771 219@;@41 844@;@1 441 386@;@1 441 386@;@1 241 287@;@75 445@;@3 095 316@;@0@;@0@;@0,6@;@0@;@0,41
"8507208005"@;@@;@@;@@;@@;@@;@@;@0@;@@;@@;@0,4@;@@;@
"9405190011"@;@13 600@;@768@;@@;@@;@@;@@;@13 600@;@@;@@;@0,3@;@@;@0,56
"8905901009"@;@@;@@;@@;@@;@@;@@;@0@;@@;@@;@0,4@;@@;@
"5703390003"@;@2 390@;@@;@@;@@;@@;@@;@2 390@;@@;@@;@0@;@@;@0,5
"7307199000"@;@1 299 707@;@2@;@15 132@;@16 613@;@15 132@;@4 444@;@1 310 393@;@1 481@;@1 481@;@1@;@1 481@;@0,7
"5603929000"@;@478 833@;@153@;@245 359@;@346 352@;@241 975@;@5 671@;@718 368@;@100 993@;@100 993@;@0,6@;@60 595,8@;@0,52
"7210490001"@;@20 820 855@;@@;@@;@@;@@;@@;@20 820 855@;@@;@@;@0@;@@;@0,5
"4101201000"@;@@;@@;@651 319@;@709 776@;@472 588@;@50 035@;@472 588@;@58 457@;@@;@0,3@;@@;@
"8413708100"@;@28 292 536@;@192 151@;@1 387 325@;@1 508 807@;@1 190 716@;@873 792@;@28 613 918@;@121 482@;@121 482@;@1@;@121 482@;@0,7
"9405110039"@;@3 069 862@;@7 172@;@114 454@;@114 454@;@114 454@;@1 853@;@3 175 291@;@0@;@0@;@1@;@0@;@0,68
"6104199001"@;@@;@@;@1 355 836@;@1 414 598@;@1 319 170@;@191 956@;@1 319 170@;@58 762@;@@;@0,3@;@@;@
"8421192009"@;@997 403@;@3 550@;@@;@@;@@;@@;@997 403@;@@;@@;@0,3@;@@;@0,56
"6815910000"@;@@;@@;@26 070@;@26 070@;@26 070@;@@;@26 070@;@0@;@@;@0,3@;@@;@
"2835390000"@;@1 988 862@;@21 992@;@@;@@;@@;@@;@1 988 862@;@@;@@;@0,3@;@@;@0,56
"6104690001"@;@348 413@;@2 032 347@;@@;@@;@@;@@;@348 413@;@@;@@;@0,3@;@@;@0,56
"4814901000"@;@435 165@;@168@;@207 841@;@207 841@;@208 372@;@45 512@;@597 326@;@0@;@0@;@0,6@;@0@;@0,48
"9007200000"@;@27 114@;@@;@@;@@;@@;@@;@27 114@;@@;@@;@0@;@@;@0,5
"8708299007"@;@@;@@;@@;@@;@@;@@;@0@;@@;@@;@0,4@;@@;@
"3906901000"@;@511 009@;@@;@@;@@;@@;@@;@511 009@;@@;@@;@0,4@;@@;@0,58
"5208321900"@;@@;@1 524 409@;@3 731 073@;@3 756 711@;@2 879 910@;@1 339 842@;@2 391 231@;@25 638@;@@;@0,6@;@@;@
"2522200000"@;@340 113@;@657 672@;@965 124@;@965 381@;@624 362@;@340 839@;@964 398@;@257@;@257@;@1@;@257@;@0,38
"0805108000"@;@@;@255@;@@;@@;@@;@@;@0@;@@;@@;@0,3@;@@;@
"5212159000"@;@@;@@;@1 865 860@;@1 865 860@;@1 798 896@;@101 972@;@1 798 896@;@0@;@@;@0,7@;@@;@
"8703603096"@;@@;@@;@@;@@;@@;@@;@0@;@@;@@;@0,4@;@@;@
"8413302002"@;@@;@@;@790@;@8 690@;@790@;@@;@790@;@7 900@;@@;@0,3@;@@;@
"3917229000"@;@9 651 328@;@487 333@;@8 792 109@;@12 045 377@;@11 142 403@;@3 393 944@;@14 562 160@;@3 253 268@;@3 253 268@;@1@;@3 253 268@;@0,63
"5502100000"@;@6 865 760@;@@;@@;@@;@@;@@;@6 865 760@;@@;@@;@0@;@@;@0,5
"0804300009"@;@1 785@;@432@;@@;@@;@@;@@;@1 785@;@@;@@;@0,3@;@@;@0,56
"9613200000"@;@297 200@;@25@;@@;@@;@@;@@;@297 200@;@@;@@;@0,3@;@@;@0,56
"8474390001"@;@53 341@;@@;@@;@@;@@;@@;@53 341@;@@;@@;@0@;@@;@0,5
"3808999000"@;@@;@@;@1 933 068@;@3 837 836@;@1 331 768@;@724 903@;@1 331 768@;@1 904 768@;@@;@0,3@;@@;@
"1604320090"@;@363 496@;@63@;@@;@@;@@;@@;@363 496@;@@;@@;@0,3@;@@;@0,56
"3004500005"@;@142 858@;@@;@@;@@;@@;@@;@142 858@;@@;@@;@0@;@@;@0,5
"9026204000"@;@439 898@;@32 667@;@@;@@;@@;@@;@439 898@;@@;@@;@0,7@;@@;@0,64
"4418219000"@;@181 958@;@3 339@;@9 535@;@9 535@;@1 975@;@7 560@;@180 594@;@0@;@0@;@1@;@0@;@0,7
"8423900001"@;@25 522@;@2 732@;@@;@@;@@;@@;@25 522@;@@;@@;@0,3@;@@;@0,56
"8439100002"@;@650@;@@;@@;@@;@@;@@;@650@;@@;@@;@0@;@@;@0,5
"0904220000"@;@244 750@;@3 735 505@;@@;@@;@@;@@;@244 750@;@@;@@;@0,3@;@@;@0,56
"0303670000"@;@6 753 251@;@@;@@;@@;@@;@@;@6 753 251@;@@;@@;@0@;@@;@0,5
"8531809500"@;@615 243@;@2 394@;@77 506@;@77 506@;@77 506@;@@;@690 355@;@0@;@0@;@0,6@;@0@;@0,57
"8538909900"@;@@;@@;@5 272 595@;@5 327 616@;@5 035 982@;@240 387@;@5 035 982@;@55 021@;@@;@0,3@;@@;@
"0102295100"@;@62 017@;@@;@@;@@;@@;@@;@62 017@;@@;@@;@0@;@@;@0,5
"2909301000"@;@15 187@;@@;@@;@@;@@;@@;@15 187@;@@;@@;@0@;@@;@0,5
"8704313200"@;@304 733@;@@;@3 371 418@;@3 730 438@;@3 252 758@;@118 660@;@3 557 491@;@359 020@;@304 733@;@0,3@;@91 419,9@;@0,46
"2710195109"@;@103 547@;@@;@@;@@;@@;@@;@103 547@;@@;@@;@0@;@@;@0,5
"7216339000"@;@22 796 018@;@@;@@;@@;@@;@@;@22 796 018@;@@;@@;@0@;@@;@0,5
"1108130000"@;@3 522 048@;@563 126@;@11 538@;@17 307@;@11 538@;@@;@2 970 460@;@5 769@;@5 769@;@0,6@;@3 461,4@;@0,71
"6402995000"@;@28 760@;@586 016@;@32 925@;@34 167@;@32 925@;@@;@61 685@;@1 242@;@1 242@;@0,6@;@745,2@;@0,37
"5515129000"@;@2 210 813@;@@;@1 339@;@1 339@;@1 339@;@@;@2 212 152@;@0@;@0@;@0,7@;@0@;@0,64
"2918210000"@;@7 627@;@@;@435 539@;@438 310@;@431 382@;@4 157@;@439 009@;@2 771@;@2 771@;@0,3@;@831,3@;@0,18
"7202930000"@;@@;@@;@790@;@790@;@790@;@@;@790@;@0@;@@;@0,3@;@@;@
"8546200000"@;@6 664 758@;@630 910@;@2 567 294@;@2 669 884@;@2 571 955@;@29 359@;@8 571 783@;@102 590@;@102 590@;@1@;@102 590@;@0,59
"8514208000"@;@362 387@;@@;@3 160@;@3 160@;@3 160@;@@;@365 547@;@0@;@0@;@0,3@;@0@;@0,56
"5804219000"@;@2 144 170@;@@;@3 540@;@4 425@;@3 540@;@@;@2 147 710@;@885@;@885@;@0,3@;@265,5@;@0,56
"1701131027"@;@71 615 277@;@@;@@;@@;@@;@@;@71 615 277@;@@;@@;@0@;@@;@0,5
"7318156200"@;@545 674@;@17@;@25 536@;@27 598@;@25 536@;@@;@571 193@;@2 062@;@2 062@;@0,6@;@1 237,2@;@0,6
"2106108000"@;@646 540@;@@;@259 907@;@259 907@;@78 533@;@181 375@;@725 072@;@0@;@0@;@0,3@;@0@;@0,51
"3910000009"@;@@;@@;@7 361@;@14 722@;@7 361@;@@;@7 361@;@7 361@;@@;@0,3@;@@;@
"7318155200"@;@1 299 123@;@1 026 362@;@22 002@;@27 373@;@21 449@;@553@;@294 210@;@5 371@;@5 371@;@0,6@;@3 222,6@;@2,33
"6302329000"@;@34 697@;@6 250 446@;@4 173 370@;@4 194 635@;@4 165 848@;@8 650@;@4 199 417@;@21 265@;@21 265@;@1@;@21 265@;@0,39
"902400000"@;@@;@@;@685 585@;@710 285@;@685 067@;@155 378@;@685 067@;@24 700@;@@;@0,3@;@@;@
"4707301000"@;@6 833@;@@;@14 736@;@14 736@;@14 736@;@@;@21 569@;@0@;@0@;@0,3@;@0@;@0,22
"3105209000"@;@993 330@;@16 927 660@;@23 827 394@;@39 571 386@;@19 805 506@;@4 818 498@;@20 002 226@;@15 743 992@;@993 330@;@1@;@993 330@;@4,98
"2002101000"@;@156 080@;@1 147@;@902 098@;@1 030 427@;@898 262@;@4 879@;@1 053 299@;@128 329@;@128 329@;@0,6@;@76 997,4@;@0,44
"3822190001"@;@9 982@;@@;@@;@@;@@;@@;@9 982@;@@;@@;@0@;@@;@0,5
"8443999000"@;@4 374 848@;@263 431@;@@;@@;@@;@@;@4 374 848@;@@;@@;@0,3@;@@;@0,56
"8502120000"@;@10 327 033@;@185 244@;@39 712@;@39 712@;@39 712@;@@;@10 181 501@;@0@;@0@;@0,6@;@0@;@0,63
"4411931000"@;@@;@@;@@;@@;@@;@@;@0@;@@;@@;@0,4@;@@;@
"7013375100"@;@5 336@;@@;@@;@@;@@;@@;@5 336@;@@;@@;@0@;@@;@0,5
"2009897108"@;@11 208@;@@;@@;@@;@@;@@;@11 208@;@@;@@;@0@;@@;@0,5
"0303120000"@;@20 394@;@@;@@;@@;@@;@@;@20 394@;@@;@@;@0@;@@;@0,5
"2909410000"@;@489 871@;@102@;@@;@@;@@;@@;@489 871@;@@;@@;@0,3@;@@;@0,56
"8467295300"@;@29 211@;@@;@@;@@;@@;@@;@29 211@;@@;@@;@0@;@@;@0,5
"7019710009"@;@691 595@;@61 063@;@@;@@;@@;@@;@691 595@;@@;@@;@0,3@;@@;@0,56
"3208209001"@;@330 496@;@144 784@;@180 368@;@190 078@;@178 790@;@1 579@;@364 501@;@9 710@;@9 710@;@1@;@9 710@;@0,66
"4301600070"@;@4 130@;@@;@@;@@;@@;@@;@4 130@;@@;@@;@0@;@@;@0,5
"2204214700"@;@6 520@;@@;@@;@@;@@;@@;@6 520@;@@;@@;@0@;@@;@0,5
"8303001000"@;@@;@@;@626 811@;@635 076@;@626 811@;@@;@626 811@;@8 265@;@@;@0,3@;@@;@
"1905906000"@;@17 153 692@;@4 992 818@;@165 364 923@;@172 378 339@;@151 021 700@;@16 314 671@;@166 203 944@;@7 013 416@;@7 013 416@;@0,6@;@4 208 049,6@;@0,29
"2917140000"@;@86 140@;@@;@@;@@;@@;@@;@86 140@;@@;@@;@0@;@@;@0,5
"2204212700"@;@23 891@;@@;@@;@@;@@;@@;@23 891@;@@;@@;@0@;@@;@0,5
"7902000000"@;@219 350@;@78 450@;@1 799 328@;@1 799 328@;@1 799 328@;@@;@2 018 678@;@0@;@0@;@0,6@;@0@;@0,17
"8443139000"@;@2 273 488@;@3 700@;@@;@@;@@;@@;@2 273 488@;@@;@@;@0,3@;@@;@0,56
"8207201000"@;@291 075@;@@;@52 781@;@52 781@;@52 781@;@@;@343 856@;@0@;@0@;@0,7@;@0@;@0,56
"2101129801"@;@1 444@;@@;@@;@@;@@;@@;@1 444@;@@;@@;@0@;@@;@0,5
"7007192000"@;@131 269@;@9 556@;@35 135@;@38 329@;@35 135@;@@;@156 848@;@3 194@;@3 194@;@0,6@;@1 916,4@;@0,55
"8536209007"@;@5 742 537@;@67 828@;@57 024@;@57 024@;@57 024@;@@;@5 731 733@;@0@;@0@;@1@;@0@;@0,7
"0704901006"@;@@;@@;@@;@@;@@;@@;@0@;@@;@@;@0,4@;@@;@
"8207191000"@;@5 592 221@;@562 913@;@495 887@;@517 341@;@495 887@;@@;@5 525 195@;@21 454@;@21 454@;@1@;@21 454@;@0,71
"7320202009"@;@341 056@;@2 991@;@1 350 924@;@1 350 924@;@1 151 219@;@75 051@;@1 616 929@;@0@;@0@;@0,6@;@0@;@0,23
"5401101800"@;@1 366 242@;@29 667@;@142 760@;@153 026@;@142 760@;@@;@1 479 335@;@10 266@;@10 266@;@0,6@;@6 159,6@;@0,58
"8413602000"@;@1 083 926@;@@;@@;@@;@@;@@;@1 083 926@;@@;@@;@0@;@@;@0,5
"8708809109"@;@25 418@;@2 235@;@@;@@;@@;@@;@25 418@;@@;@@;@0,3@;@@;@0,56
"1202420000"@;@24 600@;@10 207 854@;@1 288 795@;@1 994 663@;@1 228 898@;@62 766@;@1 250 629@;@705 868@;@24 600@;@0,6@;@14 760@;@8,74
"3801100000"@;@507 245@;@@;@90 724@;@90 724@;@90 724@;@@;@597 969@;@0@;@0@;@0,3@;@0@;@0,48
"5404909000"@;@1 888 473@;@246@;@@;@@;@@;@@;@1 888 473@;@@;@@;@0,3@;@@;@0,56
"8108905008"@;@626 833@;@@;@@;@@;@@;@@;@626 833@;@@;@@;@0@;@@;@0,5
"8477809100"@;@1 613 567@;@60 260@;@@;@@;@@;@@;@1 613 567@;@@;@@;@0,3@;@@;@0,56
"2710199800"@;@16 646 126@;@14 004 460@;@9 230 395@;@9 230 395@;@8 808 379@;@6 352 227@;@19 524 294@;@0@;@0@;@1@;@0@;@0,63
"8310000000"@;@786 095@;@10 419@;@8 505 818@;@8 685 194@;@8 502 299@;@911 742@;@8 380 171@;@179 376@;@179 376@;@1@;@179 376@;@0,32
"1806109000"@;@888@;@@;@@;@@;@@;@@;@888@;@@;@@;@0@;@@;@0,5
"8524190019"@;@835@;@@;@@;@@;@@;@@;@835@;@@;@@;@0@;@@;@0,5
"8504328000"@;@@;@@;@328 268@;@338 118@;@307 685@;@20 583@;@307 685@;@9 850@;@@;@0,3@;@@;@
"9006910000"@;@2 722@;@@;@@;@@;@@;@@;@2 722@;@@;@@;@0@;@@;@0,5
"4503900000"@;@13 577@;@@;@961 973@;@1 014 896@;@951 289@;@166 067@;@809 483@;@52 923@;@13 577@;@0,3@;@4 073,1@;@1,24
"9403208000"@;@20 969 349@;@1 145 066@;@6 813 565@;@7 308 796@;@6 716 808@;@487 793@;@26 150 055@;@495 231@;@495 231@;@1@;@495 231@;@0,61
"1704905500"@;@41 834@;@375@;@9 848@;@14 772@;@9 848@;@@;@51 307@;@4 924@;@4 924@;@0,6@;@2 954,4@;@0,56
"8468100000"@;@254 624@;@895@;@3 444@;@3 444@;@3 318@;@126@;@257 047@;@0@;@0@;@0,6@;@0@;@0,62
"2841903000"@;@75@;@@;@@;@@;@@;@@;@75@;@@;@@;@0@;@@;@0,5
"7205100000"@;@454 666@;@@;@36 499@;@49 751@;@36 499@;@@;@491 165@;@13 252@;@13 252@;@0,3@;@3 975,6@;@0,53
"9030400000"@;@654 290@;@@;@172 315@;@172 315@;@172 315@;@@;@826 605@;@0@;@0@;@0,3@;@0@;@0,46
"1205900009"@;@26 800@;@@;@@;@@;@@;@@;@26 800@;@@;@@;@0@;@@;@0,5
"2924190000"@;@926 527@;@5 705@;@@;@@;@@;@@;@926 527@;@@;@@;@0,3@;@@;@0,56
"709999000"@;@@;@@;@4 949 724@;@4 966 577@;@4 949 724@;@@;@4 949 724@;@16 853@;@@;@0,3@;@@;@
"8511100009"@;@5 660 217@;@297 689@;@@;@@;@@;@@;@5 660 217@;@@;@@;@0,3@;@@;@0,56
"5201001000"@;@@;@100 352@;@878 762 038@;@940 389 453@;@630 724 024@;@259 255 087@;@619 506 951@;@61 627 415@;@@;@0,6@;@@;@
"7225920000"@;@50 281 573@;@@;@@;@@;@@;@@;@50 281 573@;@@;@@;@0@;@@;@0,5
"2714100000"@;@@;@@;@44 288@;@44 288@;@44 288@;@@;@44 288@;@0@;@@;@0,7@;@@;@
"7311001900"@;@7 633 408@;@438 627@;@11 251 809@;@11 360 607@;@8 227 814@;@5 035 060@;@13 850 157@;@108 798@;@108 798@;@0,6@;@65 278,8@;@0,4
"6207991000"@;@242@;@3 542@;@35 351@;@7 723 682@;@35 351@;@@;@35 593@;@7 688 331@;@242@;@0,6@;@145,2@;@100
"7208908000"@;@7 248 630@;@@;@@;@@;@@;@@;@7 248 630@;@@;@@;@0@;@@;@0,5
"7225508000"@;@16 684 606@;@1 294@;@@;@@;@@;@@;@16 684 606@;@@;@@;@0,3@;@@;@0,56
"8113009000"@;@4 772@;@@;@@;@@;@@;@@;@4 772@;@@;@@;@0@;@@;@0,5
"7506100000"@;@6 583@;@280@;@@;@@;@@;@@;@6 583@;@@;@@;@0,3@;@@;@0,56
"5509320000"@;@4 935 885@;@580 171@;@6 688 996@;@6 688 996@;@6 663 032@;@1 554 640@;@10 070 241@;@0@;@0@;@1@;@0@;@0,45
"2007993100"@;@153 964@;@58 217@;@1 653@;@1 653@;@2 756@;@551@;@96 849@;@0@;@0@;@1@;@0@;@0,99
"4804315800"@;@1 552 045@;@@;@237@;@237@;@237@;@@;@1 552 282@;@0@;@0@;@0,3@;@0@;@0,56
"5206130002"@;@2 258@;@1 881 857@;@@;@@;@@;@@;@2 258@;@@;@@;@0,3@;@@;@0,56
"8414108100"@;@5 635@;@@;@845@;@845@;@845@;@@;@6 480@;@0@;@0@;@0,3@;@0@;@0,49
"8105200001"@;@1 332@;@@;@@;@@;@@;@@;@1 332@;@@;@@;@0@;@@;@0,5
"4819100000"@;@1 448 684@;@802 020@;@89 003 744@;@104 934 070@;@87 462 328@;@3 048 820@;@87 403 608@;@15 930 326@;@1 448 684@;@1@;@1 448 684@;@3,51
"3902200000"@;@304 918@;@1 235@;@2 716 076@;@4 929 358@;@2 716 076@;@@;@3 020 994@;@2 213 282@;@304 918@;@0,6@;@182 950,8@;@2,35
"4905100000"@;@@;@@;@46 787@;@46 787@;@46 392@;@439@;@46 392@;@0@;@@;@0,3@;@@;@
"0101291000"@;@2 309 157@;@@;@@;@@;@@;@@;@2 309 157@;@@;@@;@0@;@@;@0,5
"4403239800"@;@43 186@;@@;@@;@@;@@;@@;@43 186@;@@;@@;@0@;@@;@0,5
"2511200000"@;@@;@@;@7 810 802@;@7 813 081@;@3 939 732@;@38 711@;@3 939 732@;@2 279@;@@;@0,3@;@@;@
"8536301000"@;@@;@@;@1 749 650@;@1 749 650@;@1 749 650@;@@;@1 749 650@;@0@;@@;@0,3@;@@;@
"4810321000"@;@1 716 889@;@@;@363@;@363@;@363@;@@;@1 717 252@;@0@;@0@;@0,3@;@0@;@0,56
"8479899701"@;@178 918@;@3 744@;@@;@@;@@;@@;@178 918@;@@;@@;@0,3@;@@;@0,56
"8408203700"@;@1 301 752@;@100@;@@;@@;@@;@@;@1 301 752@;@@;@@;@0,3@;@@;@0,56
"8516710000"@;@6 543 582@;@88 269@;@3 211 404@;@3 235 638@;@2 855 491@;@514 641@;@9 152 076@;@24 234@;@24 234@;@0,6@;@14 540,4@;@0,48
"8204110000"@;@2 107 636@;@13 813@;@1 364 196@;@1 364 196@;@1 164 491@;@75 051@;@3 382 968@;@0@;@0@;@1@;@0@;@0,51
"8445400009"@;@5 697 507@;@@;@@;@@;@@;@@;@5 697 507@;@@;@@;@0@;@@;@0,5
"7320208908"@;@390 543@;@14 230@;@@;@@;@@;@@;@390 543@;@@;@@;@0,3@;@@;@0,56
"2008975900"@;@142 030@;@@;@@;@@;@@;@@;@142 030@;@@;@@;@0@;@@;@0,5
"8424300800"@;@3 625 457@;@58 282@;@39 815@;@39 815@;@39 815@;@@;@3 606 990@;@0@;@0@;@0,6@;@0@;@0,62
"8705300000"@;@@;@@;@3 246 112@;@3 246 112@;@3 246 112@;@@;@3 246 112@;@0@;@@;@0,3@;@@;@
"8413308002"@;@@;@@;@790@;@8 690@;@790@;@@;@790@;@7 900@;@@;@0,3@;@@;@
"8716398003"@;@1 635@;@54 453@;@@;@@;@@;@@;@1 635@;@@;@@;@0,3@;@@;@0,56
"8414208000"@;@280 091@;@6 552@;@514@;@514@;@395@;@119@;@273 934@;@0@;@0@;@0,6@;@0@;@0,63
"8479830000"@;@159 918@;@@;@@;@@;@@;@@;@159 918@;@@;@@;@0@;@@;@0,5
"8427201100"@;@1 891 225@;@21 329@;@@;@@;@@;@@;@1 891 225@;@@;@@;@0,3@;@@;@0,56
"8482911000"@;@609@;@@;@64 945@;@64 945@;@64 945@;@@;@65 554@;@0@;@0@;@0,3@;@0@;@0,06
"8445130001"@;@7 968 382@;@@;@@;@@;@@;@@;@7 968 382@;@@;@@;@0@;@@;@0,5
"4411139000"@;@46 376 067@;@470 772@;@203 530@;@205 804@;@203 530@;@2 127@;@46 106 698@;@2 274@;@2 274@;@1@;@2 274@;@0,7
"9032810000"@;@438 207@;@14 276@;@@;@@;@@;@@;@438 207@;@@;@@;@0,3@;@@;@0,56
"8427201902"@;@20 000@;@@;@@;@@;@@;@@;@20 000@;@@;@@;@0@;@@;@0,5
"8517140000"@;@7 256 236@;@7 304@;@@;@@;@@;@@;@7 256 236@;@@;@@;@0,3@;@@;@0,56
"8429401000"@;@12 779 332@;@321 634@;@3 535 326@;@3 535 326@;@3 941 767@;@116 716@;@15 876 308@;@0@;@0@;@0,6@;@0@;@0,52
"9025900003"@;@10 770@;@@;@@;@@;@@;@@;@10 770@;@@;@@;@0@;@@;@0,5
"210201000"@;@@;@@;@34 866@;@34 866@;@34 866@;@@;@34 866@;@0@;@@;@0,3@;@@;@
"8474200002"@;@3 937 621@;@460 853@;@@;@@;@@;@@;@3 937 621@;@@;@@;@0,3@;@@;@0,56
"0811205100"@;@3 871@;@@;@@;@@;@@;@@;@3 871@;@@;@@;@0@;@@;@0,5
"2922197000"@;@792 111@;@@;@@;@@;@@;@@;@792 111@;@@;@@;@0@;@@;@0,5
"6403190009"@;@@;@@;@99 392@;@108 710@;@114 891@;@@;@114 891@;@9 318@;@@;@0,3@;@@;@
"8549310001"@;@101@;@@;@@;@@;@@;@@;@101@;@@;@@;@0@;@@;@0,5
"2710194250"@;@88 620@;@325 658@;@9 293 552@;@9 913 122@;@4 148 563@;@5 144 769@;@4 237 403@;@619 570@;@88 620@;@0,6@;@53 172@;@2,23
"8708405001"@;@112 950 000@;@23 405@;@790@;@8 690@;@790@;@@;@112 927 385@;@7 900@;@7 900@;@0,6@;@4 740@;@0,62
"4901100000"@;@109 649@;@7 684@;@@;@@;@@;@@;@109 649@;@@;@@;@0,7@;@@;@0,64
"2920290000"@;@24 328@;@@;@@;@@;@@;@@;@24 328@;@@;@@;@0@;@@;@0,5
"2512000000"@;@822 698@;@20 590@;@119@;@119@;@@;@119@;@802 108@;@0@;@0@;@0,6@;@0@;@0,63
"3903300000"@;@13 718 094@;@179 825@;@@;@@;@@;@@;@13 718 094@;@@;@@;@0,7@;@@;@0,64
"4905900000"@;@28 490@;@11 347@;@4 959@;@6 199@;@4 959@;@@;@22 102@;@1 240@;@1 240@;@0,6@;@744@;@0,78
"3002490001"@;@34 254 364@;@@;@@;@@;@@;@@;@34 254 364@;@@;@@;@0,4@;@@;@0,58
"2204212200"@;@6 712@;@@;@@;@@;@@;@@;@6 712@;@@;@@;@0@;@@;@0,5
"8436910000"@;@199 321@;@60 808@;@617 216@;@764 560@;@615 066@;@82 258@;@734 279@;@147 344@;@147 344@;@0,6@;@88 406,4@;@0,48
"8414302009"@;@5 190 372@;@12 440@;@1 126@;@1 126@;@1 126@;@@;@5 179 058@;@0@;@0@;@0,6@;@0@;@0,62
"9405410019"@;@607 364@;@2 194@;@58 526@;@58 526@;@58 526@;@@;@663 696@;@0@;@0@;@0,6@;@0@;@0,58
"1901901100"@;@@;@@;@2 544 986@;@2 544 986@;@2 549 680@;@177 583@;@2 549 680@;@0@;@@;@0,3@;@@;@
"8207703100"@;@112 253@;@@;@@;@@;@@;@@;@112 253@;@@;@@;@0,4@;@@;@0,58
"8421990007"@;@21 480 280@;@304 007@;@149 864@;@149 864@;@149 864@;@@;@21 326 137@;@0@;@0@;@1@;@0@;@0,7
"5801260000"@;@@;@@;@5 267@;@5 267@;@5 267@;@@;@5 267@;@0@;@@;@0,3@;@@;@
"6104320000"@;@318 936@;@541 162@;@1 070 332@;@1 070 332@;@1 143 254@;@4 856@;@1 384 412@;@0@;@0@;@1@;@0@;@0,32
"6404191000"@;@220 333@;@2 482@;@3 473 644@;@3 846 127@;@3 565 735@;@2 425 321@;@1 268 656@;@372 483@;@220 333@;@0,6@;@132 199,8@;@0,71
"6506108000"@;@144 000@;@310@;@268 060@;@273 372@;@59 808@;@208 252@;@203 808@;@5 312@;@5 312@;@1@;@5 312@;@0,56
"8525811100"@;@27 000@;@56 209@;@@;@@;@@;@@;@27 000@;@@;@@;@0,3@;@@;@0,56
"9405420033"@;@889 208@;@98 417@;@4 058@;@4 058@;@4 058@;@@;@794 849@;@0@;@0@;@1@;@0@;@0,76
"8504229000"@;@22 892 440@;@17 769 246@;@23 233 318@;@23 289 376@;@20 462 259@;@5 446 908@;@40 678 850@;@56 058@;@56 058@;@1@;@56 058@;@0,48
"6704200000"@;@@;@434 380@;@474 868@;@474 868@;@474 868@;@6 973@;@467 895@;@0@;@@;@0,6@;@@;@
"7013990000"@;@536 574@;@406 463@;@214 926@;@214 926@;@214 858@;@476 821@;@274 679@;@0@;@0@;@0,6@;@0@;@1,1
"0303149000"@;@@;@439 140@;@@;@@;@@;@@;@0@;@@;@@;@0,3@;@@;@
"7013420000"@;@55 436@;@@;@@;@@;@@;@@;@55 436@;@@;@@;@0@;@@;@0,5
"0910919000"@;@26 637@;@819@;@@;@@;@@;@@;@26 637@;@@;@@;@0,3@;@@;@0,56
"7314421000"@;@@;@@;@790@;@790@;@790@;@@;@790@;@0@;@@;@0,3@;@@;@
"7003121000"@;@@;@@;@677 647@;@712 482@;@480 144@;@197 504@;@480 144@;@34 835@;@@;@0,3@;@@;@
"206210000"@;@@;@@;@7 981@;@7 981@;@7 981@;@@;@7 981@;@0@;@@;@0,3@;@@;@
"8462240009"@;@677 502@;@@;@@;@@;@@;@@;@677 502@;@@;@@;@0,4@;@@;@0,58
"6201300000"@;@595 888@;@252 361@;@53 286@;@53 286@;@52 101@;@1 185@;@395 628@;@0@;@0@;@1@;@0@;@0,95
"1905905500"@;@6 534 844@;@835 490@;@2 500 712@;@2 785 133@;@2 500 712@;@276 838@;@7 923 228@;@284 421@;@284 421@;@0,6@;@170 652,6@;@0,55
"4801000000"@;@4 355 959@;@44 299@;@1 901 878@;@2 287 306@;@1 886 271@;@96 320@;@6 117 218@;@385 428@;@385 428@;@0,6@;@231 256,8@;@0,5
"8416109000"@;@40 105@;@@;@@;@@;@@;@@;@40 105@;@@;@@;@0@;@@;@0,5
"4802100000"@;@1 112@;@@;@979 811@;@1 010 654@;@965 890@;@6 257@;@974 666@;@30 843@;@1 112@;@0,3@;@333,6@;@8,38
"8480790000"@;@5 982 378@;@21 339@;@125@;@125@;@125@;@@;@5 961 164@;@0@;@0@;@0,6@;@0@;@0,62
"3215110000"@;@1 402 813@;@341 999@;@9 253 076@;@9 852 741@;@8 107 079@;@1 139 295@;@9 516 594@;@599 665@;@599 665@;@0,6@;@359 799@;@0,32
"6809110000"@;@47 779@;@19 131 901@;@83 580 590@;@84 481 621@;@68 027 950@;@9 968 846@;@73 659 523@;@901 031@;@47 779@;@1@;@47 779@;@5,86
"4703190000"@;@57 618@;@@;@@;@@;@@;@@;@57 618@;@@;@@;@0@;@@;@0,5
"8506501000"@;@2 131 310@;@@;@@;@@;@@;@@;@2 131 310@;@@;@@;@0@;@@;@0,5
"9403309100"@;@754 540@;@42 558@;@7 428 236@;@10 213 598@;@7 295 974@;@181 835@;@8 000 941@;@2 785 362@;@754 540@;@1@;@754 540@;@1,35
"4407979009"@;@1 725@;@@;@@;@@;@@;@@;@1 725@;@@;@@;@0,4@;@@;@0,58
"8481805100"@;@649 545@;@92 897@;@716 030@;@716 030@;@715 636@;@35 860@;@1 329 715@;@0@;@0@;@0,6@;@0@;@0,36
"5801230000"@;@@;@46 727@;@@;@@;@@;@@;@0@;@@;@@;@0,3@;@@;@
"8544492000"@;@5 787 877@;@253 223@;@7 312 719@;@8 104 681@;@7 212 968@;@204 643@;@12 895 953@;@791 962@;@791 962@;@1@;@791 962@;@0,47
"1209259000"@;@8 311@;@12 735@;@@;@@;@@;@@;@8 311@;@@;@@;@0,3@;@@;@0,56
"8539520002"@;@130 807@;@@;@4 334@;@4 334@;@4 334@;@@;@135 141@;@0@;@0@;@0,3@;@0@;@0,54
"8202400000"@;@236 522@;@@;@@;@@;@@;@@;@236 522@;@@;@@;@0@;@@;@0,5
"8704229802"@;@@;@30 698@;@@;@@;@@;@@;@0@;@@;@@;@0,3@;@@;@
"6208190009"@;@4 932@;@1 805@;@14 378@;@15 976@;@5 191@;@2 347@;@16 963@;@1 598@;@1 598@;@1@;@1 598@;@0,44
"2007999709"@;@@;@@;@658 605@;@660 814@;@103 423@;@555 775@;@103 423@;@2 209@;@@;@0,3@;@@;@
"3920209000"@;@@;@@;@119 857@;@124 851@;@119 857@;@19 976@;@119 857@;@4 994@;@@;@0,3@;@@;@
"0106200090"@;@@;@362 386@;@@;@@;@@;@@;@0@;@@;@@;@0,3@;@@;@
"4408399509"@;@16 283@;@@;@@;@@;@@;@@;@16 283@;@@;@@;@0@;@@;@0,5
"8433510001"@;@@;@@;@913 256@;@913 256@;@913 256@;@@;@913 256@;@0@;@@;@0,3@;@@;@
"6811890000"@;@@;@@;@216 386@;@218 482@;@216 386@;@@;@216 386@;@2 096@;@@;@0,3@;@@;@
"403901100"@;@@;@@;@5 246 834@;@5 276 304@;@5 031 828@;@215 006@;@5 031 828@;@29 470@;@@;@0,3@;@@;@
"7310211101"@;@610 325@;@30@;@@;@@;@@;@@;@610 325@;@@;@@;@0,3@;@@;@0,56
"7804110000"@;@1 452@;@@;@26 659@;@29 621@;@26 659@;@4 066@;@24 045@;@2 962@;@1 452@;@0,3@;@435,6@;@0,7
"3916200000"@;@2 930 811@;@12 430 946@;@16 185 935@;@16 334 257@;@15 516 000@;@11 532 841@;@7 583 905@;@148 322@;@148 322@;@1@;@148 322@;@0,41
"0703900000"@;@179@;@2 557 857@;@@;@@;@@;@@;@179@;@@;@@;@0,7@;@@;@0,64
"9405410011"@;@3 406@;@@;@@;@@;@@;@@;@3 406@;@@;@@;@0@;@@;@0,5
"7019909100"@;@@;@@;@332 658@;@332 658@;@282 032@;@50 626@;@282 032@;@0@;@@;@0,3@;@@;@
"8708809907"@;@@;@@;@@;@@;@@;@@;@0@;@@;@@;@0,4@;@@;@
"8450120000"@;@1 656 870@;@13 777 377@;@44 377 475@;@46 294 544@;@44 012 285@;@3 779 599@;@42 254 746@;@1 917 069@;@1 656 870@;@1@;@1 656 870@;@0,57
"2814200000"@;@10 832@;@4 507@;@6 980 766@;@27 502 502@;@6 968 536@;@36 497@;@6 955 101@;@20 521 736@;@10 832@;@1@;@10 832@;@100
"8502112000"@;@281 321@;@1 600@;@2 784@;@2 784@;@2 784@;@@;@282 505@;@0@;@0@;@0,6@;@0@;@0,62
"2009509001"@;@@;@@;@20 303@;@20 303@;@20 303@;@@;@20 303@;@0@;@@;@0,3@;@@;@
"7318155100"@;@@;@@;@790@;@790@;@790@;@@;@790@;@0@;@@;@0,3@;@@;@
"712905000"@;@@;@@;@37 282 826@;@38 341 309@;@37 258 541@;@1 278 068@;@37 258 541@;@1 058 483@;@@;@0,3@;@@;@
"6810193900"@;@@;@@;@644 002@;@659 930@;@549 541@;@94 461@;@549 541@;@15 928@;@@;@0,3@;@@;@
"2204109409"@;@3 005@;@@;@@;@@;@@;@@;@3 005@;@@;@@;@0@;@@;@0,5
"8528599000"@;@10 224 302@;@110 089@;@826 684@;@826 684@;@640 023@;@154 456@;@10 786 441@;@0@;@0@;@1@;@0@;@0,67
"1006209200"@;@55@;@@;@165 903@;@165 903@;@16 364@;@149 538@;@16 420@;@0@;@0@;@0,3@;@0@;@0,06
"5407420000"@;@36 147@;@194@;@@;@@;@@;@@;@36 147@;@@;@@;@0,3@;@@;@0,56
"9405990009"@;@@;@@;@222 705@;@244 976@;@228 155@;@4 690@;@228 155@;@22 271@;@@;@0,3@;@@;@
"8422909000"@;@3 343 702@;@381@;@@;@@;@@;@@;@3 343 702@;@@;@@;@0,3@;@@;@0,56
"2903310000"@;@@;@@;@870 178@;@870 178@;@@;@870 178@;@0@;@0@;@@;@0,3@;@@;@
"0907100000"@;@68 484@;@5 390@;@@;@@;@@;@@;@68 484@;@@;@@;@0,3@;@@;@0,56
"8483308003"@;@2 759@;@@;@1 357 149@;@1 357 939@;@1 157 444@;@75 051@;@1 284 857@;@790@;@790@;@0,3@;@237@;@0,15
"0713200000"@;@4 263 793@;@1 707 852@;@@;@@;@@;@@;@4 263 793@;@@;@@;@0,7@;@@;@0,64
"6803009000"@;@25 053@;@@;@@;@@;@@;@@;@25 053@;@@;@@;@0@;@@;@0,5
"8533210000"@;@1 923 862@;@264@;@@;@@;@@;@@;@1 923 862@;@@;@@;@0,3@;@@;@0,56
"8421290003"@;@10 564@;@@;@43 562@;@43 562@;@43 562@;@@;@54 126@;@0@;@0@;@0,3@;@0@;@0,16
"8104110000"@;@979 492@;@@;@@;@@;@@;@@;@979 492@;@@;@@;@0@;@@;@0,5
"1006302700"@;@678 137@;@23 950@;@@;@@;@@;@@;@678 137@;@@;@@;@0,3@;@@;@0,56
"6104199009"@;@5 893@;@96 152@;@185 068@;@185 068@;@185 068@;@4@;@190 957@;@0@;@0@;@1@;@0@;@0,22
"2923900000"@;@1 795 529@;@834@;@@;@@;@@;@@;@1 795 529@;@@;@@;@0,3@;@@;@0,56
"0713500000"@;@@;@2 688@;@@;@@;@@;@@;@0@;@@;@@;@0,3@;@@;@
"6110121009"@;@259 213@;@@;@168 757@;@168 757@;@168 757@;@@;@427 970@;@0@;@0@;@0,3@;@0@;@0,36
"4805110000"@;@548 638@;@870@;@1 064 503@;@1 064 503@;@1 064 503@;@@;@1 613 141@;@0@;@0@;@0,6@;@0@;@0,29
"7306304900"@;@1 295 133@;@@;@@;@@;@@;@@;@1 295 133@;@@;@@;@0@;@@;@0,5
"3204200000"@;@1 868 413@;@5 465@;@25 138@;@25 138@;@19 979@;@5 159@;@1 882 927@;@0@;@0@;@0,6@;@0@;@0,62
"8501538109"@;@@;@@;@@;@@;@@;@@;@0@;@@;@@;@0,4@;@@;@
"2208201200"@;@605 309@;@2 540 291@;@30 372 331@;@43 803 921@;@26 282 684@;@4 058 978@;@26 918 662@;@13 431 590@;@605 309@;@0,6@;@363 185,4@;@6,79
"2508400000"@;@391 005@;@1 297@;@590 180@;@602 379@;@581 741@;@26 501@;@954 684@;@12 199@;@12 199@;@0,6@;@7 319,4@;@0,33
"1905904500"@;@1 746 860@;@53 958@;@1 459 427@;@1 704 631@;@1 453 716@;@185 117@;@2 967 212@;@245 204@;@245 204@;@1@;@245 204@;@0,54
"1105200000"@;@2 226 827@;@6 069@;@1 000 312@;@1 000 312@;@816 547@;@1 027 303@;@2 193 767@;@0@;@0@;@0,6@;@0@;@0,63
"8524910019"@;@6 105@;@@;@@;@@;@@;@@;@6 105@;@@;@@;@0@;@@;@0,5
"7207198000"@;@2 884 912@;@3 324 959@;@35 717@;@35 717@;@35 717@;@@;@2 920 629@;@0@;@0@;@0,6@;@0@;@0,61
"4802562000"@;@21 840 961@;@3 488@;@30 925@;@31 616@;@26 477@;@4 448@;@21 863 950@;@691@;@691@;@1@;@691@;@0,7
"9403700008"@;@2 747 310@;@96 767@;@185 396@;@187 259@;@185 396@;@23 458@;@2 812 481@;@1 863@;@1 863@;@1@;@1 863@;@0,69
"1211908601"@;@@;@74 448@;@421 016@;@421 016@;@391 065@;@29 951@;@391 065@;@0@;@@;@0,6@;@@;@
"1302110000"@;@@;@@;@5 681 764@;@5 699 283@;@5 196 963@;@1 207 807@;@5 196 963@;@17 519@;@@;@0,3@;@@;@
"8714103000"@;@187 145@;@@;@@;@@;@@;@@;@187 145@;@@;@@;@0@;@@;@0,5
"8462900091"@;@69 940@;@@;@@;@@;@@;@@;@69 940@;@@;@@;@0@;@@;@0,5
"8462320009"@;@2 929 116@;@@;@@;@@;@@;@@;@2 929 116@;@@;@@;@0@;@@;@0,5
"2204210600"@;@@;@@;@4 300 414@;@4 994 385@;@2 748 343@;@1 563 795@;@2 748 343@;@693 971@;@@;@0,3@;@@;@
"1107101100"@;@@;@@;@32 764@;@32 764@;@32 764@;@@;@32 764@;@0@;@@;@0,3@;@@;@
"7217305000"@;@197 490@;@@;@335 047@;@335 047@;@335 047@;@@;@532 537@;@0@;@0@;@0,3@;@0@;@0,25
"7315190000"@;@145 958@;@@;@42 419@;@49 984@;@41 866@;@553@;@187 824@;@7 565@;@7 565@;@0,3@;@2 269,5@;@0,46
"2845908000"@;@43 789@;@@;@@;@@;@@;@@;@43 789@;@@;@@;@0@;@@;@0,5
"8703219093"@;@16 591@;@@;@@;@@;@@;@@;@16 591@;@@;@@;@0@;@@;@0,5
"0305493000"@;@80 388@;@@;@@;@@;@@;@@;@80 388@;@@;@@;@0@;@@;@0,5
"3301121000"@;@61 586@;@@;@@;@@;@@;@@;@61 586@;@@;@@;@0@;@@;@0,5
"8524110053"@;@21 142@;@@;@@;@@;@@;@@;@21 142@;@@;@@;@0@;@@;@0,5
"0603140000"@;@8 459@;@115 122@;@@;@@;@@;@@;@8 459@;@@;@@;@0,7@;@@;@0,64
"7318163009"@;@@;@@;@8 130@;@11 846@;@7 577@;@553@;@7 577@;@3 716@;@@;@0,3@;@@;@
"2920190000"@;@841 886@;@@;@@;@@;@@;@@;@841 886@;@@;@@;@0,4@;@@;@0,58
"9004909000"@;@619 316@;@2 720@;@44 922@;@51 359@;@44 922@;@@;@661 518@;@6 437@;@6 437@;@0,6@;@3 862,2@;@0,59
"2009905102"@;@5 578@;@@;@@;@@;@@;@@;@5 578@;@@;@@;@0@;@@;@0,5
"2922430000"@;@2 125@;@@;@@;@@;@@;@@;@2 125@;@@;@@;@0@;@@;@0,5
"2008405100"@;@7 379@;@@;@@;@@;@@;@@;@7 379@;@@;@@;@0@;@@;@0,5
"9503006900"@;@503 175@;@3 387@;@11 534@;@15 800@;@11 534@;@9 085@;@502 237@;@4 266@;@4 266@;@0,6@;@2 559,6@;@0,62
"5702390000"@;@193@;@15@;@@;@@;@@;@@;@193@;@@;@@;@0,3@;@@;@0,56
"8515290001"@;@285 156@;@@;@@;@@;@@;@@;@285 156@;@@;@@;@0@;@@;@0,5
"8306290001"@;@40 203@;@@;@@;@@;@@;@@;@40 203@;@@;@@;@0@;@@;@0,5
"5212149000"@;@120 318@;@2 284@;@@;@@;@@;@@;@120 318@;@@;@@;@0,3@;@@;@0,56
"3302104000"@;@134 782 142@;@120@;@@;@@;@@;@@;@134 782 142@;@@;@@;@0,3@;@@;@0,56
"3006109000"@;@3 186 563@;@@;@4 515 315@;@27 398 030@;@4 528 472@;@3 437 945@;@4 263 933@;@22 882 715@;@3 186 563@;@0,7@;@2 230 594,1@;@2,67
"6206200000"@;@40 359@;@@;@12 295@;@15 369@;@12 295@;@@;@52 654@;@3 074@;@3 074@;@0,3@;@922,2@;@0,47
"0206299900"@;@225 505@;@@;@@;@@;@@;@@;@225 505@;@@;@@;@0@;@@;@0,5
"6108390000"@;@9 504@;@84 008@;@10 866@;@10 866@;@10 866@;@12 101@;@8 269@;@0@;@0@;@0,6@;@0@;@0,69
"9029900009"@;@5 894 813@;@36 978@;@65 496@;@65 496@;@65 496@;@767@;@5 922 564@;@0@;@0@;@0,6@;@0@;@0,62
"1512199001"@;@@;@@;@5 871 839@;@5 871 839@;@5 867 501@;@4 337@;@5 867 501@;@0@;@@;@0,3@;@@;@
"9012109000"@;@980 774@;@@;@@;@@;@@;@@;@980 774@;@@;@@;@0@;@@;@0,5
"6204699000"@;@543 745@;@6 490@;@@;@@;@@;@@;@543 745@;@@;@@;@0,7@;@@;@0,64
"406405000"@;@@;@@;@27 573@;@27 573@;@27 149@;@3 473@;@27 149@;@0@;@@;@0,3@;@@;@
"9001408000"@;@93@;@@;@@;@@;@@;@@;@93@;@@;@@;@0@;@@;@0,5
"1106309000"@;@15 446@;@1 433@;@369 238@;@369 238@;@369 238@;@@;@384 684@;@0@;@0@;@0,6@;@0@;@0,14
"2835310000"@;@2 547 975@;@60 475@;@@;@@;@@;@@;@2 547 975@;@@;@@;@0,7@;@@;@0,64
"7214993100"@;@400 361@;@@;@@;@@;@@;@@;@400 361@;@@;@@;@0,4@;@@;@0,58
"8413200009"@;@@;@@;@790@;@8 690@;@790@;@@;@790@;@7 900@;@@;@0,3@;@@;@
"806209000"@;@@;@@;@29 987 725@;@30 348 678@;@25 835 156@;@7 924 728@;@25 835 156@;@360 953@;@@;@0,3@;@@;@
"4414900000"@;@50 637@;@12 561@;@@;@@;@@;@@;@50 637@;@@;@@;@0,7@;@@;@0,64
"2528000000"@;@@;@@;@32 288@;@47 799@;@32 288@;@@;@32 288@;@15 511@;@@;@0,3@;@@;@
"0709609900"@;@@;@457 929@;@@;@@;@@;@@;@0@;@@;@@;@0,7@;@@;@
"7304291001"@;@3 796 625@;@@;@@;@@;@@;@@;@3 796 625@;@@;@@;@0@;@@;@0,5
"4802581000"@;@903 297@;@124 642@;@11 060@;@11 060@;@11 060@;@@;@789 715@;@0@;@0@;@0,6@;@0@;@0,69
"7323939000"@;@@;@@;@541 549@;@541 549@;@535 355@;@76 536@;@535 355@;@0@;@@;@0,3@;@@;@
"3702100000"@;@10 030@;@@;@@;@@;@@;@@;@10 030@;@@;@@;@0@;@@;@0,5
"2827350000"@;@63 221@;@@;@@;@@;@@;@@;@63 221@;@@;@@;@0@;@@;@0,5
"5402620000"@;@1 814 128@;@@;@@;@@;@@;@@;@1 814 128@;@@;@@;@0@;@@;@0,5
"8462260009"@;@4 119 228@;@11 625@;@@;@@;@@;@@;@4 119 228@;@@;@@;@0,3@;@@;@0,56
"8501710000"@;@2 462@;@@;@15 800@;@16 327@;@15 800@;@@;@18 262@;@527@;@527@;@0,7@;@368,9@;@0,27
"2204216800"@;@14 436@;@@;@@;@@;@@;@@;@14 436@;@@;@@;@0@;@@;@0,5
"3002908000"@;@5 084 943@;@@;@@;@@;@@;@@;@5 084 943@;@@;@@;@0@;@@;@0,5
"5516330000"@;@@;@@;@1 680@;@1 680@;@1 680@;@@;@1 680@;@0@;@@;@0,3@;@@;@
"8479100000"@;@19 831 514@;@416 290@;@4 480 355@;@5 003 054@;@4 826 994@;@512 957@;@23 382 622@;@522 699@;@522 699@;@1@;@522 699@;@0,63
"8461200009"@;@337 686@;@@;@6 901@;@6 901@;@6 901@;@@;@344 587@;@0@;@0@;@0,3@;@0@;@0,55
"9030899009"@;@843 892@;@3 783@;@@;@@;@@;@@;@843 892@;@@;@@;@0,3@;@@;@0,56
"7317004000"@;@@;@@;@6 812@;@10 158@;@6 812@;@@;@6 812@;@3 346@;@@;@0,3@;@@;@
"0811203100"@;@232 582@;@132 854@;@@;@@;@@;@@;@232 582@;@@;@@;@0,3@;@@;@0,56
"2508600000"@;@8 615@;@@;@29 942@;@29 942@;@29 942@;@@;@38 557@;@0@;@0@;@0,3@;@0@;@0,17
"7325105000"@;@@;@@;@658 762@;@663 325@;@658 762@;@@;@658 762@;@4 563@;@@;@0,3@;@@;@
"3501901000"@;@328 356@;@@;@23 094@;@23 094@;@23 094@;@@;@351 450@;@0@;@0@;@0,3@;@0@;@0,53
"4823908597"@;@697 259@;@149 904@;@33 970@;@@;@33 970@;@@;@581 325@;@@;@@;@1@;@@;@0,8
"8448420000"@;@103 884@;@@;@92 029@;@92 029@;@92 029@;@@;@195 913@;@0@;@0@;@0,3@;@0@;@0,33
"3505209000"@;@1 817 882@;@37 623@;@550 164@;@550 164@;@563 541@;@12 161@;@2 318 262@;@0@;@0@;@1@;@0@;@0,59
"3105201000"@;@3 116 934@;@430 683@;@20 750@;@20 750@;@20 750@;@@;@2 707 001@;@0@;@0@;@0,6@;@0@;@0,7
"9027905000"@;@4 705 605@;@167 401@;@279 899@;@288 131@;@279 899@;@@;@4 818 103@;@8 232@;@8 232@;@0,6@;@4 939,2@;@0,61
"8412212008"@;@@;@@;@4 350@;@413 250@;@4 350@;@@;@4 350@;@408 900@;@@;@0,3@;@@;@
"8448511000"@;@1 018 391@;@348 639@;@@;@@;@@;@@;@1 018 391@;@@;@@;@0,3@;@@;@0,56
"8422300003"@;@39 838 085@;@693 562@;@@;@@;@@;@@;@39 838 085@;@@;@@;@0,3@;@@;@0,56
"7019900092"@;@96 359@;@@;@@;@@;@@;@@;@96 359@;@@;@@;@0@;@@;@0,5
"3006300000"@;@4 349 073@;@148@;@6 046 048@;@7 646 252@;@5 536 466@;@251 247@;@10 143 874@;@1 600 204@;@1 600 204@;@0,6@;@960 122,4@;@0,44
"3917239009"@;@@;@@;@@;@@;@@;@@;@0@;@@;@@;@0,4@;@@;@
"9405409109"@;@123@;@@;@@;@@;@@;@@;@123@;@@;@@;@0@;@@;@0,5
"8539293001"@;@1 226 046@;@@;@@;@@;@@;@@;@1 226 046@;@@;@@;@0@;@@;@0,5
"8487904000"@;@12 405@;@@;@@;@@;@@;@@;@12 405@;@@;@@;@0@;@@;@0,5
"8705100095"@;@1 836 169@;@97 460@;@@;@@;@@;@@;@1 836 169@;@@;@@;@0,3@;@@;@0,56
"4407129900"@;@28 620 163@;@@;@@;@@;@@;@@;@28 620 163@;@@;@@;@0@;@@;@0,5
"0106330090"@;@@;@990@;@@;@@;@@;@@;@0@;@@;@@;@0,3@;@@;@
"3907299001"@;@11 929 186@;@380@;@@;@@;@@;@@;@11 929 186@;@@;@@;@0,3@;@@;@0,56
"8708509901"@;@20 800 525@;@286 519@;@@;@@;@@;@@;@20 800 525@;@@;@@;@0,3@;@@;@0,56
"2009898600"@;@883@;@@;@10 122 421@;@10 125 431@;@12 362 907@;@449 321@;@9 673 983@;@3 010@;@883@;@0,3@;@264,9@;@1,08
"0303130000"@;@3 121 470@;@@;@@;@@;@@;@@;@3 121 470@;@@;@@;@0@;@@;@0,5
"7306119000"@;@564 146@;@@;@@;@@;@@;@@;@564 146@;@@;@@;@0@;@@;@0,5
"5205120006"@;@@;@20 206 351@;@14 949 656@;@14 949 656@;@14 949 656@;@@;@14 949 656@;@0@;@@;@0,6@;@@;@
"5212239000"@;@@;@@;@502 291@;@502 291@;@347 527@;@281 798@;@347 527@;@0@;@@;@0,3@;@@;@
"2009793009"@;@283@;@@;@@;@@;@@;@@;@283@;@@;@@;@0@;@@;@0,5
"3102301000"@;@58 482@;@@;@@;@@;@@;@@;@58 482@;@@;@@;@0,4@;@@;@0,58
"4202191000"@;@18 806@;@@;@@;@@;@@;@@;@18 806@;@@;@@;@0@;@@;@0,5
"5208119000"@;@384@;@301 246@;@15 181 321@;@33 633 924@;@16 531 940@;@3 532 220@;@11 649 485@;@18 452 603@;@384@;@1@;@384@;@100
"5903109001"@;@147 239@;@@;@@;@@;@@;@@;@147 239@;@@;@@;@0@;@@;@0,5
"4407289100"@;@32 191@;@@;@@;@@;@@;@@;@32 191@;@@;@@;@0@;@@;@0,5
"207131000"@;@@;@@;@1 054 622@;@1 674 003@;@1 050 602@;@4 020@;@1 050 602@;@619 381@;@@;@0,3@;@@;@
"2833190000"@;@190 721@;@599 421@;@4 317 240@;@5 014 931@;@3 966 827@;@902 605@;@3 605 356@;@697 691@;@190 721@;@1@;@190 721@;@1,32
"2801200000"@;@773 614@;@223 100@;@@;@@;@@;@@;@773 614@;@@;@@;@0,7@;@@;@0,64
"8526912000"@;@983 603@;@7 228@;@@;@@;@@;@@;@983 603@;@@;@@;@0,3@;@@;@0,56
"0604209000"@;@1 370 345@;@@;@@;@@;@@;@@;@1 370 345@;@@;@@;@0,4@;@@;@0,58
"9031803400"@;@3 949 467@;@267 017@;@@;@@;@@;@@;@3 949 467@;@@;@@;@0,3@;@@;@0,56
"9029100009"@;@2 531 053@;@260 809@;@9 933 378@;@9 933 378@;@9 928 750@;@268 005@;@12 196 426@;@0@;@0@;@0,6@;@0@;@0,22
"9105190000"@;@7 789@;@@;@@;@@;@@;@@;@7 789@;@@;@@;@0@;@@;@0,5
"8207701000"@;@181 935@;@@;@@;@@;@@;@@;@181 935@;@@;@@;@0@;@@;@0,5
"5806329000"@;@1 361 962@;@295 257@;@73 258@;@73 258@;@73 258@;@@;@1 139 963@;@0@;@0@;@0,6@;@0@;@0,72
"6203423100"@;@5 498 006@;@2 408 786@;@39 302 767@;@39 304 347@;@31 995 206@;@5 959 372@;@38 841 401@;@1 580@;@1 580@;@1@;@1 580@;@0,27
"3912110009"@;@31 395@;@@;@29 626@;@29 626@;@29 626@;@@;@61 021@;@0@;@0@;@0,3@;@0@;@0,32
"7314410000"@;@176 652@;@206@;@9 147 379@;@9 228 737@;@6 108 598@;@4 311 991@;@5 012 040@;@81 358@;@81 358@;@1@;@81 358@;@0,36
"8708508009"@;@@;@@;@790@;@8 690@;@790@;@@;@790@;@7 900@;@@;@0,3@;@@;@
"1006302100"@;@796 973@;@@;@49 634@;@56 292@;@49 634@;@63@;@846 544@;@6 658@;@6 658@;@0,7@;@4 660,6@;@0,61
"511919090"@;@@;@@;@14 891 991@;@14 891 991@;@14 859 107@;@32 885@;@14 859 107@;@0@;@@;@0,3@;@@;@
"7228701000"@;@5 050 960@;@@;@6 009 537@;@6 068 117@;@5 978 942@;@51 708@;@11 008 789@;@58 580@;@58 580@;@0,3@;@17 574@;@0,29
"0904110000"@;@841 989@;@36 871@;@@;@@;@@;@@;@841 989@;@@;@@;@0,3@;@@;@0,56
"8402200009"@;@@;@@;@203 030@;@216 071@;@203 030@;@@;@203 030@;@13 041@;@@;@0,3@;@@;@
"8529101100"@;@2 302 386@;@45 367@;@@;@@;@@;@@;@2 302 386@;@@;@@;@0,3@;@@;@0,56
"8504318009"@;@@;@@;@233 928@;@235 016@;@233 928@;@@;@233 928@;@1 088@;@@;@0,3@;@@;@
"0602909900"@;@1 652 364@;@63 529@;@@;@@;@@;@@;@1 652 364@;@@;@@;@0,7@;@@;@0,64
"2519909000"@;@357 113@;@@;@875 817@;@875 817@;@875 817@;@9 145@;@1 223 785@;@0@;@0@;@0,7@;@0@;@0,29
"3914000000"@;@22 592 796@;@41 252@;@1 343 024@;@1 343 024@;@549 451@;@793 573@;@23 100 995@;@0@;@0@;@0,6@;@0@;@0,61
"3901909000"@;@@;@@;@43 063@;@55 503@;@43 063@;@@;@43 063@;@12 440@;@@;@0,3@;@@;@
"5205330002"@;@@;@4 059 581@;@@;@@;@@;@@;@0@;@@;@@;@0,3@;@@;@
"7317001000"@;@@;@@;@456 887@;@456 887@;@140 248@;@383 145@;@140 248@;@0@;@@;@0,3@;@@;@
"2825700000"@;@179@;@@;@@;@@;@@;@@;@179@;@@;@@;@0@;@@;@0,5
"3006400000"@;@1 545 636@;@@;@417 093@;@493 456@;@342 053@;@92 880@;@1 869 849@;@76 363@;@76 363@;@0,7@;@53 454,1@;@0,57
"3809910000"@;@24 998 047@;@746 808@;@1 589 589@;@1 688 303@;@1 589 589@;@11 071@;@25 829 757@;@98 714@;@98 714@;@0,6@;@59 228,4@;@0,61
"8408908100"@;@6 573 310@;@@;@@;@@;@@;@@;@6 573 310@;@@;@@;@0@;@@;@0,5
"8460229000"@;@54 979@;@@;@@;@@;@@;@@;@54 979@;@@;@@;@0@;@@;@0,5
"4420909900"@;@261 490@;@10 895@;@36 865@;@36 865@;@36 865@;@@;@287 460@;@0@;@0@;@1@;@0@;@0,65
"8519818509"@;@427@;@@;@@;@@;@@;@@;@427@;@@;@@;@0@;@@;@0,5
"2707309000"@;@53 229@;@@;@@;@@;@@;@@;@53 229@;@@;@@;@0@;@@;@0,5
"4418109000"@;@@;@@;@736 612@;@783 856@;@658 828@;@89 715@;@658 828@;@47 244@;@@;@0,3@;@@;@
"7228102000"@;@@;@@;@242 101@;@377 872@;@242 101@;@@;@242 101@;@135 771@;@@;@0,3@;@@;@
"6107220000"@;@13 250@;@18 164@;@2 162@;@2 162@;@2 162@;@@;@15 412@;@0@;@0@;@0,6@;@0@;@0,55
"8481309102"@;@1 434@;@@;@@;@@;@@;@@;@1 434@;@@;@@;@0@;@@;@0,5
"1513199908"@;@3 078@;@@;@@;@@;@@;@@;@3 078@;@@;@@;@0@;@@;@0,5
"8802200008"@;@42 260@;@@;@@;@@;@@;@@;@42 260@;@@;@@;@0@;@@;@0,5
"8413606909"@;@@;@@;@@;@@;@@;@@;@0@;@@;@@;@0,4@;@@;@
"7221001000"@;@@;@@;@10 621@;@11 949@;@10 621@;@@;@10 621@;@1 328@;@@;@0,3@;@@;@
"6117900000"@;@809 652@;@264 623@;@728 279@;@1 764 161@;@606 783@;@125 822@;@1 412 109@;@1 035 882@;@809 652@;@0,6@;@485 791,2@;@0,79
"0602203000"@;@7 210@;@9 547@;@@;@@;@@;@@;@7 210@;@@;@@;@0,7@;@@;@0,64
"6811400009"@;@4 029@;@@;@9 431 617@;@9 951 530@;@8 318 894@;@1 811 247@;@7 624 399@;@519 913@;@4 029@;@0,7@;@2 820,3@;@38,85
"8539322009"@;@97 037@;@@;@@;@@;@@;@@;@97 037@;@@;@@;@0@;@@;@0,5
"4202111000"@;@98 136@;@@;@9 613@;@19 226@;@9 613@;@@;@107 749@;@9 613@;@9 613@;@0,7@;@6 729,1@;@0,62
"8418610011"@;@82 536@;@@;@@;@@;@@;@@;@82 536@;@@;@@;@0@;@@;@0,5
"708900000"@;@@;@@;@11 380 805@;@11 444 606@;@8 952 640@;@2 428 165@;@8 952 640@;@63 801@;@@;@0,3@;@@;@
"0405101900"@;@10 552 110@;@11 296 038@;@@;@@;@@;@@;@10 552 110@;@@;@@;@0,7@;@@;@0,64
"3906904000"@;@46 600@;@@;@@;@@;@@;@@;@46 600@;@@;@@;@0@;@@;@0,5
"3505201000"@;@187 544@;@13 296@;@135 027@;@185 034@;@135 027@;@176@;@309 099@;@50 007@;@50 007@;@0,6@;@30 004,2@;@0,5
"3917323900"@;@@;@@;@283 635@;@283 635@;@271 252@;@12 383@;@271 252@;@0@;@@;@0,3@;@@;@
"401209100"@;@@;@@;@454 654@;@473 130@;@510 329@;@@;@510 329@;@18 476@;@@;@0,3@;@@;@
"0105111900"@;@3 063 892@;@1 132 118@;@@;@@;@@;@@;@3 063 892@;@@;@@;@0,3@;@@;@0,56
"6902100000"@;@7 880 383@;@@;@21 213 816@;@22 083 382@;@16 008 309@;@4 215 781@;@24 878 418@;@869 566@;@869 566@;@0,7@;@608 696,2@;@0,33
"0207145000"@;@1 394 536@;@@;@@;@@;@@;@@;@1 394 536@;@@;@@;@0@;@@;@0,5
"8455309000"@;@251 934@;@@;@60 977@;@64 567@;@60 977@;@@;@312 911@;@3 590@;@3 590@;@0,3@;@1 077@;@0,47
"8456110000"@;@13 357 276@;@98 365@;@59@;@84@;@59@;@@;@13 258 970@;@25@;@25@;@0,6@;@15@;@0,62
"7904000000"@;@47@;@415 892@;@5 997 512@;@6 012 361@;@5 996 045@;@14 664@;@5 982 895@;@14 849@;@47@;@0,6@;@28,2@;@94,9
"1516208100"@;@1 589@;@@;@@;@@;@@;@@;@1 589@;@@;@@;@0@;@@;@0,5
"0706909003"@;@@;@@;@@;@@;@@;@@;@0@;@@;@@;@0,4@;@@;@
"2835293000"@;@43 245@;@@;@@;@@;@@;@@;@43 245@;@@;@@;@0,4@;@@;@0,58
"8418991000"@;@@;@@;@11 663@;@11 663@;@11 663@;@@;@11 663@;@0@;@@;@0,3@;@@;@
"7208529100"@;@339 626@;@@;@@;@@;@@;@@;@339 626@;@@;@@;@0@;@@;@0,5
"9405290014"@;@34 720@;@1 056@;@@;@@;@@;@@;@34 720@;@@;@@;@0,3@;@@;@0,56
"2852100008"@;@1 544@;@@;@@;@@;@@;@@;@1 544@;@@;@@;@0@;@@;@0,5
"7608208108"@;@310 276@;@@;@@;@@;@@;@@;@310 276@;@@;@@;@0@;@@;@0,5
"6302100001"@;@29 350@;@1 348 092@;@15 885 843@;@16 951 579@;@6 139 817@;@9 754 394@;@6 160 799@;@1 065 736@;@29 350@;@1@;@29 350@;@11,1
"2804690000"@;@796 989@;@@;@@;@@;@@;@@;@796 989@;@@;@@;@0@;@@;@0,5
"8421392008"@;@16 213 500@;@177 731@;@438 513@;@449 654@;@438 513@;@143 077@;@16 331 205@;@11 141@;@11 141@;@1@;@11 141@;@0,7
"8541409000"@;@@;@@;@12 428 288@;@17 353 041@;@12 000 308@;@10 459 964@;@12 000 308@;@4 924 753@;@@;@0,3@;@@;@
"5514230000"@;@1 412@;@@;@@;@@;@@;@@;@1 412@;@@;@@;@0@;@@;@0,5
"7226198000"@;@81 602@;@@;@161 430@;@161 430@;@161 430@;@4 036@;@238 996@;@0@;@0@;@0,3@;@0@;@0,23
"8514300000"@;@@;@@;@1 185@;@1 185@;@1 185@;@@;@1 185@;@0@;@@;@0,3@;@@;@
"2933291000"@;@63 792@;@@;@@;@@;@@;@@;@63 792@;@@;@@;@0@;@@;@0,5
"6006230000"@;@269 499@;@8 969 560@;@6 569 068@;@6 844 638@;@6 213 125@;@355 943@;@6 482 624@;@275 570@;@269 499@;@0,6@;@161 699,4@;@0,45
"8481807399"@;@3 318 980@;@14 000@;@1 560 195@;@1 740 797@;@1 360 096@;@75 445@;@4 789 730@;@180 602@;@180 602@;@1@;@180 602@;@0,56
"7013411000"@;@31 503@;@@;@@;@@;@@;@@;@31 503@;@@;@@;@0@;@@;@0,5
"7209250000"@;@314 444@;@@;@74 204@;@74 204@;@74 204@;@@;@388 648@;@0@;@0@;@0,3@;@0@;@0,46
"8413703009"@;@@;@@;@@;@@;@@;@@;@0@;@@;@@;@0,4@;@@;@
"7006001000"@;@2 460@;@130@;@644 364@;@644 364@;@644 364@;@1 264@;@645 560@;@0@;@0@;@0,6@;@0@;@0,12
"2827510000"@;@315 301@;@@;@@;@@;@@;@@;@315 301@;@@;@@;@0,4@;@@;@0,58
"4407101500"@;@@;@@;@82 977@;@82 977@;@82 977@;@@;@82 977@;@0@;@@;@0,3@;@@;@
"8481806310"@;@132 804@;@@;@72 411@;@72 411@;@72 017@;@394@;@204 821@;@0@;@0@;@0,3@;@0@;@0,38
"7318220008"@;@2 422 639@;@81 873@;@26 676@;@28 501@;@26 676@;@@;@2 367 442@;@1 825@;@1 825@;@1@;@1 825@;@0,71
"7315829000"@;@@;@@;@4 440@;@13 565@;@4 440@;@@;@4 440@;@9 125@;@@;@0,3@;@@;@
"6602000000"@;@71 298@;@@;@@;@@;@@;@@;@71 298@;@@;@@;@0@;@@;@0,5
"4421200000"@;@15 449@;@@;@@;@@;@@;@@;@15 449@;@@;@@;@0@;@@;@0,5
"9503001001"@;@80 715@;@137 898@;@@;@@;@@;@@;@80 715@;@@;@@;@0,3@;@@;@0,56
"5516910000"@;@186@;@@;@17 175@;@18 668@;@17 175@;@@;@17 361@;@1 493@;@186@;@0,3@;@55,8@;@2,47
"2922170000"@;@6 742 468@;@56@;@@;@@;@@;@@;@6 742 468@;@@;@@;@0,3@;@@;@0,56
"8538909200"@;@6 574 193@;@673 097@;@@;@@;@@;@@;@6 574 193@;@@;@@;@0,3@;@@;@0,56
"2309103300"@;@@;@@;@1 317@;@1 756@;@316@;@@;@316@;@439@;@@;@0,3@;@@;@
"3202100000"@;@2 439 556@;@11 250@;@@;@@;@@;@@;@2 439 556@;@@;@@;@0,3@;@@;@0,56
"8412298909"@;@377 987@;@17@;@1 360 976@;@1 769 876@;@1 161 271@;@75 051@;@1 663 912@;@408 900@;@377 987@;@0,6@;@226 792,2@;@0,56
"9022900000"@;@2 375 296@;@10 715@;@95 431@;@95 431@;@95 431@;@23 858@;@2 436 154@;@0@;@0@;@0,6@;@0@;@0,61
"3002905000"@;@@;@@;@1 919 896@;@2 135 867@;@1 905 941@;@13 955@;@1 905 941@;@215 971@;@@;@0,3@;@@;@
"406409000"@;@@;@@;@6 992@;@13 984@;@6 992@;@@;@6 992@;@6 992@;@@;@0,3@;@@;@
"8457309000"@;@277 864@;@64 125@;@@;@@;@@;@@;@277 864@;@@;@@;@0,3@;@@;@0,56
"0207428000"@;@152 673@;@@;@@;@@;@@;@@;@152 673@;@@;@@;@0@;@@;@0,5
"8481209009"@;@2 104 416@;@14 707@;@2 460@;@2 460@;@2 381@;@79@;@2 092 090@;@0@;@0@;@0,6@;@0@;@0,62
"2007992000"@;@@;@@;@53 188@;@53 188@;@53 188@;@@;@53 188@;@0@;@@;@0,3@;@@;@
"6207999000"@;@50 982@;@9 256@;@8 792 590@;@9 657 783@;@8 017 594@;@562 176@;@8 281 396@;@865 193@;@50 982@;@1@;@50 982@;@5,29
"8411822008"@;@2 603 845@;@@;@@;@@;@@;@@;@2 603 845@;@@;@@;@0@;@@;@0,5
"5106101000"@;@162@;@117 979@;@@;@@;@@;@@;@162@;@@;@@;@0,3@;@@;@0,56
"8905101000"@;@@;@@;@27 862@;@27 862@;@27 862@;@@;@27 862@;@0@;@@;@0,3@;@@;@
"4005910000"@;@1 776 407@;@109 823@;@421 644@;@432 455@;@415 373@;@6 271@;@2 081 957@;@10 811@;@10 811@;@1@;@10 811@;@0,63
"6815130000"@;@133 283@;@@;@@;@@;@@;@@;@133 283@;@@;@@;@0@;@@;@0,5
"8715009000"@;@124 866@;@240@;@@;@@;@@;@@;@124 866@;@@;@@;@0,3@;@@;@0,56
"402911100"@;@@;@@;@7 274 156@;@7 274 156@;@7 271 154@;@3 002@;@7 271 154@;@0@;@@;@0,3@;@@;@
"6004100000"@;@9 167 421@;@79 340 655@;@23 761 153@;@32 705 393@;@23 491 276@;@362 280@;@32 566 294@;@8 944 240@;@8 944 240@;@0,6@;@5 366 544@;@0,55
"1904209100"@;@3 419@;@91 583@;@@;@@;@@;@@;@3 419@;@@;@@;@0,3@;@@;@0,56
"8467190000"@;@816 764@;@592@;@@;@@;@@;@@;@816 764@;@@;@@;@0,7@;@@;@0,64
"8454309003"@;@653 322@;@@;@@;@@;@@;@@;@653 322@;@@;@@;@0@;@@;@0,5
"8504408800"@;@@;@@;@29 659@;@33 896@;@29 659@;@@;@29 659@;@4 237@;@@;@0,3@;@@;@
"8481806100"@;@7 494 061@;@1 782@;@185 591@;@641 039@;@169 474@;@205 902@;@7 471 968@;@455 448@;@455 448@;@1@;@455 448@;@0,72
"1515905001"@;@@;@17 992@;@@;@@;@@;@@;@0@;@@;@@;@0,3@;@@;@
"6403919100"@;@507 710@;@@;@69 047@;@76 493@;@68 415@;@632@;@576 125@;@7 446@;@7 446@;@0,7@;@5 212,2@;@0,59
"6109909000"@;@525 282@;@12 684 237@;@120 467 711@;@127 738 842@;@85 975 623@;@36 376 217@;@84 616 776@;@7 271 131@;@525 282@;@1@;@525 282@;@4,36
"6909900000"@;@6 678@;@23@;@4 410@;@27 918@;@4 033@;@377@;@10 688@;@23 508@;@6 678@;@0,6@;@4 006,8@;@1,49
"0106391000"@;@1 329@;@8@;@@;@@;@@;@@;@1 329@;@@;@@;@0,3@;@@;@0,56
"8423109000"@;@186 401@;@700@;@42 098@;@42 098@;@41 379@;@899@;@226 900@;@0@;@0@;@1@;@0@;@0,61
"402101100"@;@@;@@;@9 221 001@;@9 346 987@;@7 091 685@;@2 392 431@;@7 091 685@;@125 986@;@@;@0,3@;@@;@
"7213200000"@;@@;@@;@5 949@;@7 436@;@5 949@;@@;@5 949@;@1 487@;@@;@0,3@;@@;@
"8501402002"@;@@;@@;@509@;@509@;@255@;@255@;@255@;@0@;@@;@0,3@;@@;@
"7013100000"@;@1 368 320@;@13 519@;@37 654@;@65 166@;@38 889@;@14 989@;@1 377 466@;@27 512@;@27 512@;@0,6@;@16 507,2@;@0,62
"4013200000"@;@2 038 788@;@371@;@7 987@;@7 987@;@7 987@;@@;@2 046 404@;@0@;@0@;@0,6@;@0@;@0,62
"7312102000"@;@850 788@;@3 258@;@7 210@;@7 210@;@7 210@;@@;@854 740@;@0@;@0@;@0,6@;@0@;@0,62
"2903190000"@;@@;@@;@281 905@;@357 242@;@27 593@;@435 939@;@27 593@;@75 337@;@@;@0,3@;@@;@
"9620000004"@;@62 073@;@@;@@;@@;@@;@@;@62 073@;@@;@@;@0@;@@;@0,5
"7005293500"@;@2 150 092@;@652 596@;@81 134@;@81 134@;@81 134@;@@;@1 578 630@;@0@;@0@;@0,6@;@0@;@0,8
"6403510501"@;@@;@@;@82 491@;@119 987@;@82 491@;@@;@82 491@;@37 496@;@@;@0,3@;@@;@
"0805501000"@;@3 130 725@;@4 522 120@;@@;@@;@@;@@;@3 130 725@;@@;@@;@0,7@;@@;@0,64
"8408209907"@;@18 249 063@;@55 256@;@@;@@;@@;@@;@18 249 063@;@@;@@;@0,3@;@@;@0,56
"1806203000"@;@49 397@;@@;@12 118@;@807 867@;@12 118@;@@;@61 515@;@795 749@;@49 397@;@0,3@;@14 819,1@;@5,29
"6402129000"@;@16 517@;@@;@@;@@;@@;@@;@16 517@;@@;@@;@0@;@@;@0,5
"9508300000"@;@585 162@;@14 700@;@@;@@;@@;@@;@585 162@;@@;@@;@0,3@;@@;@0,56
"2918230000"@;@2 137@;@@;@@;@@;@@;@@;@2 137@;@@;@@;@0@;@@;@0,5
"9405190021"@;@1 433@;@@;@@;@@;@@;@@;@1 433@;@@;@@;@0@;@@;@0,5
"9030331000"@;@1 168 978@;@196@;@@;@@;@@;@@;@1 168 978@;@@;@@;@0,3@;@@;@0,56
"8529103100"@;@23 819@;@16@;@@;@@;@@;@@;@23 819@;@@;@@;@0,3@;@@;@0,56
"7217109000"@;@11 219 288@;@639 138@;@7 506 290@;@8 139 673@;@6 659 817@;@544 893@;@17 541 547@;@633 383@;@633 383@;@1@;@633 383@;@0,54
"8422190000"@;@411 004@;@9 855@;@95 450@;@95 450@;@95 450@;@@;@496 599@;@0@;@0@;@1@;@0@;@0,61
"7010901009"@;@2 051 427@;@1 096 673@;@@;@@;@@;@@;@2 051 427@;@@;@@;@0,3@;@@;@0,56
"8409990001"@;@368 570@;@4 633@;@186 940@;@186 940@;@186 940@;@@;@550 877@;@0@;@0@;@0,6@;@0@;@0,45
"3304100000"@;@2 763 113@;@@;@4 019@;@4 401@;@4 019@;@@;@2 767 132@;@382@;@382@;@0,3@;@114,6@;@0,56
"6103490001"@;@245 563@;@378 680@;@89 875@;@89 875@;@89 875@;@@;@335 438@;@0@;@0@;@1@;@0@;@0,57
"8504901800"@;@@;@@;@16 195@;@16 195@;@16 195@;@@;@16 195@;@0@;@@;@0,3@;@@;@
"7314420000"@;@75 922@;@@;@24 868@;@24 868@;@24 868@;@@;@100 790@;@0@;@0@;@0,7@;@0@;@0,52
"8529108000"@;@106 724@;@@;@2 765 220@;@2 765 220@;@3 021 879@;@1 326 834@;@1 545 110@;@0@;@0@;@0,3@;@0@;@0,09
"2909110000"@;@10 186@;@@;@@;@@;@@;@@;@10 186@;@@;@@;@0@;@@;@0,5
"8705300001"@;@183 080@;@@;@10 781 079@;@13 914 621@;@6 368 563@;@4 412 516@;@6 551 643@;@3 133 542@;@183 080@;@0,7@;@128 156@;@5,29
"4805199000"@;@3 772 044@;@803 760@;@8 698 734@;@10 173 057@;@9 054 219@;@536 592@;@11 934 186@;@1 474 323@;@1 474 323@;@1@;@1 474 323@;@0,48
"0403201900"@;@43 113@;@@;@@;@@;@@;@@;@43 113@;@@;@@;@0@;@@;@0,5
"8445400001"@;@4 599 836@;@@;@@;@@;@@;@@;@4 599 836@;@@;@@;@0@;@@;@0,5
"9304000000"@;@137 678@;@30 867@;@166 634@;@166 634@;@161 982@;@4 652@;@299 660@;@0@;@0@;@1@;@0@;@0,43
"4901910000"@;@76 065@;@@;@@;@@;@@;@@;@76 065@;@@;@@;@0@;@@;@0,5
"8467219100"@;@4 319 577@;@274 311@;@@;@@;@@;@@;@4 319 577@;@@;@@;@0,3@;@@;@0,56
"8418999000"@;@7 844 892@;@1 110 912@;@806 660@;@806 660@;@806 660@;@@;@7 540 640@;@0@;@0@;@0,6@;@0@;@0,64
"8708949101"@;@1 430 760@;@@;@@;@@;@@;@@;@1 430 760@;@@;@@;@0@;@@;@0,5
"0908120000"@;@4 452@;@@;@@;@@;@@;@@;@4 452@;@@;@@;@0@;@@;@0,5
"8506509000"@;@768 907@;@4 419@;@@;@@;@@;@@;@768 907@;@@;@@;@0,3@;@@;@0,56
"8305900000"@;@248 694@;@268@;@16 446@;@16 446@;@16 446@;@@;@264 872@;@0@;@0@;@1@;@0@;@0,67
"5206120006"@;@204 480@;@401 986@;@@;@@;@@;@@;@204 480@;@@;@@;@0,3@;@@;@0,56
"8428907100"@;@83 435@;@@;@115 050@;@126 736@;@68 439@;@60 152@;@138 333@;@11 686@;@11 686@;@0,3@;@3 505,8@;@0,4
"9406909001"@;@8 946 924@;@@;@3 406 396@;@5 151 716@;@3 206 691@;@75 051@;@12 278 269@;@1 745 320@;@1 745 320@;@0,3@;@523 596@;@0,48
"7312104900"@;@361 618@;@27@;@47 320@;@52 358@;@47 320@;@@;@408 911@;@5 038@;@5 038@;@0,6@;@3 022,8@;@0,57
"8465911000"@;@107 241@;@8 466@;@@;@@;@@;@@;@107 241@;@@;@@;@0,3@;@@;@0,56
"7019310000"@;@@;@@;@11 223 566@;@11 223 566@;@10 720 254@;@503 313@;@10 720 254@;@0@;@@;@0,3@;@@;@
"5604100000"@;@1 128 164@;@396 901@;@1 296 695@;@1 569 628@;@1 286 212@;@136 144@;@2 288 715@;@272 933@;@272 933@;@0,6@;@163 759,8@;@0,44
"8517709001"@;@@;@@;@13 245@;@13 245@;@13 245@;@@;@13 245@;@0@;@@;@0,3@;@@;@
"5007203900"@;@@;@@;@4 710 884@;@4 710 884@;@4 710 884@;@214 859@;@4 710 884@;@0@;@@;@0,3@;@@;@
"6815200000"@;@@;@@;@2 936 249@;@2 937 280@;@2 936 249@;@@;@2 936 249@;@1 031@;@@;@0,3@;@@;@
"2824900009"@;@119 841@;@@;@@;@@;@@;@@;@119 841@;@@;@@;@0@;@@;@0,5
"3402901001"@;@186 124@;@@;@124 511@;@124 511@;@121 526@;@5 604@;@305 031@;@0@;@0@;@0,3@;@0@;@0,37
"8483105000"@;@341 754@;@51 615@;@116 881@;@117 232@;@116 881@;@@;@407 020@;@351@;@351@;@0,6@;@210,6@;@0,54
"8539520009"@;@4 838 480@;@192 176@;@4 373@;@4 373@;@4 355@;@18@;@4 650 659@;@0@;@0@;@1@;@0@;@0,72
"6303921000"@;@9 238@;@@;@512 668@;@535 769@;@493 678@;@18 990@;@502 916@;@23 101@;@9 238@;@0,7@;@6 466,6@;@0,9
"2008309001"@;@13 820@;@@;@@;@@;@@;@@;@13 820@;@@;@@;@0@;@@;@0,5
"6301401000"@;@1 577 934@;@109 240@;@912 029@;@912 029@;@869 391@;@211 548@;@2 169 175@;@0@;@0@;@1@;@0@;@0,56
"4805240000"@;@548 955@;@376 631@;@@;@@;@@;@@;@548 955@;@@;@@;@0,3@;@@;@0,56
"8714911009"@;@1 450 409@;@@;@@;@@;@@;@@;@1 450 409@;@@;@@;@0@;@@;@0,5
"3503001009"@;@44 792@;@@;@@;@@;@@;@@;@44 792@;@@;@@;@0@;@@;@0,5
"8539511099"@;@60 452@;@@;@@;@@;@@;@@;@60 452@;@@;@@;@0@;@@;@0,5
"7217103900"@;@2 523 390@;@@;@4 674 141@;@4 793 147@;@4 678 832@;@4 893@;@7 192 638@;@119 006@;@119 006@;@0,7@;@83 304,2@;@0,33
"9030203009"@;@74 145@;@@;@@;@@;@@;@@;@74 145@;@@;@@;@0@;@@;@0,5
"7408191000"@;@40 876@;@333 382 587@;@277 157 619@;@396 710 507@;@270 234 265@;@11 917 097@;@265 281 398@;@119 552 888@;@40 876@;@1@;@40 876@;@100
"7217902000"@;@26 350@;@@;@3 005 931@;@3 127 466@;@3 005 931@;@@;@3 032 281@;@121 535@;@26 350@;@0,3@;@7 905@;@1,45
"8447120001"@;@6 438 284@;@@;@@;@@;@@;@@;@6 438 284@;@@;@@;@0@;@@;@0,5
"5702490000"@;@336 506@;@@;@11 846 660@;@12 232 201@;@13 390 467@;@912 871@;@11 270 295@;@385 541@;@336 506@;@0,3@;@100 951,8@;@0,42
"8462630019"@;@84 046@;@@;@@;@@;@@;@@;@84 046@;@@;@@;@0@;@@;@0,5
"6601999000"@;@79 364@;@1 608@;@@;@@;@@;@@;@79 364@;@@;@@;@0,3@;@@;@0,56
"3503008001"@;@@;@@;@1 256@;@1 256@;@1 256@;@@;@1 256@;@0@;@@;@0,3@;@@;@
"0403906900"@;@112 359@;@@;@@;@@;@@;@@;@112 359@;@@;@@;@0@;@@;@0,5
"3207401000"@;@@;@@;@371 823@;@374 529@;@204 095@;@167 728@;@204 095@;@2 706@;@@;@0,3@;@@;@
"1806208000"@;@927 060@;@220 087@;@@;@@;@@;@@;@927 060@;@@;@@;@0,3@;@@;@0,56
"8517610001"@;@29 110 280@;@@;@4 065 683@;@4 065 683@;@4 065 683@;@154 132@;@33 021 831@;@0@;@0@;@0,3@;@0@;@0,5
"6404209000"@;@232 198@;@223 586@;@24 017@;@27 841@;@12 656@;@3 569@;@252 646@;@3 824@;@3 824@;@1@;@3 824@;@0,66
"2203000900"@;@128 552@;@210@;@42 899 681@;@45 315 155@;@43 449 982@;@576 180@;@42 452 053@;@2 415 474@;@128 552@;@0,6@;@77 131,2@;@5,76
"712900500"@;@@;@@;@3 950@;@13 825@;@3 950@;@@;@3 950@;@9 875@;@@;@0,3@;@@;@
"8418509100"@;@@;@@;@40 277@;@40 277@;@40 277@;@@;@40 277@;@0@;@@;@0,3@;@@;@
"9504400000"@;@241 419@;@@;@@;@@;@@;@@;@241 419@;@@;@@;@0@;@@;@0,5
"0709700000"@;@6 891@;@379 417@;@@;@@;@@;@@;@6 891@;@@;@@;@0,7@;@@;@0,64
"5505109000"@;@@;@@;@10 823@;@10 823@;@10 823@;@@;@10 823@;@0@;@@;@0,3@;@@;@
"2903610000"@;@262 900@;@@;@@;@@;@@;@@;@262 900@;@@;@@;@0@;@@;@0,5
"1703900000"@;@258 129@;@414@;@90 873@;@108 182@;@90 873@;@@;@348 588@;@17 309@;@17 309@;@0,6@;@10 385,4@;@0,51
"1211908609"@;@947 755@;@1 092 010@;@359 822@;@384 022@;@359 822@;@28 225@;@1 279 352@;@24 200@;@24 200@;@1@;@24 200@;@0,58
"5211200000"@;@5 710@;@685@;@4 225@;@4 225@;@4 225@;@@;@9 250@;@0@;@0@;@0,6@;@0@;@0,43
"2941100000"@;@3 363 833@;@@;@89 777@;@179 554@;@89 777@;@@;@3 453 610@;@89 777@;@89 777@;@0,3@;@26 933,1@;@0,56
"8426490010"@;@@;@@;@1 355 269@;@1 355 269@;@1 155 564@;@75 051@;@1 155 564@;@0@;@@;@0,3@;@@;@
"6111201000"@;@398@;@6 865@;@53 731 564@;@60 596 212@;@42 340 700@;@2 884 992@;@50 846 970@;@6 864 648@;@398@;@0,6@;@238,8@;@100
"8507208009"@;@@;@@;@@;@@;@@;@@;@0@;@@;@@;@0,4@;@@;@
"0303240000"@;@5 116 814@;@@;@@;@@;@@;@@;@5 116 814@;@@;@@;@0@;@@;@0,5
"1102905000"@;@48 841@;@@;@15 587@;@23 839@;@15 587@;@@;@64 428@;@8 252@;@8 252@;@0,3@;@2 475,6@;@0,49
"6302600000"@;@642 133@;@114 093 935@;@145 341 671@;@160 409 649@;@143 568 319@;@9 760 059@;@136 223 745@;@15 067 978@;@642 133@;@1@;@642 133@;@7,24
"713310001"@;@@;@@;@17 815 295@;@18 567 614@;@17 645 579@;@329 759@;@17 645 579@;@752 319@;@@;@0,3@;@@;@
"2613900000"@;@62 728@;@@;@@;@@;@@;@@;@62 728@;@@;@@;@0@;@@;@0,5
"9101910000"@;@75@;@@;@@;@@;@@;@@;@75@;@@;@@;@0@;@@;@0,5
"8477598000"@;@2 470 395@;@75 898@;@@;@@;@@;@@;@2 470 395@;@@;@@;@0,3@;@@;@0,56
"3919903800"@;@@;@@;@433 009@;@470 662@;@417 757@;@30 050@;@417 757@;@37 653@;@@;@0,3@;@@;@
"0105991000"@;@2 608@;@@;@@;@@;@@;@@;@2 608@;@@;@@;@0@;@@;@0,5
"4810130004"@;@3 226 470@;@@;@2 010@;@2 010@;@2 010@;@@;@3 228 480@;@0@;@0@;@0,3@;@0@;@0,56
"7019620009"@;@2 955 852@;@356@;@2 022@;@2 022@;@2 022@;@@;@2 957 518@;@0@;@0@;@0,6@;@0@;@0,62
"8433600000"@;@1 028 224@;@@;@@;@@;@@;@@;@1 028 224@;@@;@@;@0@;@@;@0,5
"1704101000"@;@882 082@;@126 662@;@7 654 203@;@7 891 219@;@6 423 922@;@671 022@;@7 865 263@;@237 016@;@237 016@;@0,6@;@142 209,6@;@0,26
"4504109900"@;@17 333@;@@;@16 611@;@16 611@;@16 611@;@@;@33 944@;@0@;@0@;@0,3@;@0@;@0,32
"3926909100"@;@@;@@;@210 542@;@215 746@;@212 122@;@2 757@;@212 122@;@5 204@;@@;@0,3@;@@;@
"9401910009"@;@556 421@;@53 911@;@150 459@;@150 459@;@146 601@;@3 858@;@649 111@;@0@;@0@;@1@;@0@;@0,63
"304111000"@;@@;@@;@61 795@;@77 244@;@61 795@;@@;@61 795@;@15 449@;@@;@0,3@;@@;@
"4811510001"@;@@;@@;@2 300 796@;@2 826 893@;@2 072 701@;@468 805@;@2 072 701@;@526 097@;@@;@0,3@;@@;@
"4807008000"@;@33 565@;@78 634@;@@;@@;@@;@@;@33 565@;@@;@@;@0,3@;@@;@0,56
"1806907000"@;@2 072 186@;@36 293@;@@;@@;@@;@@;@2 072 186@;@@;@@;@0,3@;@@;@0,56
"8412218003"@;@@;@@;@4 350@;@413 250@;@4 350@;@@;@4 350@;@408 900@;@@;@0,3@;@@;@
"4407255000"@;@@;@@;@4 522@;@4 522@;@4 522@;@@;@4 522@;@0@;@@;@0,3@;@@;@
"401201101"@;@@;@@;@412 230@;@412 230@;@412 230@;@@;@412 230@;@0@;@@;@0,3@;@@;@
"8418610019"@;@135 302@;@@;@@;@@;@@;@@;@135 302@;@@;@@;@0@;@@;@0,5
"2902200000"@;@1 377@;@@;@@;@@;@@;@@;@1 377@;@@;@@;@0@;@@;@0,5
"2936260000"@;@112 607@;@@;@@;@@;@@;@@;@112 607@;@@;@@;@0@;@@;@0,5
"8419891000"@;@8 677 677@;@750@;@1 385 317@;@1 385 317@;@1 185 612@;@1 106 020@;@8 956 224@;@0@;@0@;@1@;@0@;@0,68
"1704906200"@;@2 792 184@;@1 455 219@;@1 561@;@1 561@;@1 561@;@@;@1 338 526@;@0@;@0@;@0,6@;@0@;@1,16
"2914691000"@;@250@;@@;@@;@@;@@;@@;@250@;@@;@@;@0@;@@;@0,5
"1602509500"@;@@;@@;@380 182@;@1 258 400@;@349 869@;@33 937@;@349 869@;@878 218@;@@;@0,3@;@@;@
"9405210012"@;@36 178@;@@;@@;@@;@@;@@;@36 178@;@@;@@;@0@;@@;@0,5
"4101900000"@;@@;@@;@709 536@;@712 700@;@702 139@;@7 397@;@702 139@;@3 164@;@@;@0,3@;@@;@
"8539229000"@;@119 489@;@2 454@;@@;@@;@@;@@;@119 489@;@@;@@;@0,3@;@@;@0,56
"8306290009"@;@482 552@;@9 028@;@135 204@;@151 671@;@135 204@;@@;@608 728@;@16 467@;@16 467@;@1@;@16 467@;@0,61
"8708991000"@;@6 385 409@;@159 283@;@13 148 563@;@14 427 032@;@10 679 676@;@2 770 697@;@16 763 275@;@1 278 469@;@1 278 469@;@0,6@;@767 081,4@;@0,37
"3402310000"@;@13 874 159@;@306 490@;@@;@@;@@;@@;@13 874 159@;@@;@@;@0,7@;@@;@0,64
"4002700000"@;@4 895 645@;@208 287@;@@;@@;@@;@@;@4 895 645@;@@;@@;@0,3@;@@;@0,56
"6203425100"@;@848@;@141 075@;@214 341@;@214 341@;@236 517@;@15 576@;@199 613@;@0@;@0@;@1@;@0@;@0,2
"4821101000"@;@1 070 834@;@167 731@;@22 079 513@;@23 502 443@;@21 461 198@;@616 776@;@22 533 571@;@1 422 930@;@1 070 834@;@1@;@1 070 834@;@0,62
"0904211000"@;@45@;@2 490 287@;@@;@@;@@;@@;@45@;@@;@@;@0,3@;@@;@0,56
"6403190000"@;@474 296@;@3 817@;@97 954@;@97 954@;@97 954@;@1 819@;@566 614@;@0@;@0@;@1@;@0@;@0,62
"6302321000"@;@90@;@824@;@@;@@;@@;@@;@90@;@@;@@;@0,7@;@@;@0,64
"9032102000"@;@2 407 141@;@6 478@;@@;@@;@@;@@;@2 407 141@;@@;@@;@0,3@;@@;@0,56
"8459290000"@;@1 571 199@;@4 142@;@11 151@;@11 151@;@11 151@;@@;@1 578 208@;@0@;@0@;@0,6@;@0@;@0,62
"5806100000"@;@102 780@;@445@;@247 084@;@297 015@;@166 323@;@86 792@;@263 072@;@49 931@;@49 931@;@0,6@;@29 958,6@;@0,46
"8413200001"@;@@;@@;@790@;@8 690@;@790@;@@;@790@;@7 900@;@@;@0,3@;@@;@
"3917320009"@;@8 660 489@;@1 317 028@;@7 771 495@;@8 088 275@;@7 714 883@;@2 894 487@;@13 537 497@;@316 780@;@316 780@;@1@;@316 780@;@0,53
"2934309000"@;@745@;@@;@@;@@;@@;@@;@745@;@@;@@;@0@;@@;@0,5
"5514301000"@;@3 863@;@@;@@;@@;@@;@@;@3 863@;@@;@@;@0@;@@;@0,5
"8906909900"@;@8 167@;@@;@@;@@;@@;@@;@8 167@;@@;@@;@0@;@@;@0,5
"8426990000"@;@625 692@;@51 500@;@729 279@;@836 711@;@486 994@;@243 022@;@1 111 949@;@107 432@;@107 432@;@0,6@;@64 459,2@;@0,45
"8467292000"@;@1 920 681@;@184 410@;@@;@@;@@;@@;@1 920 681@;@@;@@;@0,3@;@@;@0,56
"3824999601"@;@446 440@;@23 788@;@@;@@;@@;@@;@446 440@;@@;@@;@0,3@;@@;@0,56
"1701910035"@;@36 907@;@@;@@;@@;@@;@@;@36 907@;@@;@@;@0@;@@;@0,5
"1602491900"@;@150 676@;@@;@@;@@;@@;@@;@150 676@;@@;@@;@0@;@@;@0,5
"4802618000"@;@3 473 901@;@158 920@;@333 590@;@333 590@;@333 590@;@@;@3 648 571@;@0@;@0@;@0,6@;@0@;@0,6
"3925100000"@;@1 532 272@;@1 446 754@;@6 391 684@;@6 693 727@;@6 066 285@;@482 613@;@7 441 343@;@302 043@;@302 043@;@1@;@302 043@;@0,36
"8415820000"@;@988 612@;@612 745@;@333 564@;@333 564@;@333 564@;@84 492@;@624 939@;@0@;@0@;@0,6@;@0@;@0,91
"8523299000"@;@18 527@;@360@;@10 158@;@24 609@;@10 158@;@@;@28 325@;@14 451@;@14 451@;@0,6@;@8 670,6@;@0,68
"8527919900"@;@77 061@;@@;@@;@@;@@;@@;@77 061@;@@;@@;@0@;@@;@0,5
"2402100000"@;@1 193 876@;@@;@@;@@;@@;@@;@1 193 876@;@@;@@;@0@;@@;@0,5
"8536700003"@;@270 725@;@@;@288 370@;@308 968@;@208 759@;@174 352@;@384 743@;@20 598@;@20 598@;@0,3@;@6 179,4@;@0,43
"8541410009"@;@1 786 139@;@44 557@;@203 760@;@203 760@;@142 933@;@60 827@;@1 884 515@;@0@;@0@;@1@;@0@;@0,67
"5302100000"@;@@;@5 014@;@@;@@;@@;@@;@0@;@@;@@;@0,3@;@@;@
"2007993909"@;@908 329@;@26 537@;@12 590@;@13 849@;@9 798@;@279@;@894 103@;@1 259@;@1 259@;@1@;@1 259@;@0,71
"6109902000"@;@1 346 309@;@657 414@;@72 620 798@;@73 216 529@;@62 170 603@;@5 367 732@;@68 599 375@;@595 731@;@595 731@;@1@;@595 731@;@0,34
"2309905300"@;@@;@@;@1 575 083@;@1 605 553@;@1 679 209@;@50 744@;@1 679 209@;@30 470@;@@;@0,3@;@@;@
"401209101"@;@@;@@;@408 816@;@408 816@;@408 816@;@@;@408 816@;@0@;@@;@0,3@;@@;@
"2915400000"@;@2 187 520@;@@;@@;@@;@@;@@;@2 187 520@;@@;@@;@0@;@@;@0,5
"5007201900"@;@@;@@;@2 697 004@;@2 707 709@;@2 697 004@;@28 286@;@2 697 004@;@10 705@;@@;@0,3@;@@;@
"0406909901"@;@4 088@;@@;@@;@@;@@;@@;@4 088@;@@;@@;@0@;@@;@0,5
"7616910000"@;@19 482@;@@;@11 780@;@11 780@;@11 780@;@@;@31 262@;@0@;@0@;@0,3@;@0@;@0,37
"205002000"@;@@;@@;@139 207@;@515 581@;@139 207@;@@;@139 207@;@376 374@;@@;@0,3@;@@;@
"0304992200"@;@69 484@;@@;@@;@@;@@;@@;@69 484@;@@;@@;@0@;@@;@0,5
"8413820011"@;@@;@@;@3 555@;@4 444@;@3 555@;@@;@3 555@;@889@;@@;@0,3@;@@;@
"2918193000"@;@277 945@;@@;@@;@@;@@;@@;@277 945@;@@;@@;@0@;@@;@0,5
"9403109801"@;@@;@@;@249 666@;@254 914@;@249 666@;@70@;@249 666@;@5 248@;@@;@0,7@;@@;@
"7409390000"@;@7 950@;@@;@@;@@;@@;@@;@7 950@;@@;@@;@0@;@@;@0,5
"5205140006"@;@@;@192 722@;@@;@@;@@;@@;@0@;@@;@@;@0,3@;@@;@
"2831900000"@;@198 398@;@@;@@;@@;@@;@@;@198 398@;@@;@@;@0@;@@;@0,5
"0710220000"@;@30 558@;@597@;@@;@@;@@;@@;@30 558@;@@;@@;@0,3@;@@;@0,56
"8502202000"@;@2 660 264@;@42 481@;@@;@@;@@;@@;@2 660 264@;@@;@@;@0,3@;@@;@0,56
"8414308105"@;@15 274 221@;@266 827@;@616@;@616@;@616@;@@;@15 008 010@;@0@;@0@;@0,6@;@0@;@0,63
"3809101000"@;@11 932@;@@;@5 749 543@;@5 788 650@;@5 648 880@;@100 663@;@5 660 812@;@39 107@;@11 932@;@0,3@;@3 579,6@;@1,04
"8708508001"@;@@;@@;@790@;@8 690@;@790@;@@;@790@;@7 900@;@@;@0,3@;@@;@
"9405190012"@;@27 336@;@@;@@;@@;@@;@@;@27 336@;@@;@@;@0@;@@;@0,5
"8511500002"@;@3 482 348@;@2 379@;@@;@@;@@;@@;@3 482 348@;@@;@@;@0,3@;@@;@0,56
"8214200000"@;@352 498@;@15 737@;@@;@@;@@;@@;@352 498@;@@;@@;@0,3@;@@;@0,56
"1005109000"@;@442 417@;@@;@@;@@;@@;@@;@442 417@;@@;@@;@0@;@@;@0,5
"3503001001"@;@975 391@;@7 044 929@;@15 698 440@;@19 371 934@;@7 675 274@;@13 107 413@;@3 566 418@;@3 673 494@;@975 391@;@0,6@;@585 234,6@;@1,39
"7306619909"@;@@;@@;@@;@@;@@;@@;@0@;@@;@@;@0,4@;@@;@
"2808000000"@;@70 265@;@1 139 468@;@8 372 795@;@12 350 205@;@8 372 790@;@59 625@;@8 383 435@;@3 977 410@;@70 265@;@1@;@70 265@;@17,19
"6005375000"@;@@;@@;@220 861@;@220 861@;@220 861@;@@;@220 861@;@0@;@@;@0,3@;@@;@
"7010905100"@;@34 300@;@34 091@;@9 943 254@;@9 943 254@;@9 101 160@;@842 093@;@9 135 461@;@0@;@0@;@0,6@;@0@;@0,12
"7307921000"@;@159 934@;@@;@77 866@;@79 429@;@84 336@;@41 764@;@196 036@;@1 563@;@1 563@;@0,3@;@468,9@;@0,47
"8525811900"@;@7 882 665@;@275@;@@;@@;@@;@@;@7 882 665@;@@;@@;@0,3@;@@;@0,56
"8415900001"@;@13 393 970@;@15@;@257 689@;@483 819@;@257 689@;@@;@13 651 644@;@226 130@;@226 130@;@0,6@;@135 678@;@0,62
"8505905000"@;@130 296@;@@;@@;@@;@@;@@;@130 296@;@@;@@;@0@;@@;@0,5
"7314390000"@;@1 309 421@;@112 179@;@2 082 131@;@2 911 477@;@2 082 131@;@39 752@;@3 351 800@;@829 346@;@829 346@;@1@;@829 346@;@0,59
"0709931000"@;@19 661@;@306 786@;@@;@@;@@;@@;@19 661@;@@;@@;@0,7@;@@;@0,64
"0714201000"@;@389@;@@;@@;@@;@@;@@;@389@;@@;@@;@0@;@@;@0,5
"7507200001"@;@12@;@@;@@;@@;@@;@@;@12@;@@;@@;@0@;@@;@0,5
"4302199570"@;@@;@@;@37 387@;@62 312@;@33 219@;@4 168@;@33 219@;@24 925@;@@;@0,3@;@@;@
"0704901004"@;@@;@@;@@;@@;@@;@@;@0@;@@;@@;@0,4@;@@;@
"3916909000"@;@3 025 311@;@93 140@;@1 614 793@;@3 067 055@;@1 439 685@;@123 232@;@4 423 732@;@1 452 262@;@1 452 262@;@1@;@1 452 262@;@0,69
"8511500001"@;@5 831@;@2 748@;@@;@@;@@;@@;@5 831@;@@;@@;@0,3@;@@;@0,56
"7013379900"@;@2 805 982@;@93 117@;@@;@@;@@;@@;@2 805 982@;@@;@@;@0,3@;@@;@0,56
"8544429009"@;@10 458 611@;@189 535@;@6 283 449@;@6 291 428@;@232 986@;@2 518 538@;@14 033 987@;@7 979@;@7 979@;@1@;@7 979@;@0,57
"3907291000"@;@5 937 965@;@17 346@;@@;@@;@@;@@;@5 937 965@;@@;@@;@0,3@;@@;@0,56
"7208539000"@;@11 338 852@;@413 888@;@349 096@;@695 410@;@349 096@;@@;@11 274 060@;@346 314@;@346 314@;@0,6@;@207 788,4@;@0,63
"2204109401"@;@33 899@;@@;@@;@@;@@;@@;@33 899@;@@;@@;@0@;@@;@0,5
"7607199001"@;@156 069@;@@;@100 946@;@100 946@;@100 946@;@32 007@;@225 008@;@0@;@0@;@0,3@;@0@;@0,41
"8708408009"@;@@;@@;@790@;@8 690@;@790@;@@;@790@;@7 900@;@@;@0,3@;@@;@
"7209908000"@;@40 061@;@@;@67 707@;@68 700@;@67 707@;@@;@107 768@;@993@;@993@;@0,3@;@297,9@;@0,25
"7003200000"@;@9 936@;@10 058@;@@;@@;@@;@@;@9 936@;@@;@@;@0,3@;@@;@0,56
"3806300000"@;@226 698@;@@;@@;@@;@@;@@;@226 698@;@@;@@;@0@;@@;@0,5
"5702921000"@;@21 834@;@@;@3 536 620@;@3 550 138@;@3 491 265@;@65 462@;@3 492 992@;@13 518@;@13 518@;@0,3@;@4 055,4@;@0,25
"5802100000"@;@46 110@;@6 592 298@;@33 699 103@;@33 710 211@;@33 065 473@;@858 489@;@32 886 724@;@11 108@;@11 108@;@0,6@;@6 664,8@;@0,19
"2009499100"@;@5 038@;@@;@@;@@;@@;@@;@5 038@;@@;@@;@0@;@@;@0,5
"7213991000"@;@265 229@;@@;@7 665@;@8 760@;@7 665@;@@;@272 894@;@1 095@;@1 095@;@0,7@;@766,5@;@0,63
"1901909200"@;@581 767@;@@;@1 215 921@;@1 215 921@;@1 215 921@;@33 636@;@1 764 052@;@0@;@0@;@0,3@;@0@;@0,22
"8413400000"@;@1 863 366@;@129 290@;@14 220@;@14 280@;@14 220@;@876@;@1 747 420@;@60@;@60@;@0,6@;@36@;@0,65
"0712903000"@;@64 219@;@7 028 421@;@@;@@;@@;@@;@64 219@;@@;@@;@0,3@;@@;@0,56
"7320208909"@;@@;@@;@18 756@;@18 756@;@18 756@;@@;@18 756@;@0@;@@;@0,3@;@@;@
"406909900"@;@@;@@;@4 391 170@;@4 612 900@;@4 370 936@;@930 427@;@4 370 936@;@221 730@;@@;@0,3@;@@;@
"1008210000"@;@10 757@;@6 685 544@;@@;@@;@@;@@;@10 757@;@@;@@;@0,3@;@@;@0,56
"1006309800"@;@3 609 617@;@927 616@;@@;@@;@@;@@;@3 609 617@;@@;@@;@0,7@;@@;@0,64
"5608900000"@;@37 933@;@320@;@7 499@;@7 499@;@7 499@;@750@;@44 362@;@0@;@0@;@0,6@;@0@;@0,55
"3923309090"@;@548 672@;@720 616@;@3 513 917@;@5 330 235@;@3 449 421@;@179 711@;@3 882 878@;@1 816 318@;@548 672@;@1@;@548 672@;@1,26
"0102292100"@;@26 424@;@@;@@;@@;@@;@@;@26 424@;@@;@@;@0@;@@;@0,5
"9503008100"@;@1 012 398@;@335 137@;@@;@@;@@;@@;@1 012 398@;@@;@@;@0,7@;@@;@0,64
"5208329900"@;@@;@276 487@;@@;@@;@@;@@;@0@;@@;@@;@0,7@;@@;@
"8462610012"@;@674 212@;@@;@@;@@;@@;@@;@674 212@;@@;@@;@0@;@@;@0,5
"8426919009"@;@3 355 076@;@@;@76 671@;@95 829@;@76 671@;@@;@3 431 747@;@19 158@;@19 158@;@0,3@;@5 747,4@;@0,55
"9601900000"@;@1 607@;@@;@@;@@;@@;@@;@1 607@;@@;@@;@0@;@@;@0,5
"2921110000"@;@40 318@;@@;@@;@@;@@;@@;@40 318@;@@;@@;@0@;@@;@0,5
"9606210000"@;@606 178@;@4 610@;@246 198@;@455 805@;@223 833@;@25 730@;@822 036@;@209 607@;@209 607@;@0,6@;@125 764,2@;@0,59
"2202999509"@;@@;@@;@@;@@;@@;@@;@0@;@@;@@;@0,4@;@@;@
"6115969100"@;@30 189@;@@;@1 740 356@;@1 745 259@;@1 404 600@;@370 695@;@1 399 850@;@4 903@;@4 903@;@0,3@;@1 470,9@;@0,12
"8458114900"@;@72 717@;@@;@@;@@;@@;@@;@72 717@;@@;@@;@0@;@@;@0,5
"2906210000"@;@101 855@;@3 194@;@@;@@;@@;@@;@101 855@;@@;@@;@0,3@;@@;@0,56
"5206220002"@;@@;@9 793@;@@;@@;@@;@@;@0@;@@;@@;@0,3@;@@;@
"6907231000"@;@60 699@;@2 331@;@@;@@;@@;@@;@60 699@;@@;@@;@0,3@;@@;@0,56
"0603192000"@;@7 039@;@@;@@;@@;@@;@@;@7 039@;@@;@@;@0@;@@;@0,5
"1103209000"@;@@;@@;@24 667@;@24 907@;@13 156@;@11 429@;@13 156@;@240@;@@;@0,3@;@@;@
"8440104000"@;@222 539@;@@;@@;@@;@@;@@;@222 539@;@@;@@;@0@;@@;@0,5
"4105100000"@;@14 770@;@212 780@;@290 030@;@884 440@;@342 024@;@846 468@;@129 244@;@594 410@;@14 770@;@0,6@;@8 862@;@12,25
"5401101200"@;@10 227@;@@;@4 955 851@;@5 017 502@;@4 255 824@;@700 027@;@4 266 051@;@61 651@;@10 227@;@0,3@;@3 068,1@;@1,87
"3808911000"@;@4 272 446@;@403 938@;@1 118 226@;@14 279 636@;@843 301@;@116 739@;@4 869 995@;@13 161 410@;@4 272 446@;@1@;@4 272 446@;@1,56
"4407939900"@;@436@;@@;@@;@@;@@;@@;@436@;@@;@@;@0@;@@;@0,5
"8481807900"@;@2 394 950@;@50 726@;@1 391 177@;@1 391 177@;@1 191 078@;@75 445@;@3 659 956@;@0@;@0@;@1@;@0@;@0,53
"710220000"@;@@;@@;@9 203 142@;@9 212 860@;@9 022 579@;@4 573 628@;@9 022 579@;@9 718@;@@;@0,3@;@@;@
"8511900009"@;@2 929 731@;@11 862@;@16 794@;@16 794@;@16 794@;@@;@2 934 663@;@0@;@0@;@1@;@0@;@0,7
"8413508000"@;@1 775 097@;@608 346@;@412 772@;@6 572 604@;@412 772@;@10 787@;@1 568 736@;@6 159 832@;@1 775 097@;@0,6@;@1 065 058,2@;@1,73
"8701201010"@;@@;@@;@5 703 469@;@5 703 469@;@5 356 574@;@1 470 776@;@5 356 574@;@0@;@@;@0,3@;@@;@
"2515125000"@;@@;@@;@5 688@;@5 688@;@5 688@;@4 993@;@5 688@;@0@;@@;@0,3@;@@;@
"8461309000"@;@1 785@;@@;@@;@@;@@;@@;@1 785@;@@;@@;@0@;@@;@0,5
"8477902000"@;@1 387 223@;@603@;@@;@@;@@;@@;@1 387 223@;@@;@@;@0,3@;@@;@0,56
"6204238000"@;@2 467@;@144 701@;@80 578@;@177 258@;@106 630@;@3 518@;@79 527@;@96 680@;@2 467@;@1@;@2 467@;@11,97
"6201400000"@;@4 286 850@;@3 941 086@;@131 597@;@131 597@;@129 820@;@1 778@;@475 583@;@0@;@0@;@1@;@0@;@4,71
"2207100000"@;@615@;@@;@51 825 298@;@116 278 818@;@51 058 014@;@1 447 818@;@50 378 095@;@64 453 520@;@615@;@0,7@;@430,5@;@100
"8523809109"@;@376@;@@;@@;@@;@@;@@;@376@;@@;@@;@0@;@@;@0,5
"2933330009"@;@0@;@@;@@;@@;@@;@@;@0@;@@;@@;@0@;@@;@
"2104200090"@;@1 408@;@@;@@;@@;@@;@@;@1 408@;@@;@@;@0@;@@;@0,5
"4811412000"@;@227 169@;@@;@@;@@;@@;@@;@227 169@;@@;@@;@0@;@@;@0,5
"0511919019"@;@62 727@;@@;@@;@@;@@;@@;@62 727@;@@;@@;@0@;@@;@0,5
"7019900029"@;@833 914@;@@;@4 333@;@4 333@;@4 333@;@@;@838 247@;@0@;@0@;@0,3@;@0@;@0,56
"0810907501"@;@106 371@;@4 972 783@;@@;@@;@@;@@;@106 371@;@@;@@;@0,3@;@@;@0,56
"8544499301"@;@5 694 839@;@@;@@;@@;@@;@@;@5 694 839@;@@;@@;@0@;@@;@0,5
"8413920000"@;@74 001@;@4 413@;@46 199@;@51 931@;@46 199@;@@;@115 787@;@5 732@;@5 732@;@0,6@;@3 439,2@;@0,46
"1006309400"@;@6 747 241@;@109 248@;@@;@@;@@;@@;@6 747 241@;@@;@@;@0,7@;@@;@0,64
"4810140000"@;@1 283 550@;@@;@123 695@;@131 358@;@125 884@;@@;@1 407 245@;@7 663@;@7 663@;@0,3@;@2 298,9@;@0,52
"1604144800"@;@168 919@;@5 868@;@@;@@;@@;@@;@168 919@;@@;@@;@0,3@;@@;@0,56
"8708220009"@;@780 066@;@416 032@;@@;@@;@@;@@;@780 066@;@@;@@;@0,3@;@@;@0,56
"5207100006"@;@956@;@45 948@;@@;@@;@@;@@;@956@;@@;@@;@0,3@;@@;@0,56
"8479500000"@;@12 814 971@;@68 000@;@@;@@;@@;@@;@12 814 971@;@@;@@;@0,3@;@@;@0,56
"0401503100"@;@1 416 235@;@@;@@;@@;@@;@@;@1 416 235@;@@;@@;@0,4@;@@;@0,58
"1701129001"@;@151 818@;@@;@@;@@;@@;@@;@151 818@;@@;@@;@0@;@@;@0,5
"8003000000"@;@156 946@;@@;@51 159@;@51 159@;@51 159@;@@;@208 105@;@0@;@0@;@0,7@;@0@;@0,52
"6101201000"@;@38 449@;@153 880@;@31 324 851@;@31 774 826@;@25 529 500@;@12 469 561@;@18 893 739@;@449 975@;@38 449@;@0,6@;@23 069,4@;@3,63
"8705908007"@;@16 000@;@@;@@;@@;@@;@@;@16 000@;@@;@@;@0@;@@;@0,5
"5703310001"@;@1 412 172@;@@;@@;@@;@@;@@;@1 412 172@;@@;@@;@0@;@@;@0,5
"0703109009"@;@@;@@;@@;@@;@@;@@;@0@;@@;@@;@0,4@;@@;@
"0901210009"@;@1 112 024@;@@;@@;@@;@@;@@;@1 112 024@;@@;@@;@0@;@@;@0,5
"8547100000"@;@154 495@;@@;@@;@@;@@;@@;@154 495@;@@;@@;@0@;@@;@0,5
"5205220000"@;@@;@@;@45 493 071@;@47 723 306@;@48 513 795@;@2 634 910@;@48 513 795@;@2 230 235@;@@;@0,3@;@@;@
"5205120000"@;@@;@@;@208 483 868@;@217 994 026@;@191 511 583@;@27 099 318@;@191 511 583@;@9 510 158@;@@;@0,3@;@@;@
"7225301000"@;@244 155@;@@;@6 680@;@6 680@;@6 680@;@@;@250 835@;@0@;@0@;@0,3@;@0@;@0,55
"6209200000"@;@227 539@;@1 255 536@;@300 574@;@18 088 792@;@153 433@;@147 141@;@380 972@;@17 788 218@;@227 539@;@0,6@;@136 523,4@;@23,87
"3911909800"@;@715 756@;@214 149@;@@;@@;@@;@@;@715 756@;@@;@@;@0,3@;@@;@0,56
"8470900000"@;@890 939@;@@;@@;@@;@@;@@;@890 939@;@@;@@;@0,4@;@@;@0,58
"5208121900"@;@2 543 530@;@38 784 370@;@56 717 082@;@113 308 760@;@55 795 381@;@2 270 680@;@56 989 932@;@56 591 678@;@2 543 530@;@1@;@2 543 530@;@6,9
"3912398500"@;@17 146 436@;@138 101@;@695 351@;@695 351@;@617 630@;@128@;@17 703 558@;@0@;@0@;@0,6@;@0@;@0,6
"1209251000"@;@2 802@;@@;@@;@@;@@;@@;@2 802@;@@;@@;@0@;@@;@0,5
"3603300000"@;@9 660@;@@;@@;@@;@@;@@;@9 660@;@@;@@;@0@;@@;@0,5
"2101110015"@;@21 840 869@;@13 572@;@@;@@;@@;@@;@21 840 869@;@@;@@;@0,3@;@@;@0,56
"0302329000"@;@23 094@;@@;@@;@@;@@;@@;@23 094@;@@;@@;@0@;@@;@0,5
"8442502000"@;@296 172@;@16 500@;@2 539 110@;@2 564 604@;@2 464 302@;@75 196@;@2 760 086@;@25 494@;@25 494@;@0,6@;@15 296,4@;@0,2
"9006538009"@;@9 789@;@@;@@;@@;@@;@@;@9 789@;@@;@@;@0@;@@;@0,5
"8519209100"@;@620@;@@;@@;@@;@@;@@;@620@;@@;@@;@0@;@@;@0,5
"9405420032"@;@528 828@;@@;@44 241@;@44 241@;@44 241@;@@;@573 069@;@0@;@0@;@0,7@;@0@;@0,6
"7323930000"@;@6 091 684@;@153 204@;@4 910 415@;@4 979 066@;@3 034 266@;@2 036 879@;@8 812 016@;@68 651@;@68 651@;@0,6@;@41 190,6@;@0,47
"3808921000"@;@294 340@;@@;@32 976@;@65 952@;@70 161@;@13 484@;@313 832@;@32 976@;@32 976@;@0,3@;@9 892,8@;@0,56
"8429200010"@;@@;@@;@2 420 894@;@2 420 894@;@2 420 894@;@@;@2 420 894@;@0@;@@;@0,3@;@@;@
"2204101100"@;@167 153@;@@;@10 806 908@;@11 122 212@;@10 248 656@;@547 226@;@10 426 835@;@315 304@;@167 153@;@0,3@;@50 145,9@;@0,63
"8705200005"@;@452 778@;@186 400@;@@;@@;@@;@@;@452 778@;@@;@@;@0,3@;@@;@0,56
"2101110012"@;@292 679@;@@;@@;@@;@@;@@;@292 679@;@@;@@;@0@;@@;@0,5
"8467920000"@;@475 256@;@@;@1 351 872@;@1 351 872@;@1 152 167@;@75 051@;@1 752 077@;@0@;@0@;@0,3@;@0@;@0,2
"9018906000"@;@3 971 081@;@@;@@;@@;@@;@@;@3 971 081@;@@;@@;@0,4@;@@;@0,58
"2930100000"@;@@;@@;@34 472@;@34 472@;@34 472@;@32 231@;@34 472@;@0@;@@;@0,3@;@@;@
"8209002000"@;@1 158 496@;@2 143 651@;@@;@@;@@;@@;@1 158 496@;@@;@@;@0,3@;@@;@0,56
"5404110000"@;@352 277@;@@;@433 569@;@433 569@;@433 569@;@70 572@;@715 274@;@0@;@0@;@0,3@;@0@;@0,31
"8413702900"@;@10 510 744@;@104 153@;@23 170 659@;@24 426 105@;@17 820 190@;@5 353 673@;@28 327 730@;@1 255 446@;@1 255 446@;@1@;@1 255 446@;@0,42
"0709300000"@;@210 857@;@850 562@;@@;@@;@@;@@;@210 857@;@@;@@;@0,3@;@@;@0,56
"2204214200"@;@65 827@;@@;@@;@@;@@;@@;@65 827@;@@;@@;@0@;@@;@0,5
"4407999009"@;@62 302@;@26 133@;@@;@@;@@;@@;@62 302@;@@;@@;@0,3@;@@;@0,56
"3208201000"@;@1 280 940@;@38 703@;@43 976 158@;@44 425 482@;@42 075 697@;@1 480 322@;@43 776 776@;@449 324@;@449 324@;@1@;@449 324@;@0,32
"4823908596"@;@22 875@;@78@;@27 650@;@@;@27 650@;@@;@50 525@;@@;@@;@0,6@;@@;@0,35
"5403330000"@;@7 145 601@;@@;@@;@@;@@;@@;@7 145 601@;@@;@@;@0@;@@;@0,5
"7304391000"@;@50 617@;@@;@@;@@;@@;@@;@50 617@;@@;@@;@0@;@@;@0,5
"201202000"@;@@;@@;@9 054 375@;@9 674 595@;@8 603 279@;@479 633@;@8 603 279@;@620 220@;@@;@0,3@;@@;@
"3004200009"@;@@;@@;@5 498 831@;@5 498 831@;@46 777@;@864 767@;@46 777@;@0@;@@;@0,3@;@@;@
"5516110000"@;@173 270@;@8 082@;@35 650@;@35 650@;@35 650@;@@;@200 838@;@0@;@0@;@0,6@;@0@;@0,55
"2825600000"@;@182 213@;@@;@@;@@;@@;@@;@182 213@;@@;@@;@0@;@@;@0,5
"7220208109"@;@104 221@;@@;@@;@@;@@;@@;@104 221@;@@;@@;@0@;@@;@0,5
"2914500000"@;@105 125@;@@;@@;@@;@@;@@;@105 125@;@@;@@;@0@;@@;@0,5
"4504101100"@;@38 240@;@@;@@;@@;@@;@@;@38 240@;@@;@@;@0@;@@;@0,5
"2925199500"@;@39 116@;@@;@@;@@;@@;@@;@39 116@;@@;@@;@0@;@@;@0,5
"1605550000"@;@1 492@;@@;@@;@@;@@;@@;@1 492@;@@;@@;@0@;@@;@0,5
"6105901000"@;@193 861@;@@;@68 004@;@68 004@;@67 578@;@12 704@;@249 161@;@0@;@0@;@0,3@;@0@;@0,45
"401201100"@;@@;@@;@1 752 127@;@1 872 974@;@1 645 609@;@107 581@;@1 645 609@;@120 847@;@@;@0,3@;@@;@
"7603100000"@;@230 695@;@@;@94 535@;@96 286@;@94 535@;@@;@325 230@;@1 751@;@1 751@;@0,3@;@525,3@;@0,42
"4016999702"@;@6 378@;@1 070@;@@;@@;@@;@@;@6 378@;@@;@@;@0,3@;@@;@0,56
"2917199000"@;@6 128 305@;@@;@@;@@;@@;@@;@6 128 305@;@@;@@;@0@;@@;@0,5
"8426410003"@;@2 030 322@;@@;@11 297@;@11 297@;@11 297@;@@;@2 041 619@;@0@;@0@;@0,3@;@0@;@0,56
"8440102000"@;@15 047@;@@;@@;@@;@@;@@;@15 047@;@@;@@;@0@;@@;@0,5
"3907210009"@;@520 718@;@@;@@;@@;@@;@@;@520 718@;@@;@@;@0@;@@;@0,5
"6101209000"@;@623 289@;@3 128 437@;@334 821@;@367 566@;@334 821@;@@;@958 110@;@32 745@;@32 745@;@1@;@32 745@;@0,54
"9503002900"@;@124 121@;@@;@@;@@;@@;@@;@124 121@;@@;@@;@0@;@@;@0,5
"305448000"@;@@;@@;@1 903@;@1 903@;@1 903@;@@;@1 903@;@0@;@@;@0,3@;@@;@
"8708942001"@;@34 986 678@;@1 246 127@;@6 595 514@;@6 797 830@;@6 412 627@;@182 887@;@40 153 178@;@202 316@;@202 316@;@0,6@;@121 389,6@;@0,56
"206299900"@;@@;@@;@42 073@;@62 208@;@42 073@;@@;@42 073@;@20 135@;@@;@0,3@;@@;@
"8442309900"@;@650 521@;@146 271@;@79@;@105@;@79@;@@;@504 329@;@26@;@26@;@0,6@;@15,6@;@0,76
"0401201900"@;@2 614@;@@;@@;@@;@@;@@;@2 614@;@@;@@;@0@;@@;@0,5
"2937110000"@;@336@;@@;@@;@@;@@;@@;@336@;@@;@@;@0@;@@;@0,5
"8112390000"@;@64@;@@;@@;@@;@@;@@;@64@;@@;@@;@0@;@@;@0,5
"2710196800"@;@@;@@;@409 824@;@409 824@;@409 824@;@@;@409 824@;@0@;@@;@0,3@;@@;@
"6110111000"@;@35 229@;@150@;@5 734 335@;@5 923 016@;@5 730 899@;@113 713@;@5 655 851@;@188 681@;@35 229@;@0,6@;@21 137,4@;@1,73
"2941500009"@;@1 585 396@;@@;@@;@@;@@;@@;@1 585 396@;@@;@@;@0@;@@;@0,5
"7318159009"@;@@;@@;@2 387 022@;@2 737 489@;@2 184 610@;@78 374@;@2 184 610@;@350 467@;@@;@0,3@;@@;@
"8515310000"@;@9 762 990@;@28 805@;@76 235@;@76 235@;@74 432@;@1 803@;@9 808 617@;@0@;@0@;@0,6@;@0@;@0,62
"9024801900"@;@1 165 303@;@287 645@;@@;@@;@@;@@;@1 165 303@;@@;@@;@0,3@;@@;@0,56
"8425110009"@;@@;@@;@@;@@;@@;@@;@0@;@@;@@;@0,4@;@@;@
"4303101090"@;@@;@6 884@;@229 678@;@235 722@;@229 238@;@1 046@;@228 632@;@6 044@;@@;@0,6@;@@;@
"4803003100"@;@1 746 021@;@@;@940 765@;@956 370@;@442 914@;@72 840@;@2 613 946@;@15 605@;@15 605@;@0,7@;@10 923,5@;@0,48
"8407329000"@;@1 558 987@;@@;@@;@@;@@;@@;@1 558 987@;@@;@@;@0@;@@;@0,5
"6402999300"@;@423 285@;@@;@183 396@;@183 396@;@183 396@;@@;@606 681@;@0@;@0@;@0,7@;@0@;@0,49
"8708959909"@;@112 558@;@21 389@;@70 181 341@;@80 276 021@;@70 053 945@;@86 737@;@70 207 162@;@10 094 680@;@112 558@;@0,6@;@67 534,8@;@27,03
"8515391800"@;@2 344 763@;@16 070@;@2 853@;@2 853@;@2 853@;@@;@2 331 546@;@0@;@0@;@0,6@;@0@;@0,62
"8501402001"@;@17 343@;@@;@13 035@;@14 038@;@13 035@;@@;@30 378@;@1 003@;@1 003@;@0,3@;@300,9@;@0,36
"3925901000"@;@1 421 390@;@346 676@;@2 697 065@;@2 942 014@;@2 466 908@;@1 251 078@;@2 867 377@;@244 949@;@244 949@;@1@;@244 949@;@0,5
"0102295900"@;@39 998@;@@;@@;@@;@@;@@;@39 998@;@@;@@;@0@;@@;@0,5
"8517610002"@;@48 077@;@@;@@;@@;@@;@@;@48 077@;@@;@@;@0@;@@;@0,5
"3307300000"@;@336 280@;@1 421@;@44 482@;@49 073@;@52 104@;@3 667@;@375 674@;@4 591@;@4 591@;@0,6@;@2 754,6@;@0,57
"2905320000"@;@1 410 603@;@626@;@@;@@;@@;@@;@1 410 603@;@@;@@;@0,3@;@@;@0,56
"8438900000"@;@1 837 883@;@90 219@;@269 053@;@232 633 689@;@262 067@;@8 767@;@2 007 950@;@232 364 636@;@1 837 883@;@0,6@;@1 102 729,8@;@38,51
"6205908000"@;@@;@@;@69 521@;@69 521@;@15 800@;@53 721@;@15 800@;@0@;@@;@0,3@;@@;@
"8432900000"@;@4 955 746@;@51 594@;@114 562@;@219 580@;@114 562@;@12 547@;@5 006 167@;@105 018@;@105 018@;@1@;@105 018@;@0,7
"4823908592"@;@2 895@;@@;@790@;@@;@790@;@@;@3 685@;@@;@@;@0,3@;@@;@0,45
"3827640000"@;@52 341@;@@;@@;@@;@@;@@;@52 341@;@@;@@;@0@;@@;@0,5
"3822120009"@;@18 935@;@@;@@;@@;@@;@@;@18 935@;@@;@@;@0@;@@;@0,5
"8708505000"@;@@;@@;@790@;@8 690@;@790@;@@;@790@;@7 900@;@@;@0,3@;@@;@
"8606918000"@;@2 146 615@;@1 357 362@;@@;@@;@@;@@;@2 146 615@;@@;@@;@0,7@;@@;@0,64
"9102290000"@;@548 544@;@@;@@;@@;@@;@@;@548 544@;@@;@@;@0@;@@;@0,5
"7225401209"@;@2 928@;@@;@@;@@;@@;@@;@2 928@;@@;@@;@0@;@@;@0,5
"8708503501"@;@20 035 670@;@7 684@;@790@;@1 580@;@790@;@@;@20 028 776@;@790@;@790@;@0,6@;@474@;@0,62
"4911101001"@;@1 633@;@15@;@@;@@;@@;@@;@1 633@;@@;@@;@0,7@;@@;@0,64
"3301291100"@;@7 634@;@@;@@;@@;@@;@@;@7 634@;@@;@@;@0@;@@;@0,5
"0305430000"@;@352 457@;@@;@@;@@;@@;@@;@352 457@;@@;@@;@0@;@@;@0,5
"6403919609"@;@@;@@;@62 868@;@116 755@;@62 868@;@@;@62 868@;@53 887@;@@;@0,3@;@@;@
"7312108101"@;@867 380@;@@;@220 532@;@220 532@;@220 532@;@@;@1 087 912@;@0@;@0@;@0,3@;@0@;@0,46
"7019900021"@;@2 896@;@@;@@;@@;@@;@@;@2 896@;@@;@@;@0@;@@;@0,5
"9202903000"@;@226 064@;@@;@@;@@;@@;@@;@226 064@;@@;@@;@0,4@;@@;@0,58
"0305697000"@;@1 336@;@@;@@;@@;@@;@@;@1 336@;@@;@@;@0@;@@;@0,5
"3920995300"@;@791 385@;@@;@@;@@;@@;@@;@791 385@;@@;@@;@0@;@@;@0,5
"4301807099"@;@33 523@;@@;@@;@@;@@;@@;@33 523@;@@;@@;@0@;@@;@0,5
"8482200009"@;@1 786 850@;@1 945 192@;@3 667 545@;@4 025 172@;@2 954 331@;@593 382@;@4 861 013@;@357 627@;@357 627@;@1@;@357 627@;@0,44
"8519813500"@;@4 185@;@@;@@;@@;@@;@@;@4 185@;@@;@@;@0@;@@;@0,5
"8412212009"@;@1 483 806@;@198 379@;@121 518@;@530 418@;@94 144@;@27 374@;@1 379 571@;@408 900@;@408 900@;@1@;@408 900@;@0,82
"8704101029"@;@3 811 964@;@@;@12 148 978@;@66 592 380@;@9 259 726@;@2 528 046@;@13 432 896@;@54 443 402@;@3 811 964@;@0,3@;@1 143 589,2@;@4,49
"4203300000"@;@1 583 689@;@49 424@;@174 656@;@182 333@;@155 326@;@29 547@;@1 679 374@;@7 677@;@7 677@;@1@;@7 677@;@0,67
"9105110000"@;@80 984@;@1 488@;@@;@@;@@;@@;@80 984@;@@;@@;@0,3@;@@;@0,56
"9031499000"@;@3 560 516@;@187 344@;@@;@@;@@;@@;@3 560 516@;@@;@@;@0,3@;@@;@0,56
"3006600009"@;@157 368@;@@;@722 608@;@722 608@;@409 227@;@313 380@;@566 596@;@0@;@0@;@0,3@;@0@;@0,2
"6907229001"@;@@;@222@;@154 277@;@154 277@;@154 277@;@@;@154 277@;@0@;@@;@0,6@;@@;@
"2941500001"@;@433 805@;@@;@@;@@;@@;@@;@433 805@;@@;@@;@0@;@@;@0,5
"2938903000"@;@128 958@;@@;@@;@@;@@;@@;@128 958@;@@;@@;@0@;@@;@0,5
"8517790001"@;@891 720@;@1 746@;@@;@@;@@;@@;@891 720@;@@;@@;@0,3@;@@;@0,56
"7304518100"@;@18 466@;@13 234@;@@;@@;@@;@@;@18 466@;@@;@@;@0,3@;@@;@0,56
"8445190009"@;@20 315 974@;@1 189 054@;@843 611@;@1 124 815@;@843 611@;@@;@19 970 531@;@281 204@;@281 204@;@0,6@;@168 722,4@;@0,63
"7214997100"@;@880 463@;@@;@@;@@;@@;@@;@880 463@;@@;@@;@0,4@;@@;@0,58
"8483102108"@;@4 182 940@;@15 946@;@1 406 848@;@1 407 824@;@1 206 864@;@75 330@;@5 498 512@;@976@;@976@;@1@;@976@;@0,58
"2009509003"@;@11 972@;@@;@@;@@;@@;@@;@11 972@;@@;@@;@0@;@@;@0,5
"8539520001"@;@6 165@;@3 302@;@4 212@;@4 212@;@4 212@;@191@;@10 186@;@0@;@0@;@0,6@;@0@;@0,42
"8425390006"@;@337 975@;@689@;@101 787@;@101 787@;@101 787@;@@;@439 073@;@0@;@0@;@0,6@;@0@;@0,5
"7806008000"@;@@;@@;@790@;@790@;@790@;@@;@790@;@0@;@@;@0,3@;@@;@
"0709996000"@;@@;@368 581@;@@;@@;@@;@@;@0@;@@;@@;@0,3@;@@;@
"8415830001"@;@@;@@;@210 442@;@225 474@;@210 442@;@@;@210 442@;@15 032@;@@;@0,3@;@@;@
"7219240009"@;@399 239@;@@;@5 256@;@6 007@;@5 256@;@@;@404 495@;@751@;@751@;@0,3@;@225,3@;@0,55
"7304399209"@;@@;@@;@@;@@;@@;@@;@0@;@@;@@;@0,4@;@@;@
"2811293000"@;@16 299@;@@;@@;@@;@@;@@;@16 299@;@@;@@;@0@;@@;@0,5
"8474100001"@;@60 518@;@150@;@1 093 884@;@1 093 884@;@1 093 884@;@@;@1 154 402@;@0@;@0@;@0,6@;@0@;@0,15
"2909191000"@;@679 603@;@@;@@;@@;@@;@@;@679 603@;@@;@@;@0@;@@;@0,5
"1515301000"@;@19 760@;@3 000@;@171 452@;@222 360@;@171 452@;@@;@191 212@;@50 908@;@19 760@;@0,6@;@11 856@;@0,94
"6813890000"@;@303 850@;@22 438@;@4 835@;@4 835@;@4 835@;@@;@286 247@;@0@;@0@;@0,6@;@0@;@0,65
"2005100090"@;@32 615@;@@;@@;@@;@@;@@;@32 615@;@@;@@;@0@;@@;@0,5
"3507909000"@;@6 659 830@;@360 151@;@@;@@;@@;@@;@6 659 830@;@@;@@;@0,3@;@@;@0,56
"8454900000"@;@2 571 322@;@@;@2 224 684@;@2 225 253@;@2 024 979@;@75 051@;@4 720 955@;@569@;@569@;@0,3@;@170,7@;@0,33
"5512110000"@;@283 066@;@@;@825 623@;@1 061 207@;@851 688@;@24 803@;@1 083 886@;@235 584@;@235 584@;@0,3@;@70 675,2@;@0,44
"7224901400"@;@111 105@;@@;@7 190@;@8 628@;@7 190@;@@;@118 295@;@1 438@;@1 438@;@0,3@;@431,4@;@0,53
"2835291000"@;@4 635@;@@;@@;@@;@@;@@;@4 635@;@@;@@;@0@;@@;@0,5
"6208210000"@;@174 954@;@334 127@;@97 211@;@162 669@;@97 211@;@@;@272 165@;@65 458@;@65 458@;@0,6@;@39 274,8@;@0,55
"0306391000"@;@@;@186 861@;@@;@@;@@;@@;@0@;@@;@@;@0,3@;@@;@
"2620190000"@;@@;@1 107 523@;@@;@@;@@;@@;@0@;@@;@@;@0,7@;@@;@
"5510120000"@;@390 508@;@71 668@;@1 341 214@;@1 394 701@;@1 442 513@;@616 211@;@1 115 511@;@53 487@;@53 487@;@0,6@;@32 092,2@;@0,34
"6406209000"@;@941 647@;@44 892@;@@;@@;@@;@@;@941 647@;@@;@@;@0,7@;@@;@0,64
"7307291001"@;@@;@@;@1 236@;@1 236@;@1 236@;@@;@1 236@;@0@;@@;@0,3@;@@;@
"3002130000"@;@362 576@;@@;@@;@@;@@;@@;@362 576@;@@;@@;@0@;@@;@0,5
"7326905000"@;@387 277@;@17 562@;@143 986@;@145 231@;@143 986@;@@;@513 701@;@1 245@;@1 245@;@1@;@1 245@;@0,58
"8701911000"@;@1 319 739@;@@;@@;@@;@@;@@;@1 319 739@;@@;@@;@0@;@@;@0,5
"901120009"@;@@;@@;@139 404@;@193 861@;@148 800@;@4 518@;@148 800@;@54 457@;@@;@0,3@;@@;@
"4302304560"@;@@;@@;@273 576@;@279 794@;@247 801@;@25 776@;@247 801@;@6 218@;@@;@0,3@;@@;@
"7326200002"@;@147 959@;@3 874@;@7 878@;@7 878@;@7 878@;@4 740@;@147 223@;@0@;@0@;@0,6@;@0@;@0,62
"3204170000"@;@6 778 799@;@58 794@;@1 984 917@;@2 320 022@;@1 032 088@;@852 441@;@7 852 481@;@335 105@;@335 105@;@1@;@335 105@;@0,65
"1103202500"@;@10 509@;@@;@@;@@;@@;@@;@10 509@;@@;@@;@0@;@@;@0,5
"4602900000"@;@54 699@;@140@;@@;@@;@@;@@;@54 699@;@@;@@;@0,3@;@@;@0,56
"4419190000"@;@116 360@;@1 780@;@@;@@;@@;@@;@116 360@;@@;@@;@0,3@;@@;@0,56
"8501330003"@;@@;@@;@509@;@509@;@255@;@255@;@255@;@0@;@@;@0,3@;@@;@
"4202310000"@;@288 705@;@59 421@;@568 501@;@568 501@;@482 378@;@161 963@;@695 243@;@0@;@0@;@1@;@0@;@0,41
"8447202000"@;@3 319 756@;@20 150@;@@;@@;@@;@@;@3 319 756@;@@;@@;@0,3@;@@;@0,56
"8516605000"@;@1 793 808@;@32 427@;@@;@@;@@;@@;@1 793 808@;@@;@@;@0,7@;@@;@0,64
"8456120000"@;@50@;@@;@123 242@;@123 242@;@123 242@;@@;@123 292@;@0@;@0@;@0,3@;@0@;@0,06
"3402410000"@;@422 999@;@20 246@;@14 422@;@19 880@;@14 422@;@@;@417 175@;@5 458@;@5 458@;@1@;@5 458@;@0,71
"8517711100"@;@859 729@;@@;@@;@@;@@;@@;@859 729@;@@;@@;@0@;@@;@0,5
"8523495900"@;@1 779@;@3 630@;@@;@@;@@;@@;@1 779@;@@;@@;@0,3@;@@;@0,56
"8436801000"@;@@;@@;@6 812 092@;@7 120 011@;@6 870 980@;@53 933@;@6 870 980@;@307 919@;@@;@0,3@;@@;@
"2925210000"@;@156@;@@;@@;@@;@@;@@;@156@;@@;@@;@0@;@@;@0,5
"8515190000"@;@621 136@;@212@;@@;@@;@@;@@;@621 136@;@@;@@;@0,3@;@@;@0,56
"8456301900"@;@90 537@;@@;@@;@@;@@;@@;@90 537@;@@;@@;@0@;@@;@0,5
"8708999100"@;@@;@@;@62 064@;@78 430@;@62 064@;@@;@62 064@;@16 366@;@@;@0,3@;@@;@
"2901100009"@;@246 457@;@64@;@@;@@;@@;@@;@246 457@;@@;@@;@0,3@;@@;@0,56
"7901110000"@;@21 655@;@@;@@;@@;@@;@@;@21 655@;@@;@@;@0@;@@;@0,5
"3825901000"@;@@;@1 279@;@@;@@;@@;@@;@0@;@@;@@;@0,3@;@@;@
"2007993900"@;@@;@@;@6 093 640@;@6 093 640@;@6 249 129@;@1 217 651@;@6 249 129@;@0@;@@;@0,3@;@@;@
"8524110029"@;@1 260@;@2 597@;@@;@@;@@;@@;@1 260@;@@;@@;@0,3@;@@;@0,56
"9606300000"@;@13 294@;@@;@@;@@;@@;@@;@13 294@;@@;@@;@0@;@@;@0,5
"4412910003"@;@@;@@;@101 729@;@110 424@;@101 729@;@216@;@101 729@;@8 695@;@@;@0,3@;@@;@
"2710201100"@;@@;@@;@1 318 075@;@1 318 075@;@1 318 075@;@@;@1 318 075@;@0@;@@;@0,3@;@@;@
"8460310000"@;@195 494@;@@;@@;@@;@@;@@;@195 494@;@@;@@;@0@;@@;@0,5
"5809000000"@;@@;@@;@30 080 331@;@34 870 607@;@30 080 331@;@@;@30 080 331@;@4 790 276@;@@;@0,3@;@@;@
"6403911800"@;@716 909@;@3 644@;@136 609@;@136 609@;@136 609@;@@;@849 874@;@0@;@0@;@1@;@0@;@0,62
"303421200"@;@@;@@;@3 041@;@3 041@;@3 041@;@@;@3 041@;@0@;@@;@0,3@;@@;@
"5205420006"@;@@;@452 532@;@@;@@;@@;@@;@0@;@@;@@;@0,3@;@@;@
"6202900009"@;@112 799@;@177 845@;@20 762@;@20 762@;@20 762@;@@;@133 561@;@0@;@0@;@1@;@0@;@0,62
"4406920000"@;@205 461@;@@;@@;@@;@@;@@;@205 461@;@@;@@;@0,4@;@@;@0,58
"8708503509"@;@7 467 875@;@3 203@;@21 741@;@42 192@;@21 188@;@553@;@7 485 860@;@20 451@;@20 451@;@1@;@20 451@;@0,7
"8412310000"@;@2 072 515@;@4 648@;@14 063@;@422 963@;@14 063@;@@;@2 081 930@;@408 900@;@408 900@;@0,6@;@245 340@;@0,68
"8443399001"@;@153 793@;@@;@@;@@;@@;@@;@153 793@;@@;@@;@0@;@@;@0,5
"8212109000"@;@493 305@;@1 349@;@@;@@;@@;@@;@493 305@;@@;@@;@0,3@;@@;@0,56
"8302490009"@;@1 734 218@;@49 604@;@@;@@;@@;@@;@1 734 218@;@@;@@;@0,7@;@@;@0,64
"8483405900"@;@918 180@;@9 116@;@24 163@;@25 153@;@22 954@;@1 209@;@932 018@;@990@;@990@;@0,6@;@594@;@0,61
"8419812000"@;@2 038 083@;@22 965@;@37 089@;@48 830@;@37 089@;@@;@2 052 207@;@11 741@;@11 741@;@0,6@;@7 044,6@;@0,62
"8548009000"@;@28 810@;@@;@9 466@;@56 796@;@9 466@;@@;@38 276@;@47 330@;@28 810@;@0,3@;@8 643@;@0,93
"5509210000"@;@3 135 100@;@47 902@;@@;@@;@@;@@;@3 135 100@;@@;@@;@0,3@;@@;@0,56
"8529909600"@;@838 954@;@1 103@;@@;@@;@@;@@;@838 954@;@@;@@;@0,3@;@@;@0,56
"8443321009"@;@11 774 647@;@2 127 227@;@@;@@;@@;@@;@11 774 647@;@@;@@;@0,3@;@@;@0,56
"2009799801"@;@516@;@@;@@;@@;@@;@@;@516@;@@;@@;@0@;@@;@0,5
"9405403109"@;@@;@@;@6 550 133@;@6 856 385@;@6 550 133@;@@;@6 550 133@;@306 252@;@@;@0,3@;@@;@
"2710196201"@;@66 614 707@;@@;@@;@@;@@;@@;@66 614 707@;@@;@@;@0@;@@;@0,5
"7306619209"@;@@;@@;@@;@@;@@;@@;@0@;@@;@@;@0,4@;@@;@
"7219110000"@;@4 560@;@@;@@;@@;@@;@@;@4 560@;@@;@@;@0@;@@;@0,5
"2804299000"@;@334 052@;@@;@355 109@;@355 109@;@326 616@;@28 493@;@660 668@;@0@;@0@;@0,3@;@0@;@0,31
"2921140000"@;@222@;@@;@@;@@;@@;@@;@222@;@@;@@;@0@;@@;@0,5
"8207199001"@;@7 147 840@;@13 206@;@7 136 445@;@7 250 386@;@6 936 740@;@75 971@;@14 208 314@;@113 941@;@113 941@;@1@;@113 941@;@0,46
"5515131900"@;@183 940@;@@;@1 911@;@1 911@;@1 911@;@@;@185 851@;@0@;@0@;@0,3@;@0@;@0,55
"8439100001"@;@49 135@;@@;@@;@@;@@;@@;@49 135@;@@;@@;@0@;@@;@0,5
"8512400009"@;@93 820@;@979@;@1 208 183@;@1 211 242@;@1 170 880@;@20 275@;@1 281 728@;@3 059@;@3 059@;@0,6@;@1 835,4@;@0,17
"6306190000"@;@102 651@;@26 569@;@368 407@;@368 407@;@373 644@;@5 125@;@465 933@;@0@;@0@;@1@;@0@;@0,31
"8702101190"@;@875 000@;@@;@2 007 938@;@2 007 938@;@22 726 890@;@@;@2 882 938@;@0@;@0@;@0,3@;@0@;@0,21
"2309907000"@;@730@;@@;@45 276 169@;@45 278 163@;@36 766 228@;@615 665@;@44 661 234@;@1 994@;@730@;@0,3@;@219@;@0,88
"901210009"@;@@;@@;@802 684@;@823 950@;@792 942@;@23 265@;@792 942@;@21 266@;@@;@0,3@;@@;@
"7019800009"@;@256 292@;@276@;@504 274@;@717 501@;@435 419@;@167 962@;@592 604@;@213 227@;@213 227@;@0,6@;@127 936,2@;@0,59
"8413302001"@;@6 293 549@;@@;@91 560@;@93 485@;@91 560@;@9 089@;@6 376 020@;@1 925@;@1 925@;@0,3@;@577,5@;@0,55
"6005410000"@;@2 289@;@@;@@;@@;@@;@@;@2 289@;@@;@@;@0@;@@;@0,5
"8462211001"@;@@;@@;@26 285@;@26 285@;@26 285@;@@;@26 285@;@0@;@@;@0,3@;@@;@
"2507002000"@;@1 458 502@;@6 986 777@;@22 717 156@;@22 929 882@;@13 836 870@;@11 951 068@;@12 224 590@;@212 726@;@212 726@;@1@;@212 726@;@0,3
"1702907900"@;@231 279@;@@;@382 874@;@382 874@;@382 874@;@36 965@;@577 188@;@0@;@0@;@0,3@;@0@;@0,26
"0101210000"@;@336 676@;@79 312@;@@;@@;@@;@@;@336 676@;@@;@@;@0,3@;@@;@0,56
"8536501902"@;@55 160@;@@;@@;@@;@@;@@;@55 160@;@@;@@;@0@;@@;@0,5
"3920910000"@;@2 137 041@;@32 468@;@4 582@;@4 582@;@4 582@;@@;@2 109 155@;@0@;@0@;@0,6@;@0@;@0,63
"7202190000"@;@2 769 572@;@@;@820 058@;@954 658@;@727 706@;@92 352@;@3 497 278@;@134 600@;@134 600@;@0,7@;@94 220@;@0,55
"7415290000"@;@107 815@;@@;@14 620@;@17 883@;@14 067@;@553@;@121 882@;@3 263@;@3 263@;@0,3@;@978,9@;@0,51
"7220908000"@;@@;@@;@85 892@;@105 936@;@85 892@;@@;@85 892@;@20 044@;@@;@0,3@;@@;@
"7610100000"@;@7 842 377@;@1 007 497@;@160 034 293@;@165 311 159@;@99 674 334@;@19 320 129@;@148 556 541@;@5 276 866@;@5 276 866@;@1@;@5 276 866@;@0,43
"6403995000"@;@8 279@;@157@;@7 229 072@;@7 241 976@;@7 227 107@;@1 965@;@7 235 386@;@12 904@;@8 279@;@0,6@;@4 967,4@;@0,59
"3004390001"@;@29 231 142@;@192@;@@;@@;@@;@@;@29 231 142@;@@;@@;@0,7@;@@;@0,64
"3924909000"@;@@;@@;@13 105 972@;@22 206 253@;@11 707 505@;@2 104 408@;@11 707 505@;@9 100 281@;@@;@0,3@;@@;@
"8527217000"@;@10 684 750@;@388 360@;@@;@@;@@;@@;@10 684 750@;@@;@@;@0,3@;@@;@0,56
"8536308000"@;@721 292@;@6 639@;@@;@@;@@;@@;@721 292@;@@;@@;@0,3@;@@;@0,56
"8539901000"@;@149 408@;@131@;@@;@@;@@;@@;@149 408@;@@;@@;@0,3@;@@;@0,56
"0304711000"@;@3 963@;@@;@@;@@;@@;@@;@3 963@;@@;@@;@0@;@@;@0,5
"4418730009"@;@@;@@;@@;@@;@@;@@;@0@;@@;@@;@0,4@;@@;@
"3915901100"@;@389 039@;@2 994@;@2 125 196@;@2 247 519@;@2 045 376@;@83 375@;@2 430 860@;@122 323@;@122 323@;@0,6@;@73 393,8@;@0,29
"5601219000"@;@977 493@;@28 382 848@;@2 778 091@;@2 825 148@;@2 803 901@;@130 903@;@3 624 681@;@47 057@;@47 057@;@1@;@47 057@;@0,35
"8479903000"@;@135 228@;@8 458@;@@;@@;@@;@@;@135 228@;@@;@@;@0,3@;@@;@0,56
"8413308008"@;@3 591 926@;@116 363@;@1 375 242@;@1 375 332@;@1 174 208@;@85 469@;@4 765 336@;@90@;@90@;@0,6@;@54@;@0,5
"6204110000"@;@6 472@;@@;@743 713@;@1 073 977@;@633 625@;@110 088@;@640 097@;@330 264@;@6 472@;@0,3@;@1 941,6@;@15,37
"2930901600"@;@43 357@;@@;@@;@@;@@;@@;@43 357@;@@;@@;@0@;@@;@0,5
"5516420000"@;@@;@@;@1 364@;@1 364@;@1 364@;@@;@1 364@;@0@;@@;@0,3@;@@;@
"6305339000"@;@12 457 000@;@5 932 067@;@29 337 331@;@30 833 052@;@27 540 974@;@2 672 851@;@39 121 480@;@1 495 721@;@1 495 721@;@1@;@1 495 721@;@0,4
"2502000000"@;@1 484@;@@;@167 270@;@167 270@;@167 270@;@@;@168 754@;@0@;@0@;@0,3@;@0@;@0,06
"8501522004"@;@@;@@;@@;@@;@@;@@;@0@;@@;@@;@0,4@;@@;@
"3302101000"@;@46 222@;@@;@@;@@;@@;@@;@46 222@;@@;@@;@0@;@@;@0,5
"2710193100"@;@704 699@;@119 989 986@;@7 101 252@;@10 221 129@;@7 101 252@;@1 466 533@;@6 339 418@;@3 119 877@;@704 699@;@0,6@;@422 819,4@;@1,5
"5803001000"@;@@;@@;@18 616 730@;@18 869 297@;@13 599 820@;@5 385 850@;@13 599 820@;@252 567@;@@;@0,3@;@@;@
"5208591000"@;@185 944@;@55 703@;@@;@@;@@;@@;@185 944@;@@;@@;@0,3@;@@;@0,56
"8474310001"@;@226 514@;@@;@@;@@;@@;@@;@226 514@;@@;@@;@0@;@@;@0,5
"9401300000"@;@@;@@;@6 003 364@;@6 387 877@;@5 679 005@;@374 042@;@5 679 005@;@384 513@;@@;@0,3@;@@;@
"8531802000"@;@84 391@;@@;@@;@@;@@;@@;@84 391@;@@;@@;@0@;@@;@0,5
"2810009000"@;@685 048@;@11 210@;@@;@@;@@;@@;@685 048@;@@;@@;@0,7@;@@;@0,64
"8536302000"@;@878 540@;@2 384@;@@;@@;@@;@@;@878 540@;@@;@@;@0,3@;@@;@0,56
"3825909000"@;@11 773@;@@;@3 049@;@3 659@;@3 049@;@@;@14 822@;@610@;@610@;@0,3@;@183@;@0,47
"2811210000"@;@169 588@;@944 674@;@4 332 737@;@5 496 619@;@4 319 480@;@124 782@;@4 377 543@;@1 163 882@;@169 588@;@1@;@169 588@;@2,28
"8487909000"@;@841 883@;@30 958@;@4 385@;@4 385@;@4 385@;@@;@815 310@;@0@;@0@;@0,6@;@0@;@0,64
"6209909000"@;@37 186@;@5 787 459@;@6 795 800@;@24 567 832@;@3 603 601@;@3 192 199@;@3 640 787@;@17 772 032@;@37 186@;@0,6@;@22 311,6@;@100
"9030893000"@;@960 830@;@444@;@@;@@;@@;@@;@960 830@;@@;@@;@0,3@;@@;@0,56
"4403970001"@;@@;@@;@624 121@;@624 121@;@602 715@;@21 406@;@602 715@;@0@;@@;@0,3@;@@;@
"9405110015"@;@235 113@;@@;@@;@@;@@;@@;@235 113@;@@;@@;@0@;@@;@0,5
"6702900000"@;@976 167@;@688@;@6 592@;@6 592@;@6 592@;@@;@982 071@;@0@;@0@;@0,6@;@0@;@0,62
"9406903902"@;@239 717@;@@;@@;@@;@@;@@;@239 717@;@@;@@;@0@;@@;@0,5
"7228306900"@;@896 429@;@76 184@;@@;@@;@@;@@;@896 429@;@@;@@;@0,3@;@@;@0,56
"7202118000"@;@250 835@;@7 937@;@5 573@;@10 356@;@5 573@;@@;@248 471@;@4 783@;@4 783@;@0,6@;@2 869,8@;@0,63
"8481409000"@;@10 559 968@;@22 202@;@1 438 803@;@1 438 803@;@1 238 704@;@75 445@;@11 901 124@;@0@;@0@;@1@;@0@;@0,64
"9030320009"@;@751 221@;@243@;@@;@@;@@;@@;@751 221@;@@;@@;@0,3@;@@;@0,56
"8501535009"@;@@;@@;@@;@@;@@;@@;@0@;@@;@@;@0,4@;@@;@
"1211908605"@;@@;@1 117 556@;@113 092@;@113 092@;@34 091@;@79 001@;@34 091@;@0@;@@;@0,6@;@@;@
"8418308008"@;@@;@@;@@;@@;@@;@@;@0@;@@;@@;@0,4@;@@;@
"2208909100"@;@@;@@;@11 850@;@11 850@;@11 850@;@@;@11 850@;@0@;@@;@0,7@;@@;@
"6115101009"@;@213 481@;@120 304@;@1 636 116@;@1 859 989@;@1 071 489@;@1 578 191@;@271 406@;@223 873@;@213 481@;@0,6@;@128 088,6@;@0,83
"8213000000"@;@810 968@;@330@;@@;@@;@@;@@;@810 968@;@@;@@;@0,3@;@@;@0,56
"207139100"@;@@;@@;@2 185@;@2 185@;@902@;@1 286@;@902@;@0@;@@;@0,3@;@@;@
"7211908000"@;@2 461 025@;@1 400@;@@;@@;@@;@@;@2 461 025@;@@;@@;@0,3@;@@;@0,56
"7801910000"@;@@;@@;@526 724@;@526 724@;@526 724@;@@;@526 724@;@0@;@@;@0,3@;@@;@
"8504909200"@;@579 074@;@40@;@23 147@;@23 147@;@23 147@;@@;@602 181@;@0@;@0@;@0,6@;@0@;@0,6
"9018200000"@;@1 456 412@;@75 050@;@81 382@;@81 382@;@84 830@;@4 775@;@1 457 969@;@0@;@0@;@1@;@0@;@0,7
"7616991008"@;@2 574 702@;@73 342@;@17 413@;@17 413@;@17 413@;@5 159@;@2 513 614@;@0@;@0@;@1@;@0@;@0,71
"2005100010"@;@166 348@;@@;@@;@@;@@;@@;@166 348@;@@;@@;@0@;@@;@0,5
"6102909000"@;@5 260@;@10 478@;@487 712@;@487 712@;@487 712@;@@;@492 972@;@0@;@0@;@1@;@0@;@0,21
"6112120000"@;@1 038 451@;@892 419@;@1 384 456@;@1 968 141@;@1 384 456@;@@;@2 422 907@;@583 685@;@583 685@;@1@;@583 685@;@0,58
"5306103000"@;@14 621@;@951 599@;@@;@@;@@;@@;@14 621@;@@;@@;@0,3@;@@;@0,56
"8504320009"@;@836 984@;@@;@126 184@;@126 184@;@126 184@;@@;@963 168@;@0@;@0@;@0,7@;@0@;@0,57
"3920710000"@;@15 930@;@@;@@;@@;@@;@@;@15 930@;@@;@@;@0@;@@;@0,5
"1517909900"@;@55 781 459@;@753 610@;@1 245 105@;@1 263 957@;@1 309 402@;@95 233@;@56 177 721@;@18 852@;@18 852@;@1@;@18 852@;@0,7
"3920799000"@;@35 336@;@@;@@;@@;@@;@@;@35 336@;@@;@@;@0@;@@;@0,5
"8421230009"@;@@;@@;@@;@@;@@;@@;@0@;@@;@@;@0,4@;@@;@
"3917291900"@;@@;@@;@471 079@;@471 079@;@471 079@;@@;@471 079@;@0@;@@;@0,3@;@@;@
"2843210000"@;@13 852@;@@;@@;@@;@@;@@;@13 852@;@@;@@;@0,4@;@@;@0,58
"7018909000"@;@143 664@;@@;@@;@@;@@;@@;@143 664@;@@;@@;@0@;@@;@0,5
"8704101080"@;@2 000@;@@;@@;@@;@@;@@;@2 000@;@@;@@;@0@;@@;@0,5
"2518200000"@;@515 746@;@@;@116 179@;@116 379@;@88 442@;@45 773@;@586 152@;@200@;@200@;@0,7@;@140@;@0,58
"8215991000"@;@2 030 235@;@5 397@;@@;@@;@@;@@;@2 030 235@;@@;@@;@0,3@;@@;@0,56
"2615909000"@;@@;@@;@69 096@;@69 505@;@69 096@;@@;@69 096@;@409@;@@;@0,3@;@@;@
"1507909009"@;@@;@@;@184 921@;@186 048@;@184 921@;@@;@184 921@;@1 127@;@@;@0,3@;@@;@
"4411921000"@;@5 450 424@;@@;@39 125@;@39 125@;@39 125@;@@;@5 489 549@;@0@;@0@;@0,7@;@0@;@0,64
"8418211000"@;@40 481@;@3 636@;@10 381 419@;@12 070 165@;@8 195 596@;@5 541 695@;@4 880 205@;@1 688 746@;@40 481@;@0,6@;@24 288,6@;@12,64
"9603298000"@;@66 833@;@8@;@@;@@;@@;@@;@66 833@;@@;@@;@0,3@;@@;@0,56
"2710194220"@;@1 347 554@;@@;@@;@@;@@;@@;@1 347 554@;@@;@@;@0@;@@;@0,5
"5808900000"@;@1 615 766@;@34 418@;@736 913@;@772 218@;@675 064@;@184 441@;@2 133 820@;@35 305@;@35 305@;@0,6@;@21 183@;@0,51
"5909001000"@;@943 791@;@@;@476 166@;@476 166@;@476 166@;@@;@1 419 957@;@0@;@0@;@0,7@;@0@;@0,47
"3822000000"@;@@;@@;@1 038 937@;@1 038 937@;@248 373@;@790 563@;@248 373@;@0@;@@;@0,3@;@@;@
"1404900001"@;@17 634@;@311 111@;@@;@@;@@;@@;@17 634@;@@;@@;@0,3@;@@;@0,56
"3811900000"@;@3 411 647@;@34 687@;@1 575 407@;@1 595 340@;@514 873@;@251 241@;@4 701 126@;@19 933@;@19 933@;@1@;@19 933@;@0,56
"8542391000"@;@10@;@@;@@;@@;@@;@@;@10@;@@;@@;@0@;@@;@0,5
"6215200000"@;@18 274@;@@;@10 824@;@10 824@;@10 824@;@@;@29 098@;@0@;@0@;@0,3@;@0@;@0,37
"403903300"@;@@;@@;@122 027@;@154 067@;@122 027@;@@;@122 027@;@32 040@;@@;@0,3@;@@;@
"2904100000"@;@269 836@;@@;@31 872@;@31 872@;@31 872@;@@;@301 708@;@0@;@0@;@0,3@;@0@;@0,51
"8411123009"@;@@;@1 146 400@;@@;@@;@@;@@;@0@;@@;@@;@0,3@;@@;@
"6208920000"@;@76 729@;@15 454@;@@;@@;@@;@@;@76 729@;@@;@@;@0,7@;@@;@0,64
"8708502001"@;@5 860 668@;@449 962@;@790@;@8 690@;@790@;@@;@5 411 496@;@7 900@;@7 900@;@0,6@;@4 740@;@0,66
"8535900001"@;@31 688@;@@;@54 261@;@54 261@;@54 261@;@@;@85 949@;@0@;@0@;@0,3@;@0@;@0,24
"6110201000"@;@124 867@;@7 134 159@;@60 669 035@;@61 174 267@;@26 462 439@;@34 537 719@;@26 256 183@;@505 232@;@124 867@;@1@;@124 867@;@1,42
"9405210029"@;@68 494@;@@;@@;@@;@@;@@;@68 494@;@@;@@;@0@;@@;@0,5
"7202299000"@;@1 191 347@;@@;@31 077 552@;@31 092 998@;@31 077 552@;@@;@32 268 899@;@15 446@;@15 446@;@0,7@;@10 812,2@;@0,16
"2005590000"@;@90 284@;@394@;@1 030 020@;@1 072 374@;@1 023 980@;@6 040@;@1 114 264@;@42 354@;@42 354@;@0,6@;@25 412,4@;@0,3
"6405209900"@;@8 315@;@87 474@;@334 212@;@355 479@;@334 212@;@@;@342 527@;@21 267@;@8 315@;@1@;@8 315@;@0,98
"8448490000"@;@1 992 860@;@@;@@;@@;@@;@@;@1 992 860@;@@;@@;@0@;@@;@0,5
"0603150000"@;@24 565@;@11 243@;@@;@@;@@;@@;@24 565@;@@;@@;@0,3@;@@;@0,56
"0305448000"@;@@;@5 766@;@@;@@;@@;@@;@0@;@@;@@;@0,3@;@@;@
"2921450000"@;@11 514@;@@;@@;@@;@@;@@;@11 514@;@@;@@;@0@;@@;@0,5
"7216911000"@;@2 002 362@;@1 084 653@;@22 233 090@;@30 869 947@;@21 404 339@;@1 195 996@;@23 039 456@;@8 636 857@;@2 002 362@;@1@;@2 002 362@;@1,54
"3104201000"@;@78 769@;@@;@229 847@;@1 149 235@;@224 977@;@14 849@;@293 767@;@919 388@;@78 769@;@0,7@;@55 138,3@;@3,78
"8432295000"@;@403 716@;@@;@@;@@;@@;@@;@403 716@;@@;@@;@0@;@@;@0,5
"8703605992"@;@1 219 846@;@@;@@;@@;@@;@@;@1 219 846@;@@;@@;@0@;@@;@0,5
"8708709109"@;@420 476@;@24 715@;@@;@@;@@;@@;@420 476@;@@;@@;@0,3@;@@;@0,56
"8436290000"@;@14 422 451@;@82 351@;@107 474@;@107 474@;@107 474@;@26 544@;@14 421 030@;@0@;@0@;@0,6@;@0@;@0,62
"8473401100"@;@948 347@;@2 500@;@@;@@;@@;@@;@948 347@;@@;@@;@0,3@;@@;@0,56
"5208490000"@;@828 690@;@1 067 116@;@@;@@;@@;@@;@828 690@;@@;@@;@0,7@;@@;@0,64
"0403205300"@;@1 546@;@@;@@;@@;@@;@@;@1 546@;@@;@@;@0@;@@;@0,5
"5206120002"@;@234 120@;@7 160 641@;@@;@@;@@;@@;@234 120@;@@;@@;@0,3@;@@;@0,56
"2513200000"@;@171 818@;@26@;@@;@@;@@;@@;@171 818@;@@;@@;@0,3@;@@;@0,56
"6301209000"@;@@;@@;@177 430@;@177 430@;@176 694@;@18 088@;@176 694@;@0@;@@;@0,3@;@@;@
"9031200000"@;@4 034 029@;@@;@811 140@;@811 140@;@811 140@;@@;@4 845 169@;@0@;@0@;@0,3@;@0@;@0,48
"8528623000"@;@92 292@;@@;@@;@@;@@;@@;@92 292@;@@;@@;@0@;@@;@0,5
"9030209900"@;@13@;@@;@@;@@;@@;@@;@13@;@@;@@;@0@;@@;@0,5
"2842901000"@;@36 961@;@@;@@;@@;@@;@@;@36 961@;@@;@@;@0@;@@;@0,5
"9019109001"@;@577 039@;@@;@1 185@;@1 185@;@1 185@;@@;@578 224@;@0@;@0@;@0,3@;@0@;@0,56
"4202119000"@;@22 008@;@@;@1 100 839@;@1 131 936@;@1 091 983@;@22 849@;@1 099 998@;@31 097@;@22 008@;@0,3@;@6 602,4@;@0,49
"8545901000"@;@123 184@;@@;@@;@@;@@;@@;@123 184@;@@;@@;@0@;@@;@0,5
"0106900090"@;@60 059@;@91 892@;@@;@@;@@;@@;@60 059@;@@;@@;@0,3@;@@;@0,56
"9405109809"@;@@;@@;@57 658@;@57 658@;@57 658@;@13 838@;@57 658@;@0@;@@;@0,3@;@@;@
"8413705109"@;@@;@@;@@;@@;@@;@@;@0@;@@;@@;@0,4@;@@;@
"2009903900"@;@@;@@;@68 459@;@68 459@;@14 380@;@142 603@;@14 380@;@0@;@@;@0,3@;@@;@
"0702000003"@;@@;@2 349 558@;@@;@@;@@;@@;@0@;@@;@@;@0,3@;@@;@
"8416101000"@;@27 039@;@@;@55 876@;@59 089@;@55 876@;@@;@82 915@;@3 213@;@3 213@;@0,3@;@963,9@;@0,26
"8541420000"@;@951 864@;@@;@@;@@;@@;@@;@951 864@;@@;@@;@0@;@@;@0,5
"8546901000"@;@546 357@;@@;@76 010@;@82 295@;@76 010@;@67 151@;@555 216@;@6 285@;@6 285@;@0,7@;@4 399,5@;@0,64
"7016904001"@;@@;@@;@5 900@;@5 900@;@632@;@5 268@;@632@;@0@;@@;@0,3@;@@;@
"8539519009"@;@2 943 795@;@2 189@;@@;@@;@@;@@;@2 943 795@;@@;@@;@0,3@;@@;@0,56
"3403199900"@;@@;@@;@66 922@;@66 922@;@66 922@;@8 330@;@66 922@;@0@;@@;@0,3@;@@;@
"7019690005"@;@43 888@;@@;@1 334@;@1 334@;@1 334@;@@;@45 222@;@0@;@0@;@0,3@;@0@;@0,55
"9503003500"@;@878 411@;@452 778@;@225 456@;@227 917@;@206 713@;@21 268@;@629 821@;@2 461@;@2 461@;@0,6@;@1 476,6@;@0,82
"7304220009"@;@18 482@;@@;@@;@@;@@;@@;@18 482@;@@;@@;@0@;@@;@0,5
"8501710009"@;@@;@@;@@;@@;@@;@@;@0@;@@;@@;@0,4@;@@;@
"8424200000"@;@26 673 577@;@696 271@;@1 149 727@;@1 149 727@;@1 149 727@;@@;@27 127 033@;@0@;@0@;@0,6@;@0@;@0,61
"8462620092"@;@12 965@;@@;@@;@@;@@;@@;@12 965@;@@;@@;@0@;@@;@0,5
"8512100000"@;@196 196@;@@;@205 485@;@215 759@;@205 485@;@@;@401 681@;@10 274@;@10 274@;@0,3@;@3 082,2@;@0,32
"3705001000"@;@6 853@;@@;@@;@@;@@;@@;@6 853@;@@;@@;@0@;@@;@0,5
"8426490091"@;@1 413 013@;@@;@@;@@;@@;@@;@1 413 013@;@@;@@;@0@;@@;@0,5
"5601211000"@;@879 573@;@21 525 094@;@8 353 904@;@8 389 101@;@7 480 493@;@294 996@;@8 938 481@;@35 197@;@35 197@;@1@;@35 197@;@0,26
"6209900000"@;@@;@@;@128 532@;@144 599@;@128 532@;@@;@128 532@;@16 067@;@@;@0,3@;@@;@
"0102299100"@;@1 770 033@;@@;@@;@@;@@;@@;@1 770 033@;@@;@@;@0@;@@;@0,5
"8522908100"@;@12 343@;@@;@83 121@;@83 121@;@83 121@;@@;@95 464@;@0@;@0@;@0,3@;@0@;@0,12
"8523499900"@;@142 546@;@@;@@;@@;@@;@@;@142 546@;@@;@@;@0@;@@;@0,5
"809100000"@;@@;@@;@1 777 022@;@1 777 022@;@1 777 022@;@@;@1 777 022@;@0@;@@;@0,3@;@@;@
"5402450000"@;@525 938@;@2 318@;@@;@@;@@;@@;@525 938@;@@;@@;@0,3@;@@;@0,56
"7011900000"@;@3 475@;@@;@@;@@;@@;@@;@3 475@;@@;@@;@0@;@@;@0,5
"9620000003"@;@15 400@;@@;@@;@@;@@;@@;@15 400@;@@;@@;@0@;@@;@0,5
"1514111000"@;@133 118@;@@;@@;@@;@@;@@;@133 118@;@@;@@;@0@;@@;@0,5
"2922110000"@;@732 164@;@@;@@;@@;@@;@@;@732 164@;@@;@@;@0@;@@;@0,5
"2922210000"@;@1 753@;@@;@@;@@;@@;@@;@1 753@;@@;@@;@0@;@@;@0,5
"5516940000"@;@12 898@;@111 570@;@@;@@;@@;@@;@12 898@;@@;@@;@0,3@;@@;@0,56
"4202329000"@;@106 149@;@5 101@;@@;@@;@@;@@;@106 149@;@@;@@;@0,3@;@@;@0,56
"1104225000"@;@80 333@;@@;@@;@@;@@;@@;@80 333@;@@;@@;@0@;@@;@0,5
"2905450001"@;@209@;@@;@@;@@;@@;@@;@209@;@@;@@;@0@;@@;@0,5
"9504301000"@;@403 655@;@389@;@@;@@;@@;@@;@403 655@;@@;@@;@0,3@;@@;@0,56
"8001100000"@;@2 009 823@;@@;@52 749@;@105 498@;@52 749@;@@;@2 062 572@;@52 749@;@52 749@;@0,3@;@15 824,7@;@0,56
"8433201000"@;@247 656@;@@;@@;@@;@@;@@;@247 656@;@@;@@;@0@;@@;@0,5
"3812201000"@;@2 076@;@@;@2 449 979@;@2 454 376@;@2 449 979@;@8 698@;@2 443 357@;@4 397@;@2 076@;@0,3@;@622,8@;@0,7
"2005208000"@;@351 056@;@@;@157 680@;@157 680@;@157 680@;@@;@508 736@;@0@;@0@;@0,3@;@0@;@0,41
"0504000000"@;@370 898@;@6 547 927@;@@;@@;@@;@@;@370 898@;@@;@@;@0,3@;@@;@0,56
"7215508000"@;@35 528@;@@;@6 278@;@7 534@;@6 278@;@@;@41 806@;@1 256@;@1 256@;@0,3@;@376,8@;@0,5
"305610000"@;@@;@@;@4 591@;@4 591@;@4 591@;@@;@4 591@;@0@;@@;@0,3@;@@;@
"8504320000"@;@@;@@;@4 600 121@;@4 837 433@;@4 591 905@;@113 005@;@4 591 905@;@237 312@;@@;@0,3@;@@;@
"2936220001"@;@26 533@;@@;@@;@@;@@;@@;@26 533@;@@;@@;@0@;@@;@0,5
"2401208501"@;@10 105 905@;@56 729@;@@;@@;@@;@@;@10 105 905@;@@;@@;@0,3@;@@;@0,56
"6211323100"@;@190@;@@;@6 083@;@6 083@;@6 083@;@@;@6 273@;@0@;@0@;@0,7@;@0@;@0,16
"5205220008"@;@@;@578 232@;@@;@@;@@;@@;@0@;@@;@@;@0,3@;@@;@
"5903201000"@;@221 548@;@@;@@;@@;@@;@@;@221 548@;@@;@@;@0@;@@;@0,5
"4412920000"@;@16 160@;@@;@@;@@;@@;@@;@16 160@;@@;@@;@0@;@@;@0,5
"0709999000"@;@8 464@;@33 323 788@;@@;@@;@@;@@;@8 464@;@@;@@;@0,7@;@@;@0,64
"6204199000"@;@33 294@;@1 999 019@;@6 913@;@6 913@;@6 913@;@@;@40 207@;@0@;@0@;@1@;@0@;@0,61
"4802568000"@;@825 879@;@77 805@;@@;@@;@@;@@;@825 879@;@@;@@;@0,7@;@@;@0,64
"5205430000"@;@@;@@;@149 952 273@;@178 819 762@;@51 549 153@;@72 839 186@;@51 549 153@;@28 867 489@;@@;@0,3@;@@;@
"7225309000"@;@1 055 495@;@@;@@;@@;@@;@@;@1 055 495@;@@;@@;@0@;@@;@0,5
"8481807310"@;@32 075@;@@;@28 118@;@28 118@;@27 724@;@394@;@59 799@;@0@;@0@;@0,7@;@0@;@0,41
"9022120000"@;@10 842 907@;@@;@@;@@;@@;@@;@10 842 907@;@@;@@;@0@;@@;@0,5
"8528491000"@;@15 879@;@@;@@;@@;@@;@@;@15 879@;@@;@@;@0@;@@;@0,5
"2106909801"@;@8 054 658@;@628 893@;@@;@@;@@;@@;@8 054 658@;@@;@@;@0,3@;@@;@0,56
"9405490036"@;@926 307@;@3 170@;@82 853@;@82 853@;@82 853@;@8 423@;@997 567@;@0@;@0@;@0,6@;@0@;@0,58
"6209901000"@;@1 598@;@@;@366 950@;@36 340 045@;@366 950@;@@;@368 548@;@35 973 095@;@1 598@;@0,3@;@479,4@;@100
"2201101900"@;@9 083 666@;@314 637@;@93 549 152@;@100 929 811@;@85 005 033@;@6 074 739@;@96 558 079@;@7 380 659@;@7 380 659@;@1@;@7 380 659@;@0,49
"2921301000"@;@35 866@;@@;@@;@@;@@;@@;@35 866@;@@;@@;@0@;@@;@0,5
"6405100000"@;@@;@@;@1 116 791@;@1 492 548@;@927 554@;@203 574@;@927 554@;@375 757@;@@;@0,3@;@@;@
"0403207300"@;@154 642@;@3 933@;@@;@@;@@;@@;@154 642@;@@;@@;@0,3@;@@;@0,56
"1208900000"@;@12 323@;@@;@@;@@;@@;@@;@12 323@;@@;@@;@0@;@@;@0,5
"0901220008"@;@18 984@;@@;@@;@@;@@;@@;@18 984@;@@;@@;@0@;@@;@0,5
"402991900"@;@@;@@;@392 621@;@394 363@;@392 621@;@@;@392 621@;@1 742@;@@;@0,3@;@@;@
"4412100009"@;@165 924@;@@;@@;@@;@@;@@;@165 924@;@@;@@;@0@;@@;@0,5
"6211490009"@;@92 244@;@970@;@3 718 311@;@@;@3 718 311@;@@;@3 810 555@;@@;@@;@1@;@@;@0,21
"1104295500"@;@1 560@;@@;@@;@@;@@;@@;@1 560@;@@;@@;@0@;@@;@0,5
"8501523000"@;@5 532 722@;@9 014@;@712 761@;@1 151 095@;@630 441@;@82 320@;@6 154 149@;@438 334@;@438 334@;@1@;@438 334@;@0,67
"8527219800"@;@132@;@138@;@@;@@;@@;@@;@132@;@@;@@;@0,3@;@@;@0,56
"8303004000"@;@543 031@;@2 499@;@212 748@;@354 540@;@212 748@;@546@;@752 734@;@141 792@;@141 792@;@1@;@141 792@;@0,64
"9405490019"@;@458 187@;@3 560@;@5 671@;@5 671@;@5 671@;@@;@460 298@;@0@;@0@;@0,6@;@0@;@0,62
"7217304900"@;@9 710@;@5@;@@;@@;@@;@@;@9 710@;@@;@@;@0,3@;@@;@0,56
"9025802000"@;@35 826@;@@;@@;@@;@@;@@;@35 826@;@@;@@;@0@;@@;@0,5
"8419350000"@;@461 322@;@@;@@;@@;@@;@@;@461 322@;@@;@@;@0@;@@;@0,5
"3901901000"@;@@;@@;@51 285@;@51 285@;@51 285@;@@;@51 285@;@0@;@@;@0,3@;@@;@
"8536700001"@;@780 809@;@@;@1 211 912@;@1 298 477@;@1 211 912@;@@;@1 992 721@;@86 565@;@86 565@;@0,7@;@60 595,5@;@0,37
"7228401000"@;@1 289 824@;@@;@@;@@;@@;@@;@1 289 824@;@@;@@;@0@;@@;@0,5
"8703101800"@;@348 984@;@17 100@;@703 069@;@703 069@;@632 762@;@124 682@;@927 371@;@0@;@0@;@0,6@;@0@;@0,31
"7606119900"@;@1 009 601@;@9 092@;@307 745@;@307 745@;@307 745@;@@;@1 308 254@;@0@;@0@;@1@;@0@;@0,59
"4012909000"@;@194 743@;@93@;@5 170@;@5 170@;@5 170@;@@;@199 820@;@0@;@0@;@0,6@;@0@;@0,61
"9616200000"@;@152 011@;@@;@7 283 700@;@9 258 675@;@7 227 069@;@119 889@;@7 315 822@;@1 974 975@;@152 011@;@0,3@;@45 603,3@;@3,97
"9403890000"@;@1 502 359@;@248 680@;@222 620@;@233 398@;@222 620@;@@;@1 476 299@;@10 778@;@10 778@;@1@;@10 778@;@0,71
"1602906100"@;@6 977@;@@;@@;@@;@@;@@;@6 977@;@@;@@;@0@;@@;@0,5
"5515191000"@;@2 994@;@@;@7 110@;@7 110@;@7 110@;@@;@10 104@;@0@;@0@;@0,3@;@0@;@0,21
"7208540000"@;@18 952 892@;@1 779 316@;@6 180 199@;@8 521 675@;@6 180 199@;@@;@23 353 775@;@2 341 476@;@2 341 476@;@0,6@;@1 404 885,6@;@0,56
"8408906100"@;@1 409 696@;@404 811@;@@;@@;@@;@@;@1 409 696@;@@;@@;@0,3@;@@;@0,56
"0809301000"@;@3 401@;@83 263 635@;@@;@@;@@;@@;@3 401@;@@;@@;@0,3@;@@;@0,56
"8525809909"@;@@;@@;@76 431@;@80 454@;@76 431@;@@;@76 431@;@4 023@;@@;@0,3@;@@;@
"2204297908"@;@10 847@;@@;@@;@@;@@;@@;@10 847@;@@;@@;@0@;@@;@0,5
"3901903000"@;@3 065@;@43 844@;@700 963@;@801 284@;@604 903@;@89 336@;@614 692@;@100 321@;@3 065@;@0,6@;@1 839@;@9,94
"9405403901"@;@@;@@;@16 590@;@33 180@;@16 590@;@@;@16 590@;@16 590@;@@;@0,3@;@@;@
"3823130000"@;@153 811@;@@;@@;@@;@@;@@;@153 811@;@@;@@;@0@;@@;@0,5
"2827100000"@;@40 856@;@350 523@;@1 047 198@;@1 308 998@;@296 433@;@662 901@;@425 153@;@261 800@;@40 856@;@1@;@40 856@;@2,17
"2853901000"@;@30 633@;@584@;@2 570@;@2 570@;@2 570@;@@;@32 619@;@0@;@0@;@1@;@0@;@0,67
"2936270000"@;@402 121@;@@;@@;@@;@@;@@;@402 121@;@@;@@;@0@;@@;@0,5
"5407810000"@;@12 832@;@@;@29 713@;@29 713@;@29 713@;@@;@42 545@;@0@;@0@;@0,3@;@0@;@0,21
"5207100000"@;@@;@@;@22 693 356@;@28 440 958@;@24 897 093@;@515 701@;@24 897 093@;@5 747 602@;@@;@0,3@;@@;@
"1104309000"@;@@;@@;@485 859@;@485 859@;@485 859@;@66 361@;@485 859@;@0@;@@;@0,3@;@@;@
"4009320000"@;@9 000 264@;@313 805@;@179 651@;@179 651@;@108 605@;@216 441@;@8 649 669@;@0@;@0@;@0,6@;@0@;@0,64
"4601949000"@;@29@;@@;@@;@@;@@;@@;@29@;@@;@@;@0@;@@;@0,5
"3301293100"@;@617@;@@;@@;@@;@@;@@;@617@;@@;@@;@0@;@@;@0,5
"6103310000"@;@53 230@;@987@;@@;@@;@@;@@;@53 230@;@@;@@;@0,3@;@@;@0,56
"9614001000"@;@@;@@;@18 177@;@19 620@;@18 177@;@@;@18 177@;@1 443@;@@;@0,3@;@@;@
"8462999009"@;@@;@@;@146 675@;@146 675@;@146 675@;@@;@146 675@;@0@;@@;@0,3@;@@;@
"8903110000"@;@19 592@;@@;@@;@@;@@;@@;@19 592@;@@;@@;@0@;@@;@0,5
"4407911500"@;@15 902@;@@;@@;@@;@@;@@;@15 902@;@@;@@;@0@;@@;@0,5
"3910000002"@;@121 082@;@@;@@;@@;@@;@@;@121 082@;@@;@@;@0@;@@;@0,5
"2208701000"@;@269 757@;@@;@862 694@;@866 571@;@829 469@;@36 491@;@1 095 960@;@3 877@;@3 877@;@0,3@;@1 163,1@;@0,19
"3301299100"@;@25 584@;@@;@@;@@;@@;@@;@25 584@;@@;@@;@0@;@@;@0,5
"7326909201"@;@@;@@;@185 819@;@185 819@;@185 819@;@@;@185 819@;@0@;@@;@0,3@;@@;@
"3504009000"@;@6 355 354@;@37 733@;@486 782@;@501 960@;@344 766@;@142 016@;@6 662 387@;@15 178@;@15 178@;@0,6@;@9 106,8@;@0,6
"1602491100"@;@18 204@;@@;@136 435@;@138 136@;@136 435@;@2 280@;@152 359@;@1 701@;@1 701@;@0,3@;@510,3@;@0,15
"8483102501"@;@799@;@@;@4 736@;@5 083@;@4 736@;@@;@5 535@;@347@;@347@;@0,3@;@104,1@;@0,26
"4803009000"@;@309 654@;@15 553 714@;@18 775 431@;@22 922 033@;@18 483 739@;@355 399@;@18 729 686@;@4 146 602@;@309 654@;@1@;@309 654@;@4,23
"8504502000"@;@135 304@;@@;@58 808@;@58 808@;@58 808@;@@;@194 112@;@0@;@0@;@0,3@;@0@;@0,41
"5407699000"@;@195 852@;@23@;@@;@@;@@;@@;@195 852@;@@;@@;@0,3@;@@;@0,56
"404902300"@;@@;@@;@5 715 184@;@5 741 697@;@5 692 198@;@23 342@;@5 692 198@;@26 513@;@@;@0,3@;@@;@
"2309902000"@;@5 069@;@@;@53 454 957@;@62 174 065@;@52 925 391@;@562 342@;@52 897 684@;@8 719 108@;@5 069@;@0,3@;@1 520,7@;@100
"5205340002"@;@@;@2 377 381@;@@;@@;@@;@@;@0@;@@;@@;@0,3@;@@;@
"0402219100"@;@11 981@;@@;@@;@@;@@;@@;@11 981@;@@;@@;@0,4@;@@;@0,58
"8528725200"@;@@;@@;@560 168@;@560 168@;@560 168@;@@;@560 168@;@0@;@@;@0,3@;@@;@
"7304110002"@;@892@;@@;@@;@@;@@;@@;@892@;@@;@@;@0@;@@;@0,5
"5203000000"@;@562@;@@;@45 280 680@;@45 406 692@;@22 671 132@;@23 045 176@;@22 236 066@;@126 012@;@562@;@0,3@;@168,6@;@67,33
"6306290000"@;@@;@@;@17 839@;@17 839@;@17 839@;@@;@17 839@;@0@;@@;@0,3@;@@;@
"8540910000"@;@@;@@;@67 408@;@101 112@;@67 408@;@@;@67 408@;@33 704@;@@;@0,3@;@@;@
"2852100002"@;@249@;@@;@@;@@;@@;@@;@249@;@@;@@;@0@;@@;@0,5
"8507202000"@;@3 085 426@;@3 713@;@1 190 877@;@233 698 491@;@1 159 758@;@44 174@;@4 228 416@;@232 507 614@;@3 085 426@;@1@;@3 085 426@;@23,17
"7607119000"@;@8 963 954@;@280@;@450 682@;@450 682@;@450 682@;@@;@9 414 356@;@0@;@0@;@0,6@;@0@;@0,6
"8436100000"@;@4 872 793@;@42 270@;@13 049@;@26 098@;@13 049@;@@;@4 843 572@;@13 049@;@13 049@;@0,6@;@7 829,4@;@0,62
"7211140000"@;@594 044@;@@;@280 353@;@281 411@;@280 353@;@@;@874 397@;@1 058@;@1 058@;@0,3@;@317,4@;@0,4
"2924293000"@;@@;@@;@223 804@;@241 020@;@223 804@;@@;@223 804@;@17 216@;@@;@0,3@;@@;@
"7117110000"@;@6 023@;@6 582@;@752 387@;@776 814@;@752 387@;@@;@758 410@;@24 427@;@6 023@;@0,6@;@3 613,8@;@1,34
"2937210000"@;@169 983@;@4@;@@;@@;@@;@@;@169 983@;@@;@@;@0,3@;@@;@0,56
"9403105800"@;@@;@@;@1 323 588@;@1 532 829@;@1 314 740@;@51 735@;@1 314 740@;@209 241@;@@;@0,3@;@@;@
"7204219000"@;@137 266@;@509 177@;@@;@@;@@;@@;@137 266@;@@;@@;@0,3@;@@;@0,56
"8445110000"@;@24 024 118@;@@;@106 547@;@142 063@;@95 222@;@11 324@;@24 119 341@;@35 516@;@35 516@;@0,3@;@10 654,8@;@0,56
"8443192003"@;@317 473@;@@;@@;@@;@@;@@;@317 473@;@@;@@;@0@;@@;@0,5
"8714995000"@;@82 099@;@168@;@@;@@;@@;@@;@82 099@;@@;@@;@0,3@;@@;@0,56
"4017009000"@;@@;@@;@6 532@;@6 532@;@6 532@;@@;@6 532@;@0@;@@;@0,3@;@@;@
"8701299011"@;@@;@844@;@@;@@;@@;@@;@0@;@@;@@;@0,3@;@@;@
"5603141009"@;@725 824@;@2 807@;@@;@@;@@;@@;@725 824@;@@;@@;@0,3@;@@;@0,56
"7020003000"@;@680@;@@;@@;@@;@@;@@;@680@;@@;@@;@0@;@@;@0,5
"3206420000"@;@1 229@;@@;@@;@@;@@;@@;@1 229@;@@;@@;@0@;@@;@0,5
"2930300000"@;@120 900@;@@;@@;@@;@@;@@;@120 900@;@@;@@;@0@;@@;@0,5
"2204109609"@;@158@;@@;@@;@@;@@;@@;@158@;@@;@@;@0@;@@;@0,5
"2204219400"@;@206 694@;@@;@2 030 722@;@2 037 596@;@2 099 284@;@6 345@;@2 231 071@;@6 874@;@6 874@;@0,3@;@2 062,2@;@0,12
"1104121000"@;@174@;@@;@@;@@;@@;@@;@174@;@@;@@;@0@;@@;@0,5
"5703100000"@;@571 936@;@@;@@;@@;@@;@@;@571 936@;@@;@@;@0@;@@;@0,5
"2830901100"@;@750 183@;@1 861@;@@;@@;@@;@@;@750 183@;@@;@@;@0,3@;@@;@0,56
"8708211000"@;@28 245 223@;@385 650@;@97 140 953@;@97 140 963@;@97 169 116@;@730 547@;@124 655 629@;@10@;@10@;@0,6@;@6@;@0,23
"5603921000"@;@75 127@;@@;@496 387@;@496 387@;@496 387@;@@;@571 514@;@0@;@0@;@0,3@;@0@;@0,13
"7001001000"@;@74 690@;@15 604@;@198 919@;@198 919@;@198 919@;@@;@273 609@;@0@;@0@;@0,6@;@0@;@0,26
"5407201100"@;@1 296 518@;@1 430 370@;@@;@@;@@;@@;@1 296 518@;@@;@@;@0,7@;@@;@0,64
"9604000000"@;@389 190@;@224@;@12 369@;@12 369@;@12 369@;@@;@401 335@;@0@;@0@;@0,6@;@0@;@0,6
"8425390008"@;@@;@@;@@;@@;@@;@@;@0@;@@;@@;@0,4@;@@;@
"4823610000"@;@1 810@;@@;@@;@@;@@;@@;@1 810@;@@;@@;@0@;@@;@0,5
"406909909"@;@@;@@;@234 589@;@395 651@;@234 589@;@@;@234 589@;@161 062@;@@;@0,3@;@@;@
"3004320008"@;@34 188 168@;@1 465@;@1 276 798@;@1 276 845@;@1 170 882@;@105 916@;@35 357 585@;@47@;@47@;@1@;@47@;@0,68
"3917323500"@;@@;@@;@37 325@;@37 325@;@37 325@;@13 997@;@37 325@;@0@;@@;@0,3@;@@;@
"4407289900"@;@3 881@;@@;@@;@@;@@;@@;@3 881@;@@;@@;@0@;@@;@0,5
"0704901009"@;@@;@160 376@;@@;@@;@@;@@;@0@;@@;@@;@0,3@;@@;@
"3904400000"@;@3 106@;@@;@@;@@;@@;@@;@3 106@;@@;@@;@0@;@@;@0,5
"8429403000"@;@771 115@;@13 800@;@908 194@;@908 194@;@918 794@;@550 365@;@1 128 944@;@0@;@0@;@0,6@;@0@;@0,46
"8607999000"@;@@;@@;@42 369@;@42 369@;@42 369@;@@;@42 369@;@0@;@@;@0,3@;@@;@
"8504900500"@;@@;@@;@2 008 319@;@2 046 485@;@2 008 319@;@@;@2 008 319@;@38 166@;@@;@0,3@;@@;@
"5509920000"@;@@;@138 650@;@@;@@;@@;@@;@0@;@@;@@;@0,3@;@@;@
"5206320002"@;@@;@3 410 937@;@@;@@;@@;@@;@0@;@@;@@;@0,3@;@@;@
"1006201100"@;@@;@@;@7 238 826@;@8 763 260@;@6 833 861@;@867 984@;@6 833 861@;@1 524 434@;@@;@0,7@;@@;@
"8507102001"@;@7 293@;@@;@1 013 890@;@1 183 595@;@1 083 181@;@18 044@;@1 003 139@;@169 705@;@7 293@;@0,3@;@2 187,9@;@7,04
"303149000"@;@@;@@;@286 090@;@289 417@;@286 090@;@@;@286 090@;@3 327@;@@;@0,3@;@@;@
"8462900093"@;@184 703@;@@;@158 690@;@158 690@;@158 690@;@@;@343 393@;@0@;@0@;@0,3@;@0@;@0,33
"8302411000"@;@3 383 637@;@651 458@;@3 580 750@;@3 728 613@;@3 474 145@;@375 656@;@6 588 731@;@147 863@;@147 863@;@1@;@147 863@;@0,47
"6802910000"@;@13 782 601@;@601 434@;@2 351 722@;@2 660 940@;@2 356 066@;@34 515@;@15 498 374@;@309 218@;@309 218@;@1@;@309 218@;@0,65
"2915601900"@;@830 403@;@9 429@;@@;@@;@@;@@;@830 403@;@@;@@;@0,3@;@@;@0,56
"5702910000"@;@23 719@;@1 245@;@@;@@;@@;@@;@23 719@;@@;@@;@0,3@;@@;@0,56
"1602905100"@;@@;@@;@20 823@;@208 230@;@20 823@;@@;@20 823@;@187 407@;@@;@0,3@;@@;@
"8533900000"@;@12 673@;@2 763@;@@;@@;@@;@@;@12 673@;@@;@@;@0,3@;@@;@0,56
"8448110000"@;@1 378 625@;@@;@@;@@;@@;@@;@1 378 625@;@@;@@;@0@;@@;@0,5
"4010320000"@;@2 005 627@;@904@;@31 124@;@31 124@;@31 124@;@@;@2 035 847@;@0@;@0@;@1@;@0@;@0,69
"0710400000"@;@57 497@;@586 421@;@@;@@;@@;@@;@57 497@;@@;@@;@0,3@;@@;@0,56
"9017300000"@;@329 291@;@8 318@;@@;@@;@@;@@;@329 291@;@@;@@;@0,3@;@@;@0,56
"5603141001"@;@1 043 070@;@150@;@@;@@;@@;@@;@1 043 070@;@@;@@;@0,3@;@@;@0,56
"8518103000"@;@266 457@;@@;@@;@@;@@;@@;@266 457@;@@;@@;@0@;@@;@0,5
"8307900009"@;@@;@@;@@;@@;@@;@@;@0@;@@;@@;@0,4@;@@;@
"3002120009"@;@470 471@;@@;@@;@@;@@;@@;@470 471@;@@;@@;@0@;@@;@0,5
"0305391000"@;@13 753@;@1 599@;@@;@@;@@;@@;@13 753@;@@;@@;@0,3@;@@;@0,56
"9306909000"@;@260@;@@;@@;@@;@@;@@;@260@;@@;@@;@0@;@@;@0,5
"8445130009"@;@2 085 573@;@@;@@;@@;@@;@@;@2 085 573@;@@;@@;@0@;@@;@0,5
"8473308000"@;@2 406 400@;@27 470@;@@;@@;@@;@@;@2 406 400@;@@;@@;@0,7@;@@;@0,64
"7219321001"@;@@;@@;@6 022@;@7 226@;@6 022@;@@;@6 022@;@1 204@;@@;@0,3@;@@;@
"2203000100"@;@1 596 081@;@3 070@;@75 520 605@;@75 829 814@;@62 191 038@;@18 370 798@;@58 745 888@;@309 209@;@309 209@;@0,6@;@185 525,4@;@0,19
"7606129900"@;@349 443@;@@;@@;@@;@@;@@;@349 443@;@@;@@;@0@;@@;@0,5
"8708101000"@;@5 894 225@;@517 774@;@70 219 221@;@70 232 386@;@71 173 277@;@180 340@;@75 933 106@;@13 165@;@13 165@;@0,6@;@7 899@;@0,16
"2520200000"@;@52 523@;@4 507 391@;@39 340 777@;@40 346 572@;@36 290 993@;@3 898 348@;@35 494 952@;@1 005 795@;@52 523@;@1@;@52 523@;@5,95
"3825490000"@;@@;@@;@136 331@;@136 331@;@136 331@;@11 850@;@136 331@;@0@;@@;@0,3@;@@;@
"8536619000"@;@1 419 931@;@727@;@@;@@;@@;@@;@1 419 931@;@@;@@;@0,3@;@@;@0,56
"9021211000"@;@34 972@;@20 155@;@@;@@;@@;@@;@34 972@;@@;@@;@0,3@;@@;@0,56
"6203291800"@;@975@;@@;@256 234@;@256 234@;@256 234@;@@;@257 209@;@0@;@0@;@0,7@;@0@;@0,14
"8473291000"@;@463 914@;@@;@@;@@;@@;@@;@463 914@;@@;@@;@0@;@@;@0,5
"0710806900"@;@17 699@;@@;@@;@@;@@;@@;@17 699@;@@;@@;@0@;@@;@0,5
"2529210001"@;@166 843@;@27 400@;@@;@@;@@;@@;@166 843@;@@;@@;@0,3@;@@;@0,56
"2106905800"@;@1 473 875@;@554 540@;@@;@@;@@;@@;@1 473 875@;@@;@@;@0,3@;@@;@0,56
"303531000"@;@@;@@;@2 429@;@2 429@;@2 429@;@@;@2 429@;@0@;@@;@0,3@;@@;@
"5208129600"@;@294@;@3 009 137@;@359 098@;@465 432@;@308 948@;@97 228@;@262 164@;@106 334@;@294@;@1@;@294@;@100
"8703239089"@;@11 700@;@@;@@;@@;@@;@@;@11 700@;@@;@@;@0@;@@;@0,5
"8506808000"@;@497 233@;@304@;@@;@@;@@;@@;@497 233@;@@;@@;@0,3@;@@;@0,56
"4011900000"@;@1 415 458@;@@;@@;@@;@@;@@;@1 415 458@;@@;@@;@0@;@@;@0,5
"8424811000"@;@@;@@;@1 488 487@;@1 488 487@;@1 485 576@;@1 657@;@1 485 576@;@0@;@@;@0,3@;@@;@
"7302101000"@;@@;@@;@6 387@;@7 664@;@6 387@;@@;@6 387@;@1 277@;@@;@0,3@;@@;@
"8531103000"@;@6 030 648@;@83 815@;@390 895@;@394 445@;@390 605@;@290@;@6 337 438@;@3 550@;@3 550@;@0,6@;@2 130@;@0,6
"8526920001"@;@306 488@;@@;@@;@@;@@;@@;@306 488@;@@;@@;@0@;@@;@0,5
"8549390000"@;@218@;@1 491@;@@;@@;@@;@@;@218@;@@;@@;@0,3@;@@;@0,56
"7606119100"@;@1 172 357@;@@;@1 458 448@;@1 589 108@;@1 389 999@;@21 137@;@2 609 668@;@130 660@;@130 660@;@0,3@;@39 198@;@0,32
"8607290000"@;@142 729@;@@;@524 271@;@524 271@;@524 271@;@@;@667 000@;@0@;@0@;@0,7@;@0@;@0,25
"4409291500"@;@16 614@;@@;@@;@@;@@;@@;@16 614@;@@;@@;@0@;@@;@0,5
"7418101000"@;@22 485@;@2 749@;@@;@@;@@;@@;@22 485@;@@;@@;@0,3@;@@;@0,56
"3401201000"@;@9 062 375@;@113 877@;@625 290@;@690 980@;@577 889@;@136 356@;@9 437 432@;@65 690@;@65 690@;@0,6@;@39 414@;@0,6
"0104201000"@;@376 748@;@@;@@;@@;@@;@@;@376 748@;@@;@@;@0@;@@;@0,5
"6403599100"@;@27 143@;@179@;@17 775@;@17 775@;@17 775@;@@;@44 739@;@0@;@0@;@1@;@0@;@0,5
"2005910000"@;@10 635@;@@;@95 370@;@95 370@;@95 370@;@780@;@105 225@;@0@;@0@;@0,3@;@0@;@0,11
"1902401000"@;@13 805@;@@;@5 496@;@5 496@;@@;@924@;@18 377@;@0@;@0@;@0,3@;@0@;@0,44
"6116930000"@;@107 338@;@@;@145 532@;@145 532@;@145 532@;@2 472@;@250 398@;@0@;@0@;@0,7@;@0@;@0,35
"5112308000"@;@@;@@;@1 589 259@;@2 563 321@;@1 614 301@;@69 681@;@1 614 301@;@974 062@;@@;@0,3@;@@;@
"6505003000"@;@806 165@;@2 475 293@;@342 565@;@747 506@;@395 312@;@42 190@;@1 106 540@;@404 941@;@404 941@;@1@;@404 941@;@0,71
"6201920000"@;@@;@@;@36 530@;@36 530@;@38 156@;@10 450@;@38 156@;@0@;@@;@0,3@;@@;@
"8543200000"@;@844 065@;@443 984@;@136 598@;@136 598@;@136 598@;@@;@536 679@;@0@;@0@;@0,6@;@0@;@0,91
"8716905000"@;@9 036 341@;@@;@7 750@;@7 750@;@7 750@;@@;@9 044 091@;@0@;@0@;@0,3@;@0@;@0,56
"8536419000"@;@668 988@;@15 020@;@@;@@;@@;@@;@668 988@;@@;@@;@0,3@;@@;@0,56
"6211334200"@;@24 395@;@@;@@;@@;@@;@@;@24 395@;@@;@@;@0@;@@;@0,5
"3824910000"@;@228 455@;@@;@11 865 693@;@15 733 516@;@11 420 445@;@94 167@;@11 999 981@;@3 867 823@;@228 455@;@0,7@;@159 918,5@;@5,23
"9405610002"@;@214 406@;@@;@6 567@;@6 567@;@6 567@;@1 094@;@219 879@;@0@;@0@;@0,7@;@0@;@0,63
"8701219019"@;@5 619 859@;@57 899@;@@;@@;@@;@@;@5 619 859@;@@;@@;@0,3@;@@;@0,56
"6305200000"@;@2 246@;@295 209@;@2 270 123@;@2 308 747@;@2 183 735@;@113 731@;@2 158 638@;@38 624@;@2 246@;@1@;@2 246@;@5,36
"8708999709"@;@39 732 709@;@465 660@;@32 515 208@;@33 872 678@;@30 754 460@;@1 099 926@;@70 682 331@;@1 357 470@;@1 357 470@;@0,6@;@814 482@;@0,41
"4819200000"@;@23 897 349@;@1 165 463@;@4 300 844@;@4 382 486@;@4 297 130@;@9 189@;@27 023 541@;@81 642@;@81 642@;@1@;@81 642@;@0,64
"9403105809"@;@400 206@;@7 483@;@1 231 981@;@1 318 298@;@1 219 939@;@14 672@;@1 617 515@;@86 317@;@86 317@;@1@;@86 317@;@0,39
"9405201101"@;@@;@@;@1 808@;@1 808@;@1 808@;@13 774@;@1 808@;@0@;@@;@0,3@;@@;@
"2915290000"@;@125 571@;@80@;@@;@@;@@;@@;@125 571@;@@;@@;@0,7@;@@;@0,64
"8210000000"@;@996 733@;@5 852@;@@;@@;@@;@@;@996 733@;@@;@@;@0,3@;@@;@0,56
"9504200001"@;@1 634 433@;@12 026@;@@;@@;@@;@@;@1 634 433@;@@;@@;@0,3@;@@;@0,56
"6804221200"@;@178 904@;@@;@106 516@;@106 516@;@106 516@;@@;@285 420@;@0@;@0@;@0,3@;@0@;@0,37
"5402520000"@;@854 284@;@@;@@;@@;@@;@@;@854 284@;@@;@@;@0@;@@;@0,5
"8705909000"@;@@;@@;@67 457@;@67 457@;@67 457@;@@;@67 457@;@0@;@@;@0,3@;@@;@
"3206491000"@;@16 937@;@@;@@;@@;@@;@@;@16 937@;@@;@@;@0@;@@;@0,5
"1604204000"@;@2 007@;@@;@@;@@;@@;@@;@2 007@;@@;@@;@0@;@@;@0,5
"7228306100"@;@1 407 342@;@@;@@;@@;@@;@@;@1 407 342@;@@;@@;@0@;@@;@0,5
"8716398008"@;@2 851 447@;@4 633@;@@;@@;@@;@@;@2 851 447@;@@;@@;@0,3@;@@;@0,56
"7415330000"@;@630 922@;@4 710@;@1 382 347@;@1 385 610@;@1 182 089@;@75 604@;@1 937 665@;@3 263@;@3 263@;@0,6@;@1 957,8@;@0,28
"2008407100"@;@12 059@;@@;@@;@@;@@;@@;@12 059@;@@;@@;@0@;@@;@0,5
"5509510000"@;@205 646@;@76 666@;@@;@@;@@;@@;@205 646@;@@;@@;@0,3@;@@;@0,56
"4804318000"@;@4 655 316@;@25 292@;@237@;@237@;@237@;@@;@4 630 261@;@0@;@0@;@0,6@;@0@;@0,62
"6815990008"@;@357 824@;@4 461 309@;@125 731@;@125 731@;@125 731@;@@;@483 555@;@0@;@0@;@1@;@0@;@0,57
"2104100000"@;@2 974 891@;@1 658@;@602 432@;@664 060@;@602 432@;@@;@3 575 665@;@61 628@;@61 628@;@0,6@;@36 976,8@;@0,54
"7212300000"@;@4 948 716@;@4 200 132@;@195 952@;@227 068@;@195 952@;@49 188@;@895 348@;@31 116@;@31 116@;@0,6@;@18 669,6@;@2,89
"2901210000"@;@4 260@;@@;@@;@@;@@;@@;@4 260@;@@;@@;@0@;@@;@0,5
"7503001000"@;@154@;@@;@@;@@;@@;@@;@154@;@@;@@;@0@;@@;@0,5
"3926200000"@;@1 637 763@;@2 857@;@580 829@;@593 590@;@571 344@;@9 485@;@2 206 250@;@12 761@;@12 761@;@1@;@12 761@;@0,57
"3904509000"@;@26 499@;@@;@@;@@;@@;@@;@26 499@;@@;@@;@0@;@@;@0,5
"2922150000"@;@20 992@;@@;@@;@@;@@;@@;@20 992@;@@;@@;@0@;@@;@0,5
"9611000000"@;@156 222@;@489@;@40 754@;@48 239@;@40 754@;@@;@196 487@;@7 485@;@7 485@;@1@;@7 485@;@0,61
"9701910000"@;@19 258@;@11 780@;@@;@@;@@;@@;@19 258@;@@;@@;@0,3@;@@;@0,56
"1007101000"@;@78 148@;@59 887@;@@;@@;@@;@@;@78 148@;@@;@@;@0,3@;@@;@0,56
"8501612000"@;@@;@@;@404 645@;@411 503@;@404 645@;@@;@404 645@;@6 858@;@@;@0,3@;@@;@
"0302230000"@;@7 417@;@@;@@;@@;@@;@@;@7 417@;@@;@@;@0@;@@;@0,5
"4823908510"@;@@;@@;@57 553@;@@;@57 553@;@@;@57 553@;@@;@@;@0,3@;@@;@
"7106910009"@;@19 843 427@;@@;@@;@@;@@;@@;@19 843 427@;@@;@@;@0@;@@;@0,5
"8716200000"@;@133 531@;@245 524@;@2 867 841@;@2 867 841@;@2 692 468@;@1 540 587@;@1 460 785@;@0@;@0@;@0,6@;@0@;@0,17
"6204130000"@;@49 217@;@73 323@;@68 318@;@304 614@;@35 022@;@33 296@;@84 239@;@236 296@;@49 217@;@1@;@49 217@;@1,93
"2821100000"@;@1 527 519@;@5 275 980@;@2 496@;@2 496@;@2 496@;@@;@1 530 015@;@0@;@0@;@0,6@;@0@;@0,62
"4706300000"@;@26 568@;@@;@@;@@;@@;@@;@26 568@;@@;@@;@0@;@@;@0,5
"8536201007"@;@10 355 367@;@33 951@;@39 501@;@39 501@;@39 501@;@@;@10 360 917@;@0@;@0@;@1@;@0@;@0,7
"4816200000"@;@1 462@;@@;@592 109@;@@;@592 109@;@@;@593 571@;@@;@@;@0,7@;@@;@0,14
"2924299900"@;@1 613 316@;@@;@@;@@;@@;@@;@1 613 316@;@@;@@;@0@;@@;@0,5
"1806205000"@;@62@;@@;@69 946@;@76 158@;@69 946@;@@;@70 008@;@6 212@;@62@;@0,3@;@18,6@;@30,12
"7201101100"@;@@;@@;@14 479 980@;@14 666 979@;@1 185 398@;@13 309 700@;@1 185 398@;@186 999@;@@;@0,3@;@@;@
"0207276000"@;@13 739@;@@;@@;@@;@@;@@;@13 739@;@@;@@;@0@;@@;@0,5
"1005900000"@;@10 456 588@;@3@;@@;@@;@@;@@;@10 456 588@;@@;@@;@0,3@;@@;@0,56
"0712390000"@;@14 717@;@@;@@;@@;@@;@@;@14 717@;@@;@@;@0@;@@;@0,5
"9401710009"@;@6 876 242@;@884 621@;@1 097 263@;@1 391 138@;@851 676@;@296 844@;@6 792 040@;@293 875@;@293 875@;@1@;@293 875@;@0,72
"8703239083"@;@10 950@;@@;@@;@@;@@;@@;@10 950@;@@;@@;@0@;@@;@0,5
"2841700000"@;@256 978@;@@;@@;@@;@@;@@;@256 978@;@@;@@;@0,4@;@@;@0,58
"2309105900"@;@1 600@;@@;@@;@@;@@;@@;@1 600@;@@;@@;@0@;@@;@0,5
"9305200001"@;@30 324@;@@;@@;@@;@@;@@;@30 324@;@@;@@;@0@;@@;@0,5
"0402101900"@;@14 397 137@;@10 382@;@@;@@;@@;@@;@14 397 137@;@@;@@;@0,7@;@@;@0,64
"4008110000"@;@1 401 493@;@1 104 796@;@3 021 223@;@3 025 011@;@2 902 300@;@122 162@;@4 300 554@;@3 788@;@3 788@;@0,6@;@2 272,8@;@0,28
"5801370000"@;@10 455 456@;@172 816@;@@;@@;@@;@@;@10 455 456@;@@;@@;@0,7@;@@;@0,64
"9506919000"@;@7 120 451@;@77 141@;@2 278 358@;@2 426 405@;@1 844 319@;@489 309@;@8 832 359@;@148 047@;@148 047@;@1@;@148 047@;@0,61
"0713390009"@;@6 976@;@214 793 344@;@@;@@;@@;@@;@6 976@;@@;@@;@0,3@;@@;@0,56
"3306200000"@;@94 411@;@@;@@;@@;@@;@@;@94 411@;@@;@@;@0@;@@;@0,5
"9021909001"@;@4 244 032@;@9 894@;@880 573@;@880 573@;@880 573@;@@;@5 114 711@;@0@;@0@;@1@;@0@;@0,61
"8543400000"@;@2 226 113@;@@;@2 229 700@;@2 229 700@;@2 229 700@;@@;@4 455 813@;@0@;@0@;@0,3@;@0@;@0,31
"8545110089"@;@6 978 703@;@@;@@;@@;@@;@@;@6 978 703@;@@;@@;@0,4@;@@;@0,58
"2931590002"@;@64 900@;@@;@@;@@;@@;@@;@64 900@;@@;@@;@0@;@@;@0,5
"8415900002"@;@9 782@;@@;@@;@@;@@;@@;@9 782@;@@;@@;@0@;@@;@0,5
"6601910000"@;@95 215@;@998@;@@;@@;@@;@@;@95 215@;@@;@@;@0,3@;@@;@0,56
"7007198009"@;@949 524@;@80 529@;@863 762@;@888 995@;@863 762@;@@;@1 732 757@;@25 233@;@25 233@;@0,6@;@15 139,8@;@0,4
"2915320000"@;@2 419 098@;@@;@@;@@;@@;@@;@2 419 098@;@@;@@;@0@;@@;@0,5
"8714109000"@;@507 947@;@578@;@@;@@;@@;@@;@507 947@;@@;@@;@0,3@;@@;@0,56
"2835240000"@;@2 529 834@;@6 800@;@@;@@;@@;@@;@2 529 834@;@@;@@;@0,7@;@@;@0,64
"2403110000"@;@2 581 449@;@9 200@;@@;@@;@@;@@;@2 581 449@;@@;@@;@0,3@;@@;@0,56
"8708709907"@;@@;@@;@@;@@;@@;@@;@0@;@@;@@;@0,4@;@@;@
"8504403009"@;@@;@@;@2 074@;@2 074@;@691@;@1 383@;@691@;@0@;@@;@0,3@;@@;@
"3006500000"@;@2 950@;@1 172@;@278 477@;@389 751@;@250 706@;@11 395@;@270 032@;@111 274@;@2 950@;@1@;@2 950@;@11,52
"0511998592"@;@@;@14 420@;@@;@@;@@;@@;@0@;@@;@@;@0,3@;@@;@
"2309103100"@;@2 688 964@;@@;@@;@@;@@;@@;@2 688 964@;@@;@@;@0@;@@;@0,5
"9001109009"@;@87 948@;@@;@@;@@;@@;@@;@87 948@;@@;@@;@0@;@@;@0,5
"2827391000"@;@2 425@;@@;@@;@@;@@;@@;@2 425@;@@;@@;@0,4@;@@;@0,58
"1001990000"@;@589 633 344@;@3 367 672@;@@;@@;@@;@@;@589 633 344@;@@;@@;@0,3@;@@;@0,56
"7209169000"@;@74 093 597@;@267 807@;@@;@@;@@;@@;@74 093 597@;@@;@@;@0,3@;@@;@0,56
"0511998529"@;@@;@18 130@;@@;@@;@@;@@;@0@;@@;@@;@0,3@;@@;@
"8906100000"@;@@;@@;@269 701@;@269 701@;@269 701@;@@;@269 701@;@0@;@@;@0,3@;@@;@
"5402530000"@;@45 839@;@@;@@;@@;@@;@@;@45 839@;@@;@@;@0,4@;@@;@0,58
"3301131000"@;@15 773@;@@;@@;@@;@@;@@;@15 773@;@@;@@;@0@;@@;@0,5
"0903000000"@;@98@;@@;@@;@@;@@;@@;@98@;@@;@@;@0@;@@;@0,5
"9022190000"@;@6 050 418@;@474 984@;@@;@@;@@;@@;@6 050 418@;@@;@@;@0,3@;@@;@0,56
"6911100000"@;@12 153 214@;@89 352@;@9 314 570@;@12 046 643@;@6 565 072@;@3 644 896@;@17 733 536@;@2 732 073@;@2 732 073@;@1@;@2 732 073@;@0,61
"8424821000"@;@15 136 394@;@409 135@;@@;@@;@@;@@;@15 136 394@;@@;@@;@0,3@;@@;@0,56
"2833296000"@;@87 837@;@@;@@;@@;@@;@@;@87 837@;@@;@@;@0@;@@;@0,5
"9031491000"@;@87 930@;@101 551@;@@;@@;@@;@@;@87 930@;@@;@@;@0,3@;@@;@0,56
"3907299009"@;@16 438 616@;@27 082@;@@;@@;@@;@@;@16 438 616@;@@;@@;@0,3@;@@;@0,56
"8504330009"@;@@;@@;@@;@@;@@;@@;@0@;@@;@@;@0,4@;@@;@
"6403510509"@;@@;@@;@193 538@;@193 538@;@104 735@;@88 803@;@104 735@;@0@;@@;@0,3@;@@;@
"5402200009"@;@186 178@;@124 630@;@222 562@;@2 265 438@;@229 832@;@136 572@;@272 168@;@2 042 876@;@186 178@;@0,6@;@111 706,8@;@3,75
"7017200000"@;@96 748@;@@;@@;@@;@@;@@;@96 748@;@@;@@;@0@;@@;@0,5
"9006400000"@;@180 567@;@@;@@;@@;@@;@@;@180 567@;@@;@@;@0@;@@;@0,5
"5704200000"@;@@;@@;@100 492@;@100 492@;@88 113@;@12 379@;@88 113@;@0@;@@;@0,3@;@@;@
"6815109001"@;@@;@@;@33 260@;@33 260@;@33 260@;@@;@33 260@;@0@;@@;@0,3@;@@;@
"5206220008"@;@103 750@;@@;@@;@@;@@;@@;@103 750@;@@;@@;@0@;@@;@0,5
"5515131100"@;@@;@@;@1 693@;@1 693@;@1 693@;@@;@1 693@;@0@;@@;@0,3@;@@;@
"8704219100"@;@@;@@;@890 692@;@1 228 541@;@193 081@;@697 611@;@193 081@;@337 849@;@@;@0,3@;@@;@
"9005800000"@;@145 052@;@@;@95 750@;@95 750@;@63 833@;@31 917@;@208 885@;@0@;@0@;@0,3@;@0@;@0,41
"8424823000"@;@27 454@;@390@;@@;@@;@@;@@;@27 454@;@@;@@;@0,3@;@@;@0,56
"3918900000"@;@1 153 521@;@778 385@;@3 532 564@;@3 532 564@;@3 505 557@;@188 627@;@4 497 458@;@0@;@0@;@1@;@0@;@0,33
"6403590509"@;@@;@@;@56 025@;@74 700@;@56 025@;@@;@56 025@;@18 675@;@@;@0,3@;@@;@
"4010390000"@;@4 041 835@;@114 670@;@178 731@;@220 857@;@178 717@;@1 749@;@4 104 147@;@42 126@;@42 126@;@1@;@42 126@;@0,7
"8541490000"@;@221 586@;@61 563@;@16 579@;@18 651@;@16 579@;@@;@176 602@;@2 072@;@2 072@;@0,6@;@1 243,2@;@0,75
"8504102000"@;@20 489@;@@;@94 137@;@94 137@;@94 137@;@@;@114 626@;@0@;@0@;@0,3@;@0@;@0,15
"2106909300"@;@14 589 541@;@@;@@;@@;@@;@@;@14 589 541@;@@;@@;@0@;@@;@0,5
"8481109900"@;@@;@@;@1 969@;@1 969@;@1 575@;@394@;@1 575@;@0@;@@;@0,3@;@@;@
"8461900000"@;@296 728@;@2 230@;@@;@@;@@;@@;@296 728@;@@;@@;@0,3@;@@;@0,56
"6204629000"@;@303 665@;@1 676 434@;@@;@@;@@;@@;@303 665@;@@;@@;@0,3@;@@;@0,56
"0713109009"@;@7 933 150@;@5 861 936@;@@;@@;@@;@@;@7 933 150@;@@;@@;@0,3@;@@;@0,56
"2102201900"@;@1 725 742@;@@;@@;@@;@@;@@;@1 725 742@;@@;@@;@0@;@@;@0,5
"8462620095"@;@105@;@@;@@;@@;@@;@@;@105@;@@;@@;@0@;@@;@0,5
"8464900000"@;@3 928 899@;@33 033@;@4 266@;@4 266@;@4 266@;@@;@3 900 132@;@0@;@0@;@0,6@;@0@;@0,62
"9601100000"@;@@;@@;@76 349@;@76 349@;@75 744@;@605@;@75 744@;@0@;@@;@0,3@;@@;@
"8535210000"@;@3 953 853@;@155 081@;@1 393 413@;@3 363 136@;@1 476 045@;@58 377@;@5 133 808@;@1 969 723@;@1 969 723@;@1@;@1 969 723@;@0,73
"8539511014"@;@4 393@;@143@;@@;@@;@@;@@;@4 393@;@@;@@;@0,3@;@@;@0,56
"6204633900"@;@4 757@;@124 971@;@@;@@;@@;@@;@4 757@;@@;@@;@0,3@;@@;@0,56
"8546100000"@;@5 492 438@;@39 112@;@43 420@;@43 420@;@43 420@;@@;@5 496 746@;@0@;@0@;@0,6@;@0@;@0,62
"6305329000"@;@1 964@;@@;@202 723@;@237 006@;@216 943@;@19 750@;@184 937@;@34 283@;@1 964@;@0,7@;@1 374,8@;@5,38
"9613100000"@;@783 168@;@400@;@@;@@;@@;@@;@783 168@;@@;@@;@0,3@;@@;@0,56
"2529210009"@;@658 315@;@232@;@@;@@;@@;@@;@658 315@;@@;@@;@0,3@;@@;@0,56
"6811400002"@;@124 543@;@@;@465 274@;@465 274@;@465 274@;@@;@589 817@;@0@;@0@;@0,7@;@0@;@0,25
"9015900000"@;@1 440 242@;@344 995@;@@;@@;@@;@@;@1 440 242@;@@;@@;@0,7@;@@;@0,64
"2008191200"@;@182 386@;@@;@@;@@;@@;@@;@182 386@;@@;@@;@0@;@@;@0,5
"8418108001"@;@16 705 032@;@19 043 726@;@59 049 501@;@62 366 387@;@63 393 730@;@5 705 846@;@70 048 687@;@3 316 886@;@3 316 886@;@1@;@3 316 886@;@0,38
"0405101100"@;@17 215 490@;@3 939@;@@;@@;@@;@@;@17 215 490@;@@;@@;@0,7@;@@;@0,64
"2522300000"@;@@;@@;@134 013@;@134 013@;@134 013@;@31 598@;@134 013@;@0@;@@;@0,3@;@@;@
"2830908500"@;@33 713@;@12 560@;@@;@@;@@;@@;@33 713@;@@;@@;@0,3@;@@;@0,56
"4202125009"@;@740 123@;@@;@@;@@;@@;@@;@740 123@;@@;@@;@0@;@@;@0,5
"7220110009"@;@134 369@;@@;@@;@@;@@;@@;@134 369@;@@;@@;@0@;@@;@0,5
"7304399200"@;@16 531 367@;@31 211@;@61 880@;@61 880@;@61 880@;@@;@16 562 036@;@0@;@0@;@0,6@;@0@;@0,62
"3910000008"@;@6 234 294@;@487 744@;@@;@@;@@;@@;@6 234 294@;@@;@@;@0,7@;@@;@0,64
"6403993600"@;@228 289@;@167 658@;@61 154@;@72 659@;@61 154@;@@;@289 443@;@11 505@;@11 505@;@1@;@11 505@;@0,61
"7226912000"@;@31 851@;@@;@@;@@;@@;@@;@31 851@;@@;@@;@0@;@@;@0,5
"3921905500"@;@192 160@;@@;@8 563 943@;@8 619 165@;@8 291 913@;@272 888@;@8 483 215@;@55 222@;@55 222@;@0,7@;@38 655,4@;@0,24
"8544300002"@;@68@;@@;@30 070@;@105 245@;@30 070@;@@;@30 138@;@75 175@;@68@;@0,3@;@20,4@;@100
"403901300"@;@@;@@;@8 099@;@8 099@;@8 099@;@@;@8 099@;@0@;@@;@0,3@;@@;@
"1210209000"@;@810 905@;@@;@@;@@;@@;@@;@810 905@;@@;@@;@0@;@@;@0,5
"6908100000"@;@@;@@;@47 673 223@;@50 958 974@;@39 156 751@;@11 933 744@;@39 156 751@;@3 285 751@;@@;@0,3@;@@;@
"8802400039"@;@@;@1 692 090@;@@;@@;@@;@@;@0@;@@;@@;@0,3@;@@;@
"8425310000"@;@2 302 926@;@16 299@;@116 317@;@116 317@;@116 317@;@@;@2 402 944@;@0@;@0@;@0,6@;@0@;@0,6
"0810201000"@;@718 741@;@1 772@;@@;@@;@@;@@;@718 741@;@@;@@;@0,3@;@@;@0,56
"3301901000"@;@13 436@;@@;@@;@@;@@;@@;@13 436@;@@;@@;@0@;@@;@0,5
"1604144600"@;@7 721@;@@;@@;@@;@@;@@;@7 721@;@@;@@;@0@;@@;@0,5
"8414409000"@;@3 461 827@;@1 063@;@228 938@;@228 938@;@228 938@;@@;@3 689 702@;@0@;@0@;@0,6@;@0@;@0,59
"8413704500"@;@4 493 126@;@46 993@;@880 222@;@890 368@;@740 799@;@1 614 544@;@3 711 811@;@10 146@;@10 146@;@0,6@;@6 087,6@;@0,73
"2903910000"@;@218@;@@;@@;@@;@@;@@;@218@;@@;@@;@0@;@@;@0,5
"9405290039"@;@70 452@;@13 422@;@119 676@;@119 676@;@119 676@;@@;@190 128@;@0@;@0@;@0,6@;@0@;@0,31
"7208100000"@;@886 848@;@@;@256 393@;@274 738@;@259 100@;@180 665@;@962 576@;@18 345@;@18 345@;@0,3@;@5 503,5@;@0,53
"8504900600"@;@93 053@;@@;@7 900@;@7 900@;@7 900@;@@;@100 953@;@0@;@0@;@0,3@;@0@;@0,52
"3006600002"@;@657 668@;@@;@@;@@;@@;@@;@657 668@;@@;@@;@0@;@@;@0,5
"6206901000"@;@383 777@;@68 746@;@@;@@;@@;@@;@383 777@;@@;@@;@0,3@;@@;@0,56
"3818009000"@;@32 340@;@@;@@;@@;@@;@@;@32 340@;@@;@@;@0@;@@;@0,5
"5205120002"@;@4 819 074@;@241 369 571@;@1 590 313@;@1 820 920@;@1 526 483@;@63 830@;@6 345 557@;@230 607@;@230 607@;@0,6@;@138 364,2@;@0,51
"6201131000"@;@@;@@;@23 267@;@23 267@;@23 267@;@@;@23 267@;@0@;@@;@0,3@;@@;@
"7612908002"@;@32 017@;@@;@@;@@;@@;@@;@32 017@;@@;@@;@0@;@@;@0,5
"7607111909"@;@1 655 347@;@20 522@;@@;@@;@@;@@;@1 655 347@;@@;@@;@0,3@;@@;@0,56
"5205320002"@;@459 084@;@23 659 740@;@@;@@;@@;@@;@459 084@;@@;@@;@0,7@;@@;@0,64
"1008500000"@;@32 259@;@@;@@;@@;@@;@@;@32 259@;@@;@@;@0@;@@;@0,5
"9401990009"@;@1 697 945@;@298 415@;@279 067@;@288 036@;@279 067@;@@;@1 678 597@;@8 969@;@8 969@;@1@;@8 969@;@0,71
"9403601001"@;@@;@@;@2 529 511@;@2 662 973@;@2 180 978@;@710 361@;@2 180 978@;@133 462@;@@;@0,3@;@@;@
"0402109900"@;@@;@463@;@@;@@;@@;@@;@0@;@@;@@;@0,3@;@@;@
"6302591000"@;@12 384@;@@;@602 449@;@662 032@;@529 626@;@72 824@;@542 009@;@59 583@;@12 384@;@0,3@;@3 715,2@;@1,51
"8547200001"@;@73 252@;@@;@259 521@;@291 890@;@259 521@;@@;@332 773@;@32 369@;@32 369@;@0,3@;@9 710,7@;@0,3
"9608500000"@;@455 107@;@3@;@22 555@;@22 555@;@22 239@;@316@;@477 343@;@0@;@0@;@0,6@;@0@;@0,6
"8452900002"@;@384 052@;@29@;@@;@@;@@;@@;@384 052@;@@;@@;@0,3@;@@;@0,56
"8205591000"@;@1 320 680@;@92 683@;@447 775@;@447 775@;@328 765@;@119 008@;@1 556 764@;@0@;@0@;@0,6@;@0@;@0,54
"2516129000"@;@@;@@;@4 385@;@4 385@;@4 385@;@913@;@4 385@;@0@;@@;@0,3@;@@;@
"4902900000"@;@76 521@;@297@;@@;@@;@@;@@;@76 521@;@@;@@;@0,7@;@@;@0,64
"1007109000"@;@984@;@@;@@;@@;@@;@@;@984@;@@;@@;@0@;@@;@0,5
"5702929000"@;@31 026@;@23 989@;@@;@@;@@;@@;@31 026@;@@;@@;@0,3@;@@;@0,56
"0105150000"@;@@;@20@;@@;@@;@@;@@;@0@;@@;@@;@0,3@;@@;@
"2906190000"@;@6 676@;@@;@@;@@;@@;@@;@6 676@;@@;@@;@0@;@@;@0,5
"7019390009"@;@@;@@;@3 207@;@3 207@;@3 207@;@@;@3 207@;@0@;@@;@0,3@;@@;@
"8708109001"@;@1 653 891@;@@;@@;@@;@@;@@;@1 653 891@;@@;@@;@0@;@@;@0,5
"6304200000"@;@10 067@;@9 338@;@3 532 012@;@3 559 501@;@3 593 973@;@121 443@;@3 420 636@;@27 489@;@10 067@;@0,6@;@6 040,2@;@0,94
"1515906901"@;@2 204@;@8 388@;@@;@@;@@;@@;@2 204@;@@;@@;@0,3@;@@;@0,56
"7208531000"@;@84 339@;@@;@@;@@;@@;@@;@84 339@;@@;@@;@0@;@@;@0,5
"8903310000"@;@347 214@;@@;@@;@@;@@;@@;@347 214@;@@;@@;@0@;@@;@0,5
"8470290000"@;@14 309@;@@;@@;@@;@@;@@;@14 309@;@@;@@;@0@;@@;@0,5
"7007119000"@;@1 136 585@;@7 630@;@5 347@;@5 347@;@5 347@;@@;@1 134 302@;@0@;@0@;@0,6@;@0@;@0,62
"2941900001"@;@2 789@;@@;@@;@@;@@;@@;@2 789@;@@;@@;@0@;@@;@0,5
"8716395002"@;@298 817@;@@;@@;@@;@@;@@;@298 817@;@@;@@;@0@;@@;@0,5
"7323990000"@;@2 487 893@;@1 704 882@;@4 415 154@;@4 552 170@;@3 456 628@;@1 191 361@;@5 711 686@;@137 016@;@137 016@;@1@;@137 016@;@0,43
"2009903901"@;@8 348@;@@;@@;@@;@@;@@;@8 348@;@@;@@;@0@;@@;@0,5
"0712330000"@;@24@;@@;@@;@@;@@;@@;@24@;@@;@@;@0@;@@;@0,5
"3908900000"@;@1 149 992@;@9 154@;@287 336@;@351 283@;@287 336@;@@;@1 428 174@;@63 947@;@63 947@;@1@;@63 947@;@0,62
"3808922000"@;@6 792@;@@;@1 306 669@;@1 306 669@;@903 603@;@403 065@;@910 396@;@0@;@0@;@0,7@;@0@;@0,14
"1512219000"@;@179 045@;@1 452 496@;@20 161 647@;@20 775 028@;@16 650 196@;@7 118 654@;@13 222 038@;@613 381@;@179 045@;@0,6@;@107 427@;@1,15
"0102299900"@;@4 489 202@;@@;@@;@@;@@;@@;@4 489 202@;@@;@@;@0@;@@;@0,5
"8703231910"@;@@;@@;@151 444 357@;@153 367 348@;@210 884 824@;@3 035 012@;@210 884 824@;@1 922 991@;@@;@0,3@;@@;@
"0407199000"@;@@;@71 209@;@@;@@;@@;@@;@0@;@@;@@;@0,3@;@@;@
"5911200000"@;@498 350@;@@;@39 011@;@61 136@;@39 011@;@@;@537 361@;@22 125@;@22 125@;@0,7@;@15 487,5@;@0,62
"8536501109"@;@1 944 198@;@39 408@;@@;@@;@@;@@;@1 944 198@;@@;@@;@0,3@;@@;@0,56
"8544300008"@;@@;@@;@114 257 066@;@114 257 066@;@114 225 569@;@1 600 102@;@114 225 569@;@0@;@@;@0,3@;@@;@
"2811299000"@;@3 619@;@@;@@;@@;@@;@@;@3 619@;@@;@@;@0@;@@;@0,5
"7508100000"@;@2 006@;@@;@28 708@;@28 708@;@28 708@;@@;@30 714@;@0@;@0@;@0,3@;@0@;@0,09
"8205600000"@;@6 695@;@@;@@;@@;@@;@@;@6 695@;@@;@@;@0@;@@;@0,5
"0305410000"@;@361 810@;@1 696@;@@;@@;@@;@@;@361 810@;@@;@@;@0,3@;@@;@0,56
"8525821900"@;@4 602@;@@;@@;@@;@@;@@;@4 602@;@@;@@;@0@;@@;@0,5
"6209300000"@;@73 349@;@1 968 568@;@@;@@;@@;@@;@73 349@;@@;@@;@0,3@;@@;@0,56
"2009120001"@;@183 377@;@@;@@;@@;@@;@@;@183 377@;@@;@@;@0@;@@;@0,5
"8501522001"@;@1 530 857@;@164 140@;@571 457@;@604 753@;@541 136@;@31 901@;@1 906 273@;@33 296@;@33 296@;@1@;@33 296@;@0,61
"2008996702"@;@411@;@@;@@;@@;@@;@@;@411@;@@;@@;@0@;@@;@0,5
"2204299601"@;@@;@1 252 969@;@@;@@;@@;@@;@0@;@@;@@;@0,3@;@@;@
"7306290000"@;@1 028 014@;@99 721@;@@;@@;@@;@@;@1 028 014@;@@;@@;@0,7@;@@;@0,64
"1604143800"@;@9 900@;@@;@@;@@;@@;@@;@9 900@;@@;@@;@0@;@@;@0,5
"8459700001"@;@102 456@;@@;@@;@@;@@;@@;@102 456@;@@;@@;@0@;@@;@0,5
"8414102509"@;@@;@@;@@;@@;@@;@@;@0@;@@;@@;@0,4@;@@;@
"8441400000"@;@939 397@;@22 422@;@@;@@;@@;@@;@939 397@;@@;@@;@0,3@;@@;@0,56
"5607503000"@;@3 418@;@@;@116 324@;@154 603@;@131 635@;@38 279@;@81 463@;@38 279@;@3 418@;@0,3@;@1 025,4@;@3,44
"8714104000"@;@21 592@;@@;@@;@@;@@;@@;@21 592@;@@;@@;@0@;@@;@0,5
"0401209109"@;@1 434 956@;@197 791@;@@;@@;@@;@@;@1 434 956@;@@;@@;@0,7@;@@;@0,64
"0910201000"@;@91@;@@;@@;@@;@@;@@;@91@;@@;@@;@0@;@@;@0,5
"6104330000"@;@74 492@;@11 508@;@@;@@;@@;@@;@74 492@;@@;@@;@0,3@;@@;@0,56
"4409299800"@;@413 119@;@59 491@;@@;@@;@@;@@;@413 119@;@@;@@;@0,3@;@@;@0,56
"7210690000"@;@911 030@;@@;@@;@@;@@;@@;@911 030@;@@;@@;@0@;@@;@0,5
"9403820000"@;@4 865@;@@;@730 210@;@854 258@;@722 357@;@13 462@;@721 613@;@124 048@;@4 865@;@0,7@;@3 405,5@;@7,79
"8408205508"@;@1 930 804@;@110 832@;@@;@@;@@;@@;@1 930 804@;@@;@@;@0,3@;@@;@0,56
"9404291000"@;@835 701@;@12 860@;@318 253@;@405 261@;@318 126@;@17 623@;@1 123 471@;@87 008@;@87 008@;@1@;@87 008@;@0,6
"4818109000"@;@279 407@;@10 126@;@4 430 383@;@4 725 346@;@6 140 014@;@810 462@;@3 899 328@;@294 963@;@279 407@;@1@;@279 407@;@0,55
"3403191000"@;@327 588@;@32 807@;@10 557 694@;@10 562 986@;@9 949 255@;@84 259@;@10 801 023@;@5 292@;@5 292@;@1@;@5 292@;@0,22
"6911900000"@;@23 529@;@@;@1 090 303@;@1 090 303@;@1 069 854@;@20 449@;@1 093 383@;@0@;@0@;@0,3@;@0@;@0,07
"7216100000"@;@11 016 132@;@51 592@;@6 886 466@;@7 016 892@;@656 507@;@6 268 398@;@11 582 608@;@130 426@;@130 426@;@1@;@130 426@;@0,68
"1501900000"@;@20 248@;@@;@@;@@;@@;@@;@20 248@;@@;@@;@0@;@@;@0,5
"2009899600"@;@83 666@;@8 738 917@;@31 385@;@31 385@;@13 299@;@18 086@;@96 965@;@0@;@0@;@0,6@;@0@;@0,55
"2839190000"@;@527 456@;@105 455@;@114 826@;@126 531@;@114 826@;@@;@536 827@;@11 705@;@11 705@;@1@;@11 705@;@0,7
"7326200005"@;@@;@@;@@;@@;@@;@@;@0@;@@;@@;@0,4@;@@;@
"8517110000"@;@391 770@;@8 997@;@@;@@;@@;@@;@391 770@;@@;@@;@0,3@;@@;@0,56
"1602501000"@;@25 516@;@263 413@;@1 640 002@;@2 043 624@;@845 478@;@1 044 128@;@621 390@;@403 622@;@25 516@;@0,6@;@15 309,6@;@4,89
"9603500009"@;@2 029 470@;@11 107@;@107 531@;@108 297@;@103 660@;@6 673@;@2 119 221@;@766@;@766@;@1@;@766@;@0,68
"1006306300"@;@@;@25 040@;@@;@@;@@;@@;@0@;@@;@@;@0,3@;@@;@
"8703331100"@;@4 255 549@;@@;@@;@@;@@;@@;@4 255 549@;@@;@@;@0@;@@;@0,5
"1518003100"@;@@;@@;@17 854@;@17 854@;@17 854@;@@;@17 854@;@0@;@@;@0,3@;@@;@
"8460129000"@;@502 173@;@@;@@;@@;@@;@@;@502 173@;@@;@@;@0@;@@;@0,5
"8501720009"@;@@;@@;@@;@@;@@;@@;@0@;@@;@@;@0,4@;@@;@
"5005001000"@;@@;@@;@490 240@;@490 240@;@490 240@;@@;@490 240@;@0@;@@;@0,3@;@@;@
"210111100"@;@@;@@;@5 541@;@6 926@;@5 541@;@@;@5 541@;@1 385@;@@;@0,3@;@@;@
"3923301090"@;@1 649 105@;@280 214@;@29 713 114@;@107 329 505@;@25 514 400@;@5 635 777@;@25 726 442@;@77 616 391@;@1 649 105@;@1@;@1 649 105@;@14,35
"8433400001"@;@3 200 964@;@72 434@;@653 807@;@653 807@;@1 117 800@;@84 362@;@3 697 975@;@0@;@0@;@0,6@;@0@;@0,55
"6211339000"@;@113 243@;@782 215@;@22 987@;@22 987@;@22 987@;@18 135@;@118 095@;@0@;@0@;@1@;@0@;@0,68
"7019690001"@;@4 160@;@@;@@;@@;@@;@@;@4 160@;@@;@@;@0@;@@;@0,5
"3606909000"@;@16 724@;@@;@@;@@;@@;@@;@16 724@;@@;@@;@0@;@@;@0,5
"7103990001"@;@929@;@@;@@;@@;@@;@@;@929@;@@;@@;@0@;@@;@0,5
"8438400000"@;@3 812 603@;@321 946@;@@;@@;@@;@@;@3 812 603@;@@;@@;@0,3@;@@;@0,56
"3906906000"@;@5 894@;@@;@166 200@;@172 401@;@118 470@;@47 731@;@124 363@;@6 201@;@5 894@;@0,3@;@1 768,2@;@0,4
"4412990009"@;@466@;@@;@@;@@;@@;@@;@466@;@@;@@;@0@;@@;@0,5
"902300001"@;@@;@@;@10 053 309@;@10 113 985@;@8 392 757@;@1 849 076@;@8 392 757@;@60 676@;@@;@0,3@;@@;@
"5512999000"@;@30 134@;@@;@@;@@;@@;@@;@30 134@;@@;@@;@0@;@@;@0,5
"2009411000"@;@@;@@;@12 484@;@16 645@;@5 819@;@8 034@;@5 819@;@4 161@;@@;@0,3@;@@;@
"8716391000"@;@@;@@;@21 852@;@21 852@;@21 852@;@1 093@;@21 852@;@0@;@@;@0,3@;@@;@
"7209171000"@;@4 266 090@;@2 745@;@@;@@;@@;@@;@4 266 090@;@@;@@;@0,3@;@@;@0,56
"7228209100"@;@7 849 614@;@47 083@;@@;@@;@@;@@;@7 849 614@;@@;@@;@0,3@;@@;@0,56
"0705290000"@;@@;@38 747@;@@;@@;@@;@@;@0@;@@;@@;@0,3@;@@;@
"2916340000"@;@63 803@;@@;@@;@@;@@;@@;@63 803@;@@;@@;@0@;@@;@0,5
"8413910001"@;@383 811@;@256@;@2 057 888@;@2 066 355@;@1 858 183@;@75 051@;@2 366 648@;@8 467@;@8 467@;@0,6@;@5 080,2@;@0,21
"8703211090"@;@@;@@;@696 785 306@;@696 785 306@;@714 803 298@;@16 346 836@;@714 803 298@;@0@;@@;@0,3@;@@;@
"7013331100"@;@4 768@;@@;@@;@@;@@;@@;@4 768@;@@;@@;@0@;@@;@0,5
"8524110019"@;@2 686@;@@;@@;@@;@@;@@;@2 686@;@@;@@;@0@;@@;@0,5
"0406103000"@;@1 352 511@;@@;@@;@@;@@;@@;@1 352 511@;@@;@@;@0@;@@;@0,5
"3925902000"@;@673 120@;@11 103@;@2 464 633@;@2 473 292@;@2 412 938@;@60 259@;@3 077 494@;@8 659@;@8 659@;@0,6@;@5 195,4@;@0,23
"8108200005"@;@415@;@@;@@;@@;@@;@@;@415@;@@;@@;@0@;@@;@0,5
"304610000"@;@@;@@;@82 611@;@82 611@;@82 611@;@@;@82 611@;@0@;@@;@0,3@;@@;@
"5109900000"@;@2 866@;@@;@@;@@;@@;@@;@2 866@;@@;@@;@0@;@@;@0,5
"8519819500"@;@14 768@;@@;@@;@@;@@;@@;@14 768@;@@;@@;@0@;@@;@0,5
"5205130002"@;@2 767 720@;@221 640 446@;@52 711 860@;@52 964 226@;@29 706 478@;@25 930 036@;@29 549 544@;@252 366@;@252 366@;@0,6@;@151 419,6@;@0,19
"9026202000"@;@5 945 529@;@147 116@;@@;@@;@@;@@;@5 945 529@;@@;@@;@0,7@;@@;@0,64
"8413308009"@;@@;@@;@790@;@8 690@;@790@;@@;@790@;@7 900@;@@;@0,3@;@@;@
"7604101009"@;@3 030@;@@;@2 830@;@2 830@;@2 830@;@@;@5 860@;@0@;@0@;@0,3@;@0@;@0,32
"0306331000"@;@1 834@;@@;@@;@@;@@;@@;@1 834@;@@;@@;@0@;@@;@0,5
"0207149900"@;@14 263 281@;@29 550 895@;@@;@@;@@;@@;@14 263 281@;@@;@@;@0,3@;@@;@0,56
"2936280000"@;@638 810@;@@;@17 959@;@17 959@;@17 959@;@@;@656 769@;@0@;@0@;@0,3@;@0@;@0,55
"9405610003"@;@404 294@;@160 065@;@15 599@;@15 599@;@15 599@;@@;@259 828@;@0@;@0@;@1@;@0@;@0,98
"712909000"@;@@;@@;@8 365 266@;@11 076 531@;@7 172 770@;@2 472 617@;@7 172 770@;@2 711 265@;@@;@0,3@;@@;@
"4813100000"@;@25 489@;@@;@@;@@;@@;@@;@25 489@;@@;@@;@0@;@@;@0,5
"7103990008"@;@11 299@;@@;@@;@@;@@;@@;@11 299@;@@;@@;@0@;@@;@0,5
"7019520000"@;@@;@@;@10 455@;@10 455@;@10 455@;@@;@10 455@;@0@;@@;@0,3@;@@;@
"3926909709"@;@77 881 403@;@2 338 495@;@15 207 698@;@15 555 383@;@15 402 166@;@279 978@;@90 470 628@;@347 685@;@347 685@;@1@;@347 685@;@0,63
"2204216200"@;@25 689@;@@;@2 012 022@;@2 012 022@;@1 674 347@;@183 875@;@1 853 836@;@0@;@0@;@0,3@;@0@;@0,07
"0306310000"@;@218@;@@;@@;@@;@@;@@;@218@;@@;@@;@0@;@@;@0,5
"2832200000"@;@7 091@;@@;@@;@@;@@;@@;@7 091@;@@;@@;@0,4@;@@;@0,58
"6301409000"@;@301 627@;@86 237@;@707 688@;@731 139@;@597 369@;@204 677@;@804 638@;@23 451@;@23 451@;@1@;@23 451@;@0,41
"8477400000"@;@3 897 372@;@23 195@;@@;@@;@@;@@;@3 897 372@;@@;@@;@0,3@;@@;@0,56
"5514305000"@;@9 051@;@@;@@;@@;@@;@@;@9 051@;@@;@@;@0@;@@;@0,5
"8466928000"@;@100 580@;@@;@117 689@;@117 689@;@117 689@;@@;@218 269@;@0@;@0@;@0,3@;@0@;@0,29
"8708402009"@;@11 087 679@;@243 015@;@5 767@;@5 767@;@5 767@;@@;@10 850 431@;@0@;@0@;@0,6@;@0@;@0,63
"6006349000"@;@477 793@;@149 016@;@56 289@;@67 547@;@56 289@;@@;@385 066@;@11 258@;@11 258@;@0,6@;@6 754,8@;@0,75
"404902100"@;@@;@@;@15 933 827@;@16 436 732@;@15 152 281@;@810 992@;@15 152 281@;@502 905@;@@;@0,3@;@@;@
"9306210000"@;@1 029 336@;@@;@@;@@;@@;@@;@1 029 336@;@@;@@;@0@;@@;@0,5
"0306199008"@;@1 144@;@@;@@;@@;@@;@@;@1 144@;@@;@@;@0@;@@;@0,5
"4302198010"@;@313 215@;@4 563@;@127 455@;@153 638@;@101 272@;@26 279@;@409 828@;@26 183@;@26 183@;@0,6@;@15 709,8@;@0,53
"0601203000"@;@249 496@;@@;@@;@@;@@;@@;@249 496@;@@;@@;@0@;@@;@0,5
"8519818501"@;@30 381@;@@;@@;@@;@@;@@;@30 381@;@@;@@;@0@;@@;@0,5
"5608112000"@;@21 758@;@1 674@;@1 032 729@;@1 098 052@;@1 032 729@;@1 523@;@1 052 964@;@65 323@;@21 758@;@0,6@;@13 054,8@;@1,03
"1704109009"@;@340 473@;@1 306 266@;@@;@@;@@;@@;@340 473@;@@;@@;@0,3@;@@;@0,56
"8462620011"@;@2 430 623@;@@;@@;@@;@@;@@;@2 430 623@;@@;@@;@0@;@@;@0,5
"2811110000"@;@49 740@;@@;@@;@@;@@;@@;@49 740@;@@;@@;@0,4@;@@;@0,58
"6006410000"@;@24 276@;@@;@3 937 812@;@3 988 877@;@3 937 812@;@@;@3 962 088@;@51 065@;@24 276@;@0,3@;@7 282,8@;@0,69
"2918199800"@;@165 480@;@4 269@;@@;@@;@@;@@;@165 480@;@@;@@;@0,3@;@@;@0,56
"7219129000"@;@20 180@;@@;@@;@@;@@;@@;@20 180@;@@;@@;@0@;@@;@0,5
"9105990000"@;@121 681@;@400@;@@;@@;@@;@@;@121 681@;@@;@@;@0,3@;@@;@0,56
"7305900000"@;@918 504@;@@;@@;@@;@@;@@;@918 504@;@@;@@;@0@;@@;@0,5
"4016930008"@;@@;@@;@2 772 469@;@2 819 790@;@2 572 764@;@131 784@;@2 572 764@;@47 321@;@@;@0,3@;@@;@
"9025804000"@;@977 591@;@21 632@;@@;@@;@@;@@;@977 591@;@@;@@;@0,3@;@@;@0,56
"8542324500"@;@88 140@;@484@;@@;@@;@@;@@;@88 140@;@@;@@;@0,3@;@@;@0,56
"7218992000"@;@5 154@;@@;@@;@@;@@;@@;@5 154@;@@;@@;@0@;@@;@0,5
"8428102001"@;@1 164 874@;@533 112@;@27 223 621@;@27 633 154@;@26 731 669@;@933 481@;@27 455 014@;@409 533@;@409 533@;@0,6@;@245 719,8@;@0,25
"0812903000"@;@2 820@;@@;@@;@@;@@;@@;@2 820@;@@;@@;@0@;@@;@0,5
"5209220000"@;@1 816@;@47 971@;@@;@@;@@;@@;@1 816@;@@;@@;@0,3@;@@;@0,56
"2009719900"@;@@;@@;@17 770 124@;@17 773 450@;@18 530 578@;@1 452 468@;@18 530 578@;@3 326@;@@;@0,3@;@@;@
"8418102001"@;@19 933 499@;@14 038 006@;@17 288 815@;@17 322 246@;@17 288 815@;@1 494 716@;@35 727 598@;@33 431@;@33 431@;@1@;@33 431@;@0,48
"8474200003"@;@4 237 521@;@122 181@;@2 564@;@2 564@;@2 564@;@@;@4 117 904@;@0@;@0@;@0,6@;@0@;@0,63
"8441200009"@;@3 419 902@;@@;@@;@@;@@;@@;@3 419 902@;@@;@@;@0@;@@;@0,5
"7326906000"@;@1 015 062@;@7 394@;@1 479 643@;@1 522 740@;@1 469 839@;@12 389@;@2 482 316@;@43 097@;@43 097@;@1@;@43 097@;@0,42
"1701910015"@;@12 871@;@@;@@;@@;@@;@@;@12 871@;@@;@@;@0@;@@;@0,5
"7504000009"@;@16 143@;@@;@@;@@;@@;@@;@16 143@;@@;@@;@0@;@@;@0,5
"2918150000"@;@396 908@;@@;@39 858@;@39 858@;@39 858@;@@;@436 766@;@0@;@0@;@0,3@;@0@;@0,51
"2915110000"@;@1 266 358@;@15 946@;@@;@@;@@;@@;@1 266 358@;@@;@@;@0,7@;@@;@0,64
"5309111000"@;@74@;@@;@115 650@;@115 650@;@115 650@;@@;@115 724@;@0@;@0@;@0,3@;@0@;@0,06
"901120001"@;@@;@@;@1 361 373@;@3 290 023 205@;@1 349 582@;@23 683@;@1 349 582@;@3 288 661 832@;@@;@0,3@;@@;@
"8462630092"@;@22 122@;@@;@@;@@;@@;@@;@22 122@;@@;@@;@0@;@@;@0,5
"6005399000"@;@886 793@;@@;@@;@@;@@;@@;@886 793@;@@;@@;@0@;@@;@0,5
"8467298000"@;@167 741@;@193@;@@;@@;@@;@@;@167 741@;@@;@@;@0,3@;@@;@0,56
"6907401000"@;@891 633@;@7 903@;@@;@@;@@;@@;@891 633@;@@;@@;@0,3@;@@;@0,56
"8208400000"@;@814 254@;@1 538@;@227 444@;@293 810@;@134 619@;@92 832@;@947 328@;@66 366@;@66 366@;@0,6@;@39 819,6@;@0,57
"8504408300"@;@13 884 839@;@34 544@;@319 558@;@319 558@;@319 558@;@@;@14 169 853@;@0@;@0@;@1@;@0@;@0,69
"6106903000"@;@@;@@;@7 902@;@8 692@;@7 902@;@@;@7 902@;@790@;@@;@0,3@;@@;@
"4823200009"@;@382 831@;@574@;@30 337@;@31 577@;@30 337@;@@;@412 594@;@1 240@;@1 240@;@1@;@1 240@;@0,66
"3002101001"@;@@;@@;@464 734@;@464 734@;@406 792@;@12 637@;@406 792@;@0@;@@;@0,3@;@@;@
"8714105000"@;@27 902@;@@;@@;@@;@@;@@;@27 902@;@@;@@;@0@;@@;@0,5
"6105909000"@;@208 846@;@13 038@;@511 007@;@595 055@;@411 099@;@54 622@;@665 231@;@84 048@;@84 048@;@0,6@;@50 428,8@;@0,4
"7318151100"@;@2 528 713@;@12 001@;@3 418@;@6 046@;@3 418@;@@;@2 520 130@;@2 628@;@2 628@;@0,6@;@1 576,8@;@0,62
"7228409000"@;@158 713@;@@;@@;@@;@@;@@;@158 713@;@@;@@;@0@;@@;@0,5
"9008900000"@;@14 888@;@@;@@;@@;@@;@@;@14 888@;@@;@@;@0@;@@;@0,5
"4112000000"@;@@;@@;@205 402@;@213 960@;@153 803@;@534 081@;@153 803@;@8 558@;@@;@0,3@;@@;@
"2937290000"@;@5 690@;@@;@@;@@;@@;@@;@5 690@;@@;@@;@0@;@@;@0,5
"1905100000"@;@109 520@;@7 171@;@6 575 677@;@8 464 508@;@6 562 963@;@39 933@;@6 645 264@;@1 888 831@;@109 520@;@1@;@109 520@;@5,38
"3905190000"@;@178 493@;@@;@85 257@;@85 257@;@90 033@;@3 721@;@260 029@;@0@;@0@;@0,3@;@0@;@0,4
"8412298109"@;@6 012 760@;@41 353@;@1 358 908@;@1 767 808@;@1 159 203@;@75 051@;@7 255 264@;@408 900@;@408 900@;@0,6@;@245 340@;@0,55
"8703229098"@;@@;@12 542@;@@;@@;@@;@@;@0@;@@;@@;@0,3@;@@;@
"5705001000"@;@@;@@;@1 300 155@;@1 346 131@;@888 595@;@293 095@;@888 595@;@45 976@;@@;@0,3@;@@;@
"8541590000"@;@708 750@;@7@;@@;@@;@@;@@;@708 750@;@@;@@;@0,3@;@@;@0,56
"9013200000"@;@293 317@;@@;@@;@@;@@;@@;@293 317@;@@;@@;@0@;@@;@0,5
"4101503000"@;@18 496@;@@;@@;@@;@@;@@;@18 496@;@@;@@;@0@;@@;@0,5
"8413606109"@;@@;@@;@@;@@;@@;@@;@0@;@@;@@;@0,4@;@@;@
"9015101000"@;@431 541@;@254 040@;@42 459@;@148 607@;@42 459@;@@;@219 960@;@106 148@;@106 148@;@0,6@;@63 688,8@;@1,17
"1905329900"@;@8 902 662@;@4 639 605@;@4 812 318@;@10 568 243@;@4 771 471@;@303 307@;@13 411 673@;@5 755 925@;@5 755 925@;@0,6@;@3 453 555@;@0,65
"9608600000"@;@91 271@;@@;@1 264@;@1 264@;@1 138@;@126@;@92 409@;@0@;@0@;@0,3@;@0@;@0,55
"8485900000"@;@10 694@;@@;@@;@@;@@;@@;@10 694@;@@;@@;@0@;@@;@0,5
"9406903909"@;@@;@@;@9 772 097@;@12 637 960@;@9 107 879@;@885 330@;@9 107 879@;@2 865 863@;@@;@0,3@;@@;@
"8703241091"@;@3 081 142@;@108 863@;@@;@@;@@;@@;@3 081 142@;@@;@@;@0,3@;@@;@0,56
"8471800000"@;@3 254 491@;@273 355@;@175 554@;@175 554@;@175 554@;@79@;@3 156 611@;@0@;@0@;@0,6@;@0@;@0,64
"4016999709"@;@@;@@;@1 771 599@;@1 794 214@;@1 573 565@;@75 286@;@1 573 565@;@22 615@;@@;@0,3@;@@;@
"3003200001"@;@@;@@;@58 666@;@58 666@;@58 666@;@@;@58 666@;@0@;@@;@0,3@;@@;@
"6203391900"@;@77 299@;@54 739@;@83 223@;@99 764@;@49 946@;@191 532@;@-31 010@;@16 541@;@16 541@;@0,6@;@9 924,6@;@0
"6405201000"@;@57 729@;@@;@58 533@;@60 034@;@58 533@;@@;@116 262@;@1 501@;@1 501@;@0,3@;@450,3@;@0,32
"2936900002"@;@98 903@;@9 950@;@10 950@;@10 950@;@10 950@;@5 060@;@94 843@;@0@;@0@;@0,6@;@0@;@0,64
"0210209000"@;@169@;@@;@@;@@;@@;@@;@169@;@@;@@;@0@;@@;@0,5
"8802400091"@;@@;@97 003 824@;@@;@@;@@;@@;@0@;@@;@@;@0,3@;@@;@
"7007198000"@;@@;@@;@1 749 827@;@1 841 565@;@1 744 860@;@50 859@;@1 744 860@;@91 738@;@@;@0,3@;@@;@
"5401109000"@;@165 366@;@34 642@;@228 217@;@228 217@;@228 217@;@@;@393 583@;@0@;@0@;@1@;@0@;@0,41
"9402100009"@;@1 073 669@;@@;@186 108@;@229 403@;@168 061@;@19 251@;@1 240 526@;@43 295@;@43 295@;@0,7@;@30 306,5@;@0,58
"4302199590"@;@918@;@@;@@;@@;@@;@@;@918@;@@;@@;@0@;@@;@0,5
"8459510000"@;@354 506@;@@;@@;@@;@@;@@;@354 506@;@@;@@;@0@;@@;@0,5
"0713400000"@;@918 338@;@93 210@;@@;@@;@@;@@;@918 338@;@@;@@;@0,3@;@@;@0,56
"8460292004"@;@43 793@;@@;@@;@@;@@;@@;@43 793@;@@;@@;@0@;@@;@0,5
"8462900099"@;@123 101@;@@;@@;@@;@@;@@;@123 101@;@@;@@;@0@;@@;@0,5
"0302730000"@;@398 940@;@@;@@;@@;@@;@@;@398 940@;@@;@@;@0@;@@;@0,5
"7222309709"@;@49 310@;@@;@13 322@;@13 322@;@13 322@;@@;@62 632@;@0@;@0@;@0,3@;@0@;@0,45
"8528719900"@;@292 487@;@@;@@;@@;@@;@@;@292 487@;@@;@@;@0@;@@;@0,5
"8708291000"@;@78 469 818@;@4 513 141@;@@;@@;@@;@@;@78 469 818@;@@;@@;@0,7@;@@;@0,64
"4104411900"@;@42 273@;@@;@@;@@;@@;@@;@42 273@;@@;@@;@0@;@@;@0,5
"6305331001"@;@131 506@;@2 231 767@;@9 884 305@;@9 906 630@;@6 865 198@;@703 537@;@9 312 274@;@22 325@;@22 325@;@1@;@22 325@;@0,26
"2612109000"@;@@;@305@;@@;@@;@@;@@;@0@;@@;@@;@0,3@;@@;@
"5511200000"@;@55 978@;@@;@@;@@;@@;@@;@55 978@;@@;@@;@0@;@@;@0,5
"7207111600"@;@143 906 206@;@@;@7 126 659@;@16 357 189@;@7 126 659@;@@;@151 032 865@;@9 230 530@;@9 230 530@;@0,3@;@2 769 159@;@0,56
"4419001000"@;@@;@@;@58 162@;@60 327@;@58 162@;@@;@58 162@;@2 165@;@@;@0,3@;@@;@
"2939190000"@;@411 566@;@@;@@;@@;@@;@@;@411 566@;@@;@@;@0@;@@;@0,5
"2005991000"@;@10 974@;@3 321@;@1 375 437@;@1 472 904@;@1 387 098@;@199 838@;@1 186 573@;@97 467@;@10 974@;@0,6@;@6 584,4@;@2,79
"1902209900"@;@35 109@;@6 156@;@@;@@;@@;@@;@35 109@;@@;@@;@0,7@;@@;@0,64
"2909498000"@;@842 096@;@19 729@;@@;@@;@@;@@;@842 096@;@@;@@;@0,3@;@@;@0,56
"0713339000"@;@649 896@;@32 583 121@;@@;@@;@@;@@;@649 896@;@@;@@;@0,3@;@@;@0,56
"8416202000"@;@1 734 082@;@15 905@;@@;@@;@@;@@;@1 734 082@;@@;@@;@0,3@;@@;@0,56
"210991000"@;@@;@@;@4 626@;@4 626@;@4 626@;@@;@4 626@;@0@;@@;@0,3@;@@;@
"3209100001"@;@52 685@;@@;@31 437 238@;@33 347 722@;@28 030 858@;@3 573 782@;@27 916 141@;@1 910 484@;@52 685@;@0,7@;@36 879,5@;@11,02
"9404100000"@;@19 247@;@@;@977 311@;@1 021 020@;@970 548@;@30 221@;@966 337@;@43 709@;@19 247@;@0,7@;@13 472,9@;@0,83
"1511909902"@;@405 608@;@59 659@;@@;@@;@@;@@;@405 608@;@@;@@;@0,3@;@@;@0,56
"7306900009"@;@13 461 351@;@19 873@;@5 063 808@;@5 327 039@;@2 615 664@;@4 848 204@;@13 657 082@;@263 231@;@263 231@;@0,6@;@157 938,6@;@0,62
"3403199000"@;@38 140 862@;@329 820@;@7 490 580@;@7 490 580@;@6 524 919@;@1 601 462@;@43 700 160@;@0@;@0@;@1@;@0@;@0,64
"6814900000"@;@38 071@;@35@;@@;@@;@@;@@;@38 071@;@@;@@;@0,3@;@@;@0,56
"8517691000"@;@151 648@;@@;@517@;@517@;@517@;@@;@152 165@;@0@;@0@;@0,3@;@0@;@0,56
"8483902001"@;@10 227@;@@;@13 283@;@13 283@;@13 283@;@@;@23 510@;@0@;@0@;@0,3@;@0@;@0,28
"1006209600"@;@1 713@;@@;@115 796@;@115 796@;@115 796@;@@;@117 509@;@0@;@0@;@0,3@;@0@;@0,07
"2516200000"@;@1 921 860@;@@;@2 667 847@;@2 667 847@;@969 255@;@456 343@;@4 133 364@;@0@;@0@;@0,3@;@0@;@0,29
"7005108000"@;@4 177 446@;@546 349@;@@;@@;@@;@@;@4 177 446@;@@;@@;@0,3@;@@;@0,56
"8540790001"@;@239 007@;@@;@@;@@;@@;@@;@239 007@;@@;@@;@0@;@@;@0,5
"6403593100"@;@2 877@;@@;@@;@@;@@;@@;@2 877@;@@;@@;@0,4@;@@;@0,58
"9025808000"@;@558 692@;@113 222@;@@;@@;@@;@@;@558 692@;@@;@@;@0,3@;@@;@0,56
"0302841000"@;@153 564@;@@;@@;@@;@@;@@;@153 564@;@@;@@;@0@;@@;@0,5
"8527215909"@;@388 263@;@487@;@@;@@;@@;@@;@388 263@;@@;@@;@0,3@;@@;@0,56
"8606300000"@;@14 005 964@;@3 753 219@;@62 617@;@62 617@;@@;@111 924@;@10 203 438@;@0@;@0@;@1@;@0@;@0,89
"6702100000"@;@1 278 101@;@495@;@324 193@;@324 193@;@106 996@;@218 213@;@1 383 586@;@0@;@0@;@0,6@;@0@;@0,58
"6810190009"@;@1 367 563@;@32 150@;@5 123 670@;@5 306 187@;@3 628 944@;@1 822 053@;@4 669 180@;@182 517@;@182 517@;@0,6@;@109 510,2@;@0,31
"8432319000"@;@118 981@;@@;@@;@@;@@;@@;@118 981@;@@;@@;@0@;@@;@0,5
"8517620003"@;@144 363 413@;@871 838@;@@;@@;@@;@@;@144 363 413@;@@;@@;@0,7@;@@;@0,64
"2917330000"@;@876 827@;@@;@@;@@;@@;@@;@876 827@;@@;@@;@0@;@@;@0,5
"6803001000"@;@73 811@;@@;@@;@@;@@;@@;@73 811@;@@;@@;@0@;@@;@0,5
"8215201000"@;@752 372@;@1 760@;@@;@@;@@;@@;@752 372@;@@;@@;@0,3@;@@;@0,56
"2403199000"@;@16 112 319@;@20 269 349@;@28 802 928@;@28 802 928@;@24 381 103@;@3 167 876@;@41 747 371@;@0@;@0@;@0,6@;@0@;@0,31
"1006201300"@;@6 556@;@6 702@;@675 895@;@679 588@;@619 934@;@86 325@;@596 126@;@3 693@;@3 693@;@0,6@;@2 215,8@;@0,29
"1806102000"@;@22 241@;@2 786@;@@;@@;@@;@@;@22 241@;@@;@@;@0,3@;@@;@0,56
"9619003000"@;@450 580@;@@;@332 295@;@332 295@;@332 295@;@5 712@;@777 163@;@0@;@0@;@0,3@;@0@;@0,35
"7903900000"@;@972@;@@;@@;@@;@@;@@;@972@;@@;@@;@0@;@@;@0,5
"8483908901"@;@4 378 559@;@@;@1 704 881@;@1 761 887@;@1 391 164@;@189 063@;@5 894 377@;@57 006@;@57 006@;@0,3@;@17 101,8@;@0,44
"8302100001"@;@@;@@;@239 232@;@239 232@;@239 232@;@8 857@;@239 232@;@0@;@@;@0,3@;@@;@
"0401201109"@;@1 364 717@;@31 465@;@@;@@;@@;@@;@1 364 717@;@@;@@;@0,7@;@@;@0,64
"8470500009"@;@2 698 573@;@@;@@;@@;@@;@@;@2 698 573@;@@;@@;@0@;@@;@0,5
"7304312001"@;@9 074@;@@;@1 031 237@;@1 116 337@;@945 512@;@85 725@;@954 586@;@85 100@;@9 074@;@0,3@;@2 722,2@;@2,88
"3405300000"@;@701 307@;@850@;@19 121@;@19 121@;@13 481@;@5 832@;@713 746@;@0@;@0@;@0,6@;@0@;@0,61
"8543701000"@;@94 919@;@@;@@;@@;@@;@@;@94 919@;@@;@@;@0@;@@;@0,5
"8438101000"@;@5 709 534@;@29 289@;@280 033@;@280 743@;@280 033@;@@;@5 960 278@;@710@;@710@;@0,6@;@426@;@0,6
"7219141000"@;@121@;@@;@@;@@;@@;@@;@121@;@@;@@;@0@;@@;@0,5
"8413603100"@;@1 843 365@;@13 440@;@49 960@;@53 011@;@49 960@;@15 085@;@1 864 800@;@3 051@;@3 051@;@0,6@;@1 830,6@;@0,61
"7308400001"@;@121 119@;@@;@3 163 787@;@3 350 334@;@2 992 350@;@140 200@;@3 144 706@;@186 547@;@121 119@;@0,7@;@84 783,3@;@0,62
"7010904100"@;@1 596 888@;@667 815@;@20 215 701@;@20 222 449@;@31 027 439@;@3 394 060@;@18 418 529@;@6 748@;@6 748@;@0,6@;@4 048,8@;@0,16
"1008100001"@;@2 891@;@3 083@;@@;@@;@@;@@;@2 891@;@@;@@;@0,3@;@@;@0,56
"7318157009"@;@@;@@;@795 154@;@798 417@;@794 601@;@553@;@794 601@;@3 263@;@@;@0,3@;@@;@
"8462610011"@;@19 433@;@@;@@;@@;@@;@@;@19 433@;@@;@@;@0@;@@;@0,5
"8433598509"@;@43 713 803@;@196 536@;@76 227 113@;@76 227 113@;@69 561 623@;@9 868 971@;@110 071 945@;@0@;@0@;@0,6@;@0@;@0,32
"9506590000"@;@58 857@;@1 117@;@@;@@;@@;@@;@58 857@;@@;@@;@0,3@;@@;@0,56
"9508400000"@;@750@;@@;@@;@@;@@;@@;@750@;@@;@@;@0@;@@;@0,5
"1905320500"@;@26 760@;@@;@4 145 884@;@4 493 578@;@4 023 398@;@436 194@;@3 736 450@;@347 694@;@26 760@;@0,3@;@8 028@;@3,96
"0814000000"@;@5 570@;@270@;@@;@@;@@;@@;@5 570@;@@;@@;@0,3@;@@;@0,56
"8525829109"@;@72 638@;@@;@@;@@;@@;@@;@72 638@;@@;@@;@0@;@@;@0,5
"8542311001"@;@5 640@;@@;@@;@@;@@;@@;@5 640@;@@;@@;@0@;@@;@0,5
"1006102500"@;@135 111@;@@;@@;@@;@@;@@;@135 111@;@@;@@;@0@;@@;@0,5
"0306179200"@;@729 957@;@@;@@;@@;@@;@@;@729 957@;@@;@@;@0@;@@;@0,5
"0406907400"@;@382 521@;@@;@@;@@;@@;@@;@382 521@;@@;@@;@0@;@@;@0,5
"8202200000"@;@827 427@;@92@;@18 273@;@18 273@;@18 273@;@@;@845 608@;@0@;@0@;@0,6@;@0@;@0,61
"8462590002"@;@340 909@;@@;@@;@@;@@;@@;@340 909@;@@;@@;@0@;@@;@0,5
"8301600009"@;@1 825 194@;@27 338@;@142 996@;@142 996@;@1 385 300@;@1 571 166@;@369 686@;@0@;@0@;@1@;@0@;@2,67
"1604310000"@;@285 373@;@@;@@;@@;@@;@@;@285 373@;@@;@@;@0@;@@;@0,5
"2528900000"@;@@;@@;@8 923@;@8 923@;@8 923@;@@;@8 923@;@0@;@@;@0,3@;@@;@
"8806220001"@;@146 151@;@@;@@;@@;@@;@@;@146 151@;@@;@@;@0@;@@;@0,5
"2710198800"@;@14 262 376@;@1 400 156@;@17 375 749@;@17 375 749@;@10 457 608@;@117 039@;@31 521 086@;@0@;@0@;@1@;@0@;@0,43
"4802409000"@;@2 106@;@489@;@2 081@;@2 081@;@2 081@;@@;@4 187@;@0@;@0@;@0,6@;@0@;@0,37
"2515129000"@;@@;@@;@355 026@;@355 206@;@352 620@;@36 045@;@352 620@;@180@;@@;@0,3@;@@;@
"4016930004"@;@38 730@;@@;@14 809@;@14 809@;@14 809@;@@;@53 539@;@0@;@0@;@0,3@;@0@;@0,42
"6907221000"@;@215 865@;@@;@@;@@;@@;@@;@215 865@;@@;@@;@0@;@@;@0,5
"8458990009"@;@1 708 278@;@13 400@;@727@;@727@;@727@;@@;@1 695 605@;@0@;@0@;@0,6@;@0@;@0,62
"7222201101"@;@@;@@;@530 433@;@566 859@;@530 433@;@@;@530 433@;@36 426@;@@;@0,3@;@@;@
"4403950000"@;@800 216@;@@;@@;@@;@@;@@;@800 216@;@@;@@;@0@;@@;@0,5
"9608109200"@;@26 175@;@@;@@;@@;@@;@@;@26 175@;@@;@@;@0,4@;@@;@0,58
"6901000000"@;@26 704@;@213@;@8 098 917@;@8 247 360@;@3 839 864@;@4 424 773@;@3 700 848@;@148 443@;@26 704@;@0,6@;@16 022,4@;@1,79
"6204633100"@;@505@;@@;@3 602@;@3 602@;@3 602@;@@;@4 107@;@0@;@0@;@0,3@;@0@;@0,12
"8465950000"@;@692 958@;@1 937@;@53 147@;@53 147@;@53 147@;@@;@744 168@;@0@;@0@;@0,6@;@0@;@0,59
"4401120001"@;@4 214@;@@;@@;@@;@@;@@;@4 214@;@@;@@;@0@;@@;@0,5
"3302109000"@;@13 019 221@;@194 589@;@189 834@;@253 112@;@190 536@;@842@;@13 013 624@;@63 278@;@63 278@;@0,6@;@37 966,8@;@0,62
"406105002"@;@@;@@;@15 800@;@17 380@;@11 850@;@3 950@;@11 850@;@1 580@;@@;@0,3@;@@;@
"2818300000"@;@269 602@;@@;@@;@@;@@;@@;@269 602@;@@;@@;@0@;@@;@0,5
"9102910000"@;@38 224@;@39@;@@;@@;@@;@@;@38 224@;@@;@@;@0,3@;@@;@0,56
"8428400000"@;@1 202 843@;@94 547@;@1 289 140@;@1 333 593@;@1 289 140@;@@;@2 491 983@;@44 453@;@44 453@;@1@;@44 453@;@0,45
"2930905000"@;@156@;@@;@@;@@;@@;@@;@156@;@@;@@;@0@;@@;@0,5
"8448590000"@;@670 829@;@21 523@;@@;@@;@@;@@;@670 829@;@@;@@;@0,3@;@@;@0,56
"6203199000"@;@39 553@;@3 155 660@;@2 117 100@;@2 376 647@;@7 954 456@;@6 019 588@;@4 798 796@;@259 547@;@39 553@;@1@;@39 553@;@2,17
"2202901001"@;@@;@@;@61 053@;@61 053@;@61 053@;@@;@61 053@;@0@;@@;@0,3@;@@;@
"3701990000"@;@22 165@;@@;@@;@@;@@;@@;@22 165@;@@;@@;@0@;@@;@0,5
"3003900000"@;@582 480@;@@;@5 705 657@;@5 705 657@;@4 409 364@;@1 302 928@;@4 985 209@;@0@;@0@;@0,3@;@0@;@0,12
"1103139000"@;@8 558@;@@;@16 653@;@24 174@;@16 653@;@@;@25 211@;@7 521@;@7 521@;@0,3@;@2 256,3@;@0,49
"0401109000"@;@948@;@@;@@;@@;@@;@@;@948@;@@;@@;@0@;@@;@0,5
"9615900000"@;@1 010 503@;@215@;@29 910@;@29 910@;@29 910@;@208@;@1 039 990@;@0@;@0@;@0,6@;@0@;@0,61
"5111110000"@;@37 805@;@@;@@;@@;@@;@@;@37 805@;@@;@@;@0@;@@;@0,5
"6507000000"@;@75 134@;@@;@204 185@;@339 051@;@183 408@;@3 385@;@275 934@;@134 866@;@75 134@;@0,3@;@22 540,2@;@0,73
"2916320001"@;@33 766@;@@;@@;@@;@@;@@;@33 766@;@@;@@;@0@;@@;@0,5
"9021399000"@;@8 448 050@;@23 520@;@@;@@;@@;@@;@8 448 050@;@@;@@;@0,3@;@@;@0,56
"0306321000"@;@37 636@;@@;@@;@@;@@;@@;@37 636@;@@;@@;@0@;@@;@0,5
"8475100000"@;@93 851@;@@;@117 898@;@117 898@;@117 898@;@15 057@;@196 692@;@0@;@0@;@0,3@;@0@;@0,3
"9405420011"@;@257 129@;@286@;@@;@@;@@;@@;@257 129@;@@;@@;@0,3@;@@;@0,56
"5310101000"@;@46 408@;@@;@9 875@;@9 875@;@9 875@;@@;@56 283@;@0@;@0@;@0,3@;@0@;@0,47
"8504330000"@;@2 205 424@;@58 641@;@9 756 064@;@10 832 482@;@9 503 170@;@745 389@;@11 216 099@;@1 076 418@;@1 076 418@;@1@;@1 076 418@;@0,44
"2008996708"@;@16 002@;@14 299@;@@;@@;@@;@@;@16 002@;@@;@@;@0,3@;@@;@0,56
"8521900001"@;@1 000@;@@;@@;@@;@@;@@;@1 000@;@@;@@;@0@;@@;@0,5
"802908500"@;@@;@@;@654 422@;@654 422@;@654 422@;@13 875@;@654 422@;@0@;@@;@0,3@;@@;@
"3808933000"@;@68 846@;@@;@287 105@;@397 126@;@287 049@;@56@;@355 895@;@110 021@;@68 846@;@0,7@;@48 192,2@;@0,72
"8714919000"@;@118 738@;@276@;@@;@@;@@;@@;@118 738@;@@;@@;@0,3@;@@;@0,56
"0406906100"@;@359 277@;@@;@@;@@;@@;@@;@359 277@;@@;@@;@0@;@@;@0,5
"8432410000"@;@424 026@;@@;@244 623@;@244 623@;@241 510@;@12 087@;@656 562@;@0@;@0@;@0,3@;@0@;@0,38
"8410130000"@;@9 121 290@;@@;@@;@@;@@;@@;@9 121 290@;@@;@@;@0@;@@;@0,5
"7901200000"@;@934 064@;@34 522 638@;@@;@@;@@;@@;@934 064@;@@;@@;@0,3@;@@;@0,56
"9503009500"@;@2 496 689@;@3 110 786@;@6 209 064@;@@;@6 209 064@;@@;@8 705 753@;@@;@@;@0,6@;@@;@0,26
"8504403002"@;@@;@@;@53 967@;@53 967@;@53 967@;@@;@53 967@;@0@;@@;@0,3@;@@;@
"8413910008"@;@21 238 240@;@1 322 625@;@4 421 083@;@4 624 842@;@3 917 232@;@978 840@;@23 357 858@;@203 759@;@203 759@;@1@;@203 759@;@0,66
"7018109000"@;@4 271@;@@;@@;@@;@@;@@;@4 271@;@@;@@;@0@;@@;@0,5
"4804111100"@;@972 166@;@@;@1 995 157@;@2 052 866@;@1 209 927@;@956 626@;@2 010 697@;@57 709@;@57 709@;@0,3@;@17 312,7@;@0,32
"0905200000"@;@1 101@;@@;@@;@@;@@;@@;@1 101@;@@;@@;@0@;@@;@0,5
"5403390000"@;@155 080@;@@;@@;@@;@@;@@;@155 080@;@@;@@;@0@;@@;@0,5
"3004490001"@;@498 088@;@98@;@3 433 614@;@3 433 614@;@2 481 914@;@859 470@;@3 072 232@;@0@;@0@;@1@;@0@;@0,28
"2921595000"@;@6@;@@;@@;@@;@@;@@;@6@;@@;@@;@0@;@@;@0,5
"6302210000"@;@1 084 606@;@17 752 934@;@15 173 400@;@15 630 743@;@14 035 506@;@1 904 985@;@14 353 021@;@457 343@;@457 343@;@1@;@457 343@;@0,36
"6403999100"@;@228 863@;@9 435@;@407 479@;@417 067@;@360 556@;@263 598@;@372 744@;@9 588@;@9 588@;@1@;@9 588@;@0,52
"5205210000"@;@@;@@;@78 774 081@;@78 774 081@;@67 137 451@;@21 890 702@;@67 137 451@;@0@;@@;@0,3@;@@;@
"3823199000"@;@1 090 487@;@@;@107 409@;@132 060@;@296 866@;@9 046@;@1 188 850@;@24 651@;@24 651@;@0,3@;@7 395,3@;@0,53
"3902909000"@;@4 875 508@;@96 062@;@52 592@;@52 592@;@52 592@;@@;@4 832 038@;@0@;@0@;@1@;@0@;@0,7
"5512199000"@;@2 521 442@;@61 612@;@13 709@;@13 709@;@13 709@;@@;@2 473 539@;@0@;@0@;@0,6@;@0@;@0,63
"8428600000"@;@2 477 849@;@@;@@;@@;@@;@@;@2 477 849@;@@;@@;@0@;@@;@0,5
"2811290500"@;@@;@338 126@;@@;@@;@@;@@;@0@;@@;@@;@0,3@;@@;@
"8481809909"@;@@;@@;@48 738@;@48 738@;@48 344@;@394@;@48 344@;@0@;@@;@0,3@;@@;@
"5511300000"@;@332@;@1 235@;@@;@@;@@;@@;@332@;@@;@@;@0,3@;@@;@0,56
"2710197100"@;@290 417@;@2 182 418@;@7 295 486@;@7 295 486@;@4 540 615@;@3 345 765@;@4 240 138@;@0@;@0@;@0,6@;@0@;@0,15
"8511800001"@;@10@;@@;@@;@@;@@;@@;@10@;@@;@@;@0@;@@;@0,5
"4010360000"@;@45 144@;@@;@3 713@;@3 713@;@3 713@;@@;@48 857@;@0@;@0@;@0,3@;@0@;@0,52
"5407440000"@;@5 481@;@@;@@;@@;@@;@@;@5 481@;@@;@@;@0@;@@;@0,5
"8462610094"@;@179 792@;@@;@@;@@;@@;@@;@179 792@;@@;@@;@0@;@@;@0,5
"3306100000"@;@22 982 485@;@252 485@;@445 225@;@460 871@;@484 630@;@56 531@;@23 118 694@;@15 646@;@15 646@;@1@;@15 646@;@0,7
"9619007509"@;@7 579@;@270@;@@;@@;@@;@@;@7 579@;@@;@@;@0,3@;@@;@0,56
"7225199000"@;@33 808@;@@;@@;@@;@@;@@;@33 808@;@@;@@;@0@;@@;@0,5
"9025900008"@;@1 785 066@;@111 197@;@@;@@;@@;@@;@1 785 066@;@@;@@;@0,3@;@@;@0,56
"5211190000"@;@@;@@;@4 740@;@4 740@;@4 740@;@@;@4 740@;@0@;@@;@0,3@;@@;@
"8403101000"@;@2 125 537@;@@;@9 769 904@;@10 182 750@;@9 307 273@;@846 693@;@11 048 748@;@412 846@;@412 846@;@0,3@;@123 853,8@;@0,21
"6204618500"@;@11 697@;@499@;@@;@@;@@;@@;@11 697@;@@;@@;@0,3@;@@;@0,56
"7002310000"@;@48 441@;@@;@@;@@;@@;@@;@48 441@;@@;@@;@0@;@@;@0,5
"3208901901"@;@53 625@;@676@;@161 349@;@163 166@;@158 538@;@2 811@;@212 163@;@1 817@;@1 817@;@0,6@;@1 090,2@;@0,26
"7215100000"@;@@;@@;@465 811@;@468 202@;@459 702@;@7 300@;@459 702@;@2 391@;@@;@0,3@;@@;@
"405909000"@;@@;@@;@7 036 842@;@7 326 402@;@6 551 014@;@389 624@;@6 551 014@;@289 560@;@@;@0,3@;@@;@
"7306408001"@;@396 841@;@@;@@;@@;@@;@@;@396 841@;@@;@@;@0@;@@;@0,5
"9404219000"@;@60 823@;@@;@537 645@;@573 480@;@510 522@;@27 963@;@570 505@;@35 835@;@35 835@;@0,7@;@25 084,5@;@0,37
"2009899900"@;@918 432@;@34 450@;@1 355 391@;@1 368 548@;@1 448 402@;@1 164@;@2 272 659@;@13 157@;@13 157@;@0,6@;@7 894,2@;@0,33
"5703310009"@;@73 761@;@4 325@;@@;@@;@@;@@;@73 761@;@@;@@;@0,3@;@@;@0,56
"6814100000"@;@577 468@;@@;@125 849@;@125 849@;@125 849@;@@;@703 317@;@0@;@0@;@0,3@;@0@;@0,47
"1006109400"@;@345 843@;@@;@@;@@;@@;@@;@345 843@;@@;@@;@0@;@@;@0,5
"8517701100"@;@21 577@;@@;@@;@@;@@;@@;@21 577@;@@;@@;@0@;@@;@0,5
"0106398090"@;@254 628@;@74 292@;@@;@@;@@;@@;@254 628@;@@;@@;@0,3@;@@;@0,56
"8702109199"@;@1 103 799@;@85 940@;@@;@@;@@;@@;@1 103 799@;@@;@@;@0,3@;@@;@0,56
"8427101000"@;@10 902 412@;@1 616 719@;@@;@@;@@;@@;@10 902 412@;@@;@@;@0,3@;@@;@0,56
"3401209000"@;@1 053 950@;@202 950@;@1 711 807@;@1 738 425@;@1 541 389@;@262 821@;@2 502 936@;@26 618@;@26 618@;@1@;@26 618@;@0,42
"0703101909"@;@@;@@;@@;@@;@@;@@;@0@;@@;@@;@0,4@;@@;@
"7604299000"@;@6 256 378@;@14 600 461@;@80 143 164@;@134 007 945@;@77 847 345@;@5 243 691@;@81 155 851@;@53 864 781@;@6 256 378@;@1@;@6 256 378@;@2,82
"8466930000"@;@@;@@;@1 327 097@;@1 327 097@;@1 327 097@;@@;@1 327 097@;@0@;@@;@0,3@;@@;@
"0813409500"@;@45 083@;@6 248 293@;@@;@@;@@;@@;@45 083@;@@;@@;@0,7@;@@;@0,64
"401401000"@;@@;@@;@13 515 379@;@13 741 393@;@12 679 464@;@1 126 415@;@12 679 464@;@226 014@;@@;@0,3@;@@;@
"5514420000"@;@89 768@;@43 114@;@@;@@;@@;@@;@89 768@;@@;@@;@0,3@;@@;@0,56
"9032108109"@;@@;@@;@@;@@;@@;@@;@0@;@@;@@;@0,4@;@@;@
"4418901000"@;@@;@@;@567 203@;@572 116@;@567 203@;@@;@567 203@;@4 913@;@@;@0,3@;@@;@
"8414308101"@;@@;@@;@1 975@;@1 975@;@1 975@;@@;@1 975@;@0@;@@;@0,3@;@@;@
"2916399000"@;@57 537@;@9 875@;@@;@@;@@;@@;@57 537@;@@;@@;@0,3@;@@;@0,56
"8485800000"@;@72 453@;@@;@@;@@;@@;@@;@72 453@;@@;@@;@0@;@@;@0,5
"9504500009"@;@44 949@;@@;@@;@@;@@;@@;@44 949@;@@;@@;@0@;@@;@0,5
"8452290000"@;@26 693 307@;@160 878@;@13 761@;@14 079@;@13 046@;@715@;@26 545 475@;@318@;@318@;@0,6@;@190,8@;@0,62
"2208401100"@;@27 070@;@@;@@;@@;@@;@@;@27 070@;@@;@@;@0@;@@;@0,5
"0710300000"@;@4 784@;@12 385@;@@;@@;@@;@@;@4 784@;@@;@@;@0,3@;@@;@0,56
"7216329100"@;@11 141 349@;@17 932@;@@;@@;@@;@@;@11 141 349@;@@;@@;@0,3@;@@;@0,56
"8408906709"@;@@;@@;@@;@@;@@;@@;@0@;@@;@@;@0,4@;@@;@
"4504908000"@;@3 370@;@@;@@;@@;@@;@@;@3 370@;@@;@@;@0@;@@;@0,5
"8519300000"@;@34 333@;@@;@@;@@;@@;@@;@34 333@;@@;@@;@0@;@@;@0,5
"1515908901"@;@718@;@@;@@;@@;@@;@@;@718@;@@;@@;@0@;@@;@0,5
"2936290009"@;@398 636@;@@;@@;@@;@@;@@;@398 636@;@@;@@;@0@;@@;@0,5
"8422400003"@;@971 266@;@1 302 983@;@@;@@;@@;@@;@971 266@;@@;@@;@0,3@;@@;@0,56
"1514191000"@;@@;@@;@71 804@;@71 804@;@@;@71 804@;@0@;@0@;@@;@0,3@;@@;@
"6205901000"@;@394 758@;@251 203@;@58 587@;@67 600@;@58 587@;@@;@202 142@;@9 013@;@9 013@;@0,6@;@5 407,8@;@1,1
"5205220006"@;@21 579@;@20 180 018@;@@;@@;@@;@@;@21 579@;@@;@@;@0,3@;@@;@0,56
"2009501009"@;@1 878@;@26 954@;@@;@@;@@;@@;@1 878@;@@;@@;@0,7@;@@;@0,64
"4804420000"@;@@;@@;@356@;@356@;@356@;@@;@356@;@0@;@@;@0,3@;@@;@
"8517790009"@;@7 055 060@;@2 710 917@;@@;@@;@@;@@;@7 055 060@;@@;@@;@0,3@;@@;@0,56
"811109000"@;@@;@@;@31 092 704@;@34 909 473@;@31 092 704@;@15 072 003@;@31 092 704@;@3 816 769@;@@;@0,3@;@@;@
"5602101900"@;@80 104@;@301 136@;@65 064@;@65 064@;@64 297@;@37 979@;@107 189@;@0@;@0@;@0,6@;@0@;@0,49
"5509910000"@;@40@;@@;@@;@@;@@;@@;@40@;@@;@@;@0@;@@;@0,5
"801220000"@;@@;@@;@114 670@;@771 734@;@114 670@;@@;@114 670@;@657 064@;@@;@0,3@;@@;@
"8516310009"@;@1 807 289@;@8 209@;@@;@@;@@;@@;@1 807 289@;@@;@@;@0,7@;@@;@0,64
"8705901000"@;@@;@@;@611 428@;@611 428@;@607 088@;@4 340@;@607 088@;@0@;@@;@0,3@;@@;@
"0302853000"@;@112 428@;@@;@@;@@;@@;@@;@112 428@;@@;@@;@0@;@@;@0,5
"6305101000"@;@@;@886@;@29 239 880@;@30 513 584@;@24 038 264@;@2 146 998@;@27 092 882@;@1 273 704@;@@;@0,6@;@@;@
"0406909300"@;@201 400@;@@;@@;@@;@@;@@;@201 400@;@@;@@;@0@;@@;@0,5
"8112290000"@;@493@;@@;@@;@@;@@;@@;@493@;@@;@@;@0@;@@;@0,5
"8536109000"@;@225 289@;@862@;@551 669@;@580 820@;@551 669@;@@;@776 958@;@29 151@;@29 151@;@1@;@29 151@;@0,38
"5205130006"@;@6 358@;@1 438 823@;@@;@@;@@;@@;@6 358@;@@;@@;@0,3@;@@;@0,56
"2007995007"@;@156 722@;@@;@@;@@;@@;@@;@156 722@;@@;@@;@0@;@@;@0,5
"4015190000"@;@3 775 070@;@2 670 918@;@5 068 733@;@7 074 488@;@2 860 665@;@3 288 109@;@5 555 694@;@2 005 755@;@2 005 755@;@1@;@2 005 755@;@0,7
"7326199009"@;@1 869 199@;@38 873@;@264 757@;@270 389@;@264 204@;@553@;@2 094 530@;@5 632@;@5 632@;@0,6@;@3 379,2@;@0,57
"7226991000"@;@383 234@;@@;@264 887@;@264 887@;@263 913@;@974@;@647 147@;@0@;@0@;@0,3@;@0@;@0,36
"6102901000"@;@296@;@1 554@;@@;@@;@@;@@;@296@;@@;@@;@0,7@;@@;@0,64
"4810923000"@;@4 004 320@;@163 480@;@205@;@205@;@205@;@@;@3 841 045@;@0@;@0@;@0,6@;@0@;@0,64
"3917390008"@;@7 799 203@;@566 135@;@36@;@36@;@36@;@@;@7 233 104@;@0@;@0@;@1@;@0@;@0,74
"3502907000"@;@468@;@@;@@;@@;@@;@@;@468@;@@;@@;@0@;@@;@0,5
"6805300001"@;@329 813@;@@;@@;@@;@@;@@;@329 813@;@@;@@;@0@;@@;@0,5
"4202129100"@;@2 768 678@;@@;@2 781 001@;@3 962 902@;@2 781 001@;@@;@5 549 679@;@1 181 901@;@1 181 901@;@0,7@;@827 330,7@;@0,52
"9006690001"@;@1 629@;@3 484@;@@;@@;@@;@@;@1 629@;@@;@@;@0,3@;@@;@0,56
"2837190000"@;@11 874@;@@;@@;@@;@@;@@;@11 874@;@@;@@;@0,4@;@@;@0,58
"3819000000"@;@2 438 577@;@76 943@;@402 686@;@403 585@;@402 686@;@@;@2 764 320@;@899@;@899@;@0,6@;@539,4@;@0,56
"7309001000"@;@64 258@;@180@;@484 032@;@502 799@;@446 310@;@59 323@;@488 967@;@18 767@;@18 767@;@1@;@18 767@;@0,35
"7219908009"@;@3 241 059@;@10 206@;@4 453@;@4 453@;@4 453@;@@;@3 235 306@;@0@;@0@;@0,6@;@0@;@0,62
"5703390002"@;@22 327@;@@;@@;@@;@@;@@;@22 327@;@@;@@;@0@;@@;@0,5
"5407100090"@;@357 028@;@2 112@;@349 929@;@349 929@;@349 929@;@@;@704 845@;@0@;@0@;@0,6@;@0@;@0,37
"2106909805"@;@28 301@;@@;@@;@@;@@;@@;@28 301@;@@;@@;@0@;@@;@0,5
"3301129000"@;@616@;@@;@@;@@;@@;@@;@616@;@@;@@;@0@;@@;@0,5
"7318230009"@;@771 989@;@1 987@;@1 363 503@;@1 365 468@;@1 163 798@;@75 051@;@2 060 441@;@1 965@;@1 965@;@0,6@;@1 179@;@0,31
"3917400009"@;@@;@@;@@;@@;@@;@@;@0@;@@;@@;@0,4@;@@;@
"6902900000"@;@4 152 971@;@58 567@;@3 524 255@;@5 191 388@;@2 987 042@;@594 116@;@7 024 543@;@1 667 133@;@1 667 133@;@1@;@1 667 133@;@0,62
"7210410000"@;@56 853@;@@;@@;@@;@@;@@;@56 853@;@@;@@;@0@;@@;@0,5
"9018311009"@;@2 141 618@;@943 786@;@20 264 540@;@25 031 305@;@16 562 344@;@4 420 999@;@17 985 159@;@4 766 765@;@2 141 618@;@1@;@2 141 618@;@0,93
"8454309009"@;@2 096 624@;@@;@6 494@;@39 044@;@6 494@;@@;@2 103 118@;@32 550@;@32 550@;@0,3@;@9 765@;@0,56
"7304900000"@;@1 009 404@;@70 352@;@5 635 413@;@5 649 719@;@4 698 202@;@1 179 388@;@5 465 429@;@14 306@;@14 306@;@0,6@;@8 583,6@;@0,22
"6116910000"@;@9 294@;@52@;@10 957@;@11 888@;@10 957@;@@;@20 251@;@931@;@931@;@1@;@931@;@0,46
"4502000000"@;@2 271@;@@;@474@;@948@;@474@;@95@;@2 650@;@474@;@474@;@0,3@;@142,2@;@0,55
"2204299501"@;@@;@631 787@;@@;@@;@@;@@;@0@;@@;@@;@0,3@;@@;@
"5408230000"@;@9 308@;@535@;@@;@@;@@;@@;@9 308@;@@;@@;@0,3@;@@;@0,56
"0602909100"@;@633 812@;@67 764@;@@;@@;@@;@@;@633 812@;@@;@@;@0,7@;@@;@0,64
"3917391900"@;@@;@@;@844 899@;@844 899@;@844 899@;@@;@844 899@;@0@;@@;@0,3@;@@;@
"2204213600"@;@21 498@;@@;@@;@@;@@;@@;@21 498@;@@;@@;@0@;@@;@0,5
"5910000000"@;@1 271 386@;@1 806@;@1 793 103@;@2 546 320@;@1 140 028@;@65 307@;@2 999 182@;@753 217@;@753 217@;@0,6@;@451 930,2@;@0,51
"8445900001"@;@1 385 587@;@@;@@;@@;@@;@@;@1 385 587@;@@;@@;@0@;@@;@0,5
"2101110011"@;@2 408 533@;@518 581@;@@;@@;@@;@@;@2 408 533@;@@;@@;@0,3@;@@;@0,56
"7403120000"@;@@;@@;@15 740@;@15 740@;@15 740@;@@;@15 740@;@0@;@@;@0,3@;@@;@
"2823000000"@;@392 577@;@@;@@;@@;@@;@@;@392 577@;@@;@@;@0@;@@;@0,5
"0707000506"@;@@;@89 751@;@@;@@;@@;@@;@0@;@@;@@;@0,3@;@@;@
"6913909300"@;@34 875@;@@;@@;@@;@@;@@;@34 875@;@@;@@;@0@;@@;@0,5
"8516299100"@;@1 371 185@;@53 550@;@94 732@;@95 594@;@43 435@;@51 297@;@1 361 070@;@862@;@862@;@0,6@;@517,2@;@0,62
"8542333000"@;@28@;@@;@@;@@;@@;@@;@28@;@@;@@;@0@;@@;@0,5
"4407279900"@;@3 336@;@@;@@;@@;@@;@@;@3 336@;@@;@@;@0@;@@;@0,5
"8410120000"@;@3 866 625@;@@;@@;@@;@@;@@;@3 866 625@;@@;@@;@0@;@@;@0,5
"3105510000"@;@8 659@;@51 000@;@4 770 519@;@48 102 845@;@4 600 639@;@672 287@;@4 106 891@;@43 332 326@;@8 659@;@1@;@8 659@;@100
"6005420000"@;@213 166@;@@;@@;@@;@@;@@;@213 166@;@@;@@;@0@;@@;@0,5
"0204229000"@;@121 076@;@@;@@;@@;@@;@@;@121 076@;@@;@@;@0@;@@;@0,5
"9017900009"@;@13 616@;@@;@@;@@;@@;@@;@13 616@;@@;@@;@0@;@@;@0,5
"2202100001"@;@@;@@;@@;@@;@@;@@;@0@;@@;@@;@0,4@;@@;@
"2402900000"@;@6 250@;@@;@@;@@;@@;@@;@6 250@;@@;@@;@0@;@@;@0,5
"6806100001"@;@213 119@;@@;@37 964 776@;@38 238 858@;@37 964 776@;@@;@38 177 895@;@274 082@;@213 119@;@0,3@;@63 935,7@;@0,45
"8450190000"@;@32 181@;@869 322@;@1 776 939@;@3 485 662@;@1 914 148@;@245 107@;@1 564 013@;@1 708 723@;@32 181@;@0,6@;@19 308,6@;@16,06
"6107120000"@;@187 046@;@58 961@;@331 713@;@340 489@;@331 713@;@39 422@;@479 337@;@8 776@;@8 776@;@1@;@8 776@;@0,41
"3102309000"@;@85 245@;@62 253 989@;@315 805 816@;@371 452 143@;@266 590 584@;@85 915 373@;@229 975 688@;@55 646 327@;@85 245@;@1@;@85 245@;@100
"2916199500"@;@1 315 917@;@6 078@;@@;@@;@@;@@;@1 315 917@;@@;@@;@0,3@;@@;@0,56
"8525600000"@;@142 266@;@11 947@;@@;@@;@@;@@;@142 266@;@@;@@;@0,3@;@@;@0,56
"8536908509"@;@@;@@;@@;@@;@@;@@;@0@;@@;@@;@0,4@;@@;@
"7219349001"@;@1 116 887@;@@;@@;@@;@@;@@;@1 116 887@;@@;@@;@0@;@@;@0,5
"0204439000"@;@109 075@;@@;@@;@@;@@;@@;@109 075@;@@;@@;@0@;@@;@0,5
"6205908009"@;@90 935@;@158 596@;@191 722@;@191 722@;@177 583@;@14 062@;@268 595@;@0@;@0@;@0,6@;@0@;@0,29
"3604100000"@;@312 322@;@@;@@;@@;@@;@@;@312 322@;@@;@@;@0@;@@;@0,5
"6305328100"@;@@;@@;@4 740@;@4 740@;@4 740@;@@;@4 740@;@0@;@@;@0,3@;@@;@
"1108200000"@;@42 463@;@@;@@;@@;@@;@@;@42 463@;@@;@@;@0@;@@;@0,5
"6204120000"@;@277 159@;@193 911@;@26 933@;@26 933@;@24 344@;@2 589@;@107 592@;@0@;@0@;@0,6@;@0@;@1,41
"2007993901"@;@25@;@@;@@;@@;@@;@@;@25@;@@;@@;@0@;@@;@0,5
"7616999002"@;@76 111@;@29 981@;@790@;@790@;@790@;@@;@46 920@;@0@;@0@;@0,6@;@0@;@0,93
"4002510000"@;@1 312 537@;@@;@@;@@;@@;@@;@1 312 537@;@@;@@;@0@;@@;@0,5
"4016100000"@;@1 756 665@;@87 909@;@845 739@;@1 482 089@;@608 388@;@146 493@;@2 368 002@;@636 350@;@636 350@;@0,6@;@381 810@;@0,6
"7604109000"@;@563 917@;@57 939@;@10 176 096@;@12 235 463@;@7 291 663@;@2 737 923@;@8 002 090@;@2 059 367@;@563 917@;@0,6@;@338 350,2@;@1,25
"2007999708"@;@283 053@;@148 137@;@@;@@;@@;@@;@283 053@;@@;@@;@0,7@;@@;@0,64
"8543703001"@;@@;@@;@55 758@;@55 758@;@55 758@;@@;@55 758@;@0@;@@;@0,3@;@@;@
"6217100000"@;@465 316@;@487 632@;@560 283@;@13 261 875@;@560 283@;@4 733@;@1 020 866@;@12 701 592@;@465 316@;@1@;@465 316@;@8,62
"2921420009"@;@539@;@@;@@;@@;@@;@@;@539@;@@;@@;@0@;@@;@0,5
"8413302008"@;@3 172 278@;@454 726@;@10 270@;@10 360@;@10 270@;@1 223@;@2 726 599@;@90@;@90@;@0,6@;@54@;@0,7
"8113002000"@;@@;@@;@46 453@;@46 453@;@46 453@;@@;@46 453@;@0@;@@;@0,3@;@@;@
"8708809901"@;@4 725 414@;@@;@27 650@;@27 650@;@27 650@;@@;@4 753 064@;@0@;@0@;@0,3@;@0@;@0,56
"7312108509"@;@@;@@;@1 683@;@1 683@;@1 683@;@@;@1 683@;@0@;@@;@0,3@;@@;@
"2916191000"@;@11 414@;@@;@@;@@;@@;@@;@11 414@;@@;@@;@0@;@@;@0,5
"8544499900"@;@1 203 301@;@52 293@;@45 667 745@;@55 281 455@;@45 366 235@;@1 540 278@;@45 330 768@;@9 613 710@;@1 203 301@;@1@;@1 203 301@;@2,61
"2710121509"@;@7 371@;@27 171@;@@;@@;@@;@@;@7 371@;@@;@@;@0,3@;@@;@0,56
"2901230000"@;@2 780 312@;@@;@@;@@;@@;@@;@2 780 312@;@@;@@;@0@;@@;@0,5
"0811909500"@;@119 072@;@659 036@;@@;@@;@@;@@;@119 072@;@@;@@;@0,3@;@@;@0,56
"1905203000"@;@155 994@;@24@;@17 320@;@24 238@;@17 320@;@@;@173 290@;@6 918@;@6 918@;@0,6@;@4 150,8@;@0,58
"6903901000"@;@380 652@;@@;@48 289@;@48 289@;@48 289@;@@;@428 941@;@0@;@0@;@0,7@;@0@;@0,58
"5205420002"@;@@;@828 513@;@@;@@;@@;@@;@0@;@@;@@;@0,3@;@@;@
"5603129000"@;@13 394 955@;@1 801 553@;@6 679 271@;@11 870 054@;@6 679 271@;@121 435@;@18 151 238@;@5 190 783@;@5 190 783@;@0,6@;@3 114 469,8@;@0,61
"1214901000"@;@@;@@;@@;@@;@@;@@;@0@;@@;@@;@0,4@;@@;@
"3006930000"@;@17@;@62@;@@;@@;@@;@@;@17@;@@;@@;@0,3@;@@;@0,56
"0307910000"@;@11 717@;@@;@@;@@;@@;@@;@11 717@;@@;@@;@0@;@@;@0,5
"6304199000"@;@977 069@;@29 540@;@1 491 638@;@1 613 469@;@1 491 638@;@277@;@2 468 430@;@121 831@;@121 831@;@1@;@121 831@;@0,44
"2106904000"@;@886@;@@;@@;@@;@@;@@;@886@;@@;@@;@0@;@@;@0,5
"8479710000"@;@486 800@;@@;@@;@@;@@;@@;@486 800@;@@;@@;@0,4@;@@;@0,58
"4804398000"@;@3 618 885@;@10 962@;@237@;@237@;@237@;@@;@3 608 160@;@0@;@0@;@0,6@;@0@;@0,62
"7010909109"@;@739 155@;@186 777@;@@;@@;@@;@@;@739 155@;@@;@@;@0,3@;@@;@0,56
"3824999602"@;@219 243@;@400@;@@;@@;@@;@@;@219 243@;@@;@@;@0,3@;@@;@0,56
"8704329109"@;@@;@@;@2 456 380@;@2 456 380@;@4 091 946@;@@;@4 091 946@;@0@;@@;@0,3@;@@;@
"8531109500"@;@2 118 837@;@79 747@;@70 721@;@78 412@;@70 527@;@195@;@2 109 616@;@7 691@;@7 691@;@0,6@;@4 614,6@;@0,62
"0805900000"@;@188@;@312@;@@;@@;@@;@@;@188@;@@;@@;@0,3@;@@;@0,56
"8408205799"@;@1 658 779@;@46 909@;@@;@@;@@;@@;@1 658 779@;@@;@@;@0,3@;@@;@0,56
"3304910000"@;@1 337 077@;@2 943@;@228 082@;@405 676@;@270 702@;@19 497@;@1 542 719@;@177 594@;@177 594@;@0,6@;@106 556,4@;@0,59
"7307293000"@;@@;@@;@474 252@;@474 252@;@474 252@;@167 971@;@474 252@;@0@;@@;@0,3@;@@;@
"8425190001"@;@@;@@;@14 046@;@14 046@;@14 046@;@@;@14 046@;@0@;@@;@0,3@;@@;@
"8448310000"@;@7 314 402@;@6 397@;@@;@@;@@;@@;@7 314 402@;@@;@@;@0,3@;@@;@0,56
"7219902000"@;@13 219@;@@;@@;@@;@@;@@;@13 219@;@@;@@;@0@;@@;@0,5
"2922420000"@;@3 065 232@;@30@;@7 727@;@7 727@;@7 224@;@801@;@3 072 128@;@0@;@0@;@0,6@;@0@;@0,62
"6913901000"@;@21 141@;@27 587@;@@;@@;@@;@@;@21 141@;@@;@@;@0,7@;@@;@0,64
"3201200000"@;@363 759@;@@;@@;@@;@@;@@;@363 759@;@@;@@;@0@;@@;@0,5
"7318210001"@;@1 317 074@;@97 045@;@1 146 604@;@1 990 290@;@1 131 916@;@16 678@;@2 349 955@;@843 686@;@843 686@;@0,6@;@506 211,6@;@0,59
"7210701000"@;@3 864 947@;@21@;@@;@@;@@;@@;@3 864 947@;@@;@@;@0,3@;@@;@0,56
"2309903500"@;@124 541@;@@;@@;@@;@@;@@;@124 541@;@@;@@;@0@;@@;@0,5
"8447120009"@;@9 131 468@;@@;@@;@@;@@;@@;@9 131 468@;@@;@@;@0@;@@;@0,5
"2004909100"@;@27 602@;@@;@106 671@;@107 941@;@106 671@;@3 245@;@131 028@;@1 270@;@1 270@;@0,3@;@381@;@0,18
"9504500002"@;@31 562@;@@;@@;@@;@@;@@;@31 562@;@@;@@;@0@;@@;@0,5
"7610901000"@;@26 438@;@@;@16 466 631@;@16 613 719@;@15 786 165@;@1 534 856@;@14 958 213@;@147 088@;@26 438@;@0,3@;@7 931,4@;@1,73
"8544200009"@;@@;@@;@12 109 961@;@13 865 544@;@6 564 837@;@7 588 164@;@6 564 837@;@1 755 583@;@@;@0,3@;@@;@
"3917325100"@;@@;@@;@33 785@;@33 785@;@33 785@;@17 568@;@33 785@;@0@;@@;@0,3@;@@;@
"0901210008"@;@684 593@;@@;@@;@@;@@;@@;@684 593@;@@;@@;@0@;@@;@0,5
"9001504100"@;@136 178@;@@;@@;@@;@@;@@;@136 178@;@@;@@;@0@;@@;@0,5
"9010600000"@;@163 558@;@@;@@;@@;@@;@@;@163 558@;@@;@@;@0@;@@;@0,5
"5501100009"@;@@;@@;@2 549 464@;@2 549 464@;@2 549 464@;@@;@2 549 464@;@0@;@@;@0,3@;@@;@
"1202410000"@;@2 720@;@12 109 807@;@@;@@;@@;@@;@2 720@;@@;@@;@0,3@;@@;@0,56
"2701111000"@;@607 080@;@@;@360 515@;@2 348 938@;@296 186@;@219 526@;@748 069@;@1 988 423@;@607 080@;@0,3@;@182 124@;@1,45
"7319900000"@;@@;@@;@7 889@;@11 395@;@7 889@;@@;@7 889@;@3 506@;@@;@0,3@;@@;@
"8471709800"@;@17 011 999@;@67@;@@;@@;@@;@@;@17 011 999@;@@;@@;@0,3@;@@;@0,56
"6217900000"@;@96 015@;@46 127@;@498 166@;@13 257 070@;@498 088@;@4 624@;@589 557@;@12 758 904@;@96 015@;@0,6@;@57 609@;@40,07
"9401520000"@;@@;@@;@314 055@;@364 599@;@298 492@;@5 015@;@298 492@;@50 544@;@@;@0,7@;@@;@
"7116201100"@;@200@;@@;@@;@@;@@;@@;@200@;@@;@@;@0@;@@;@0,5
"9106900000"@;@2 051 543@;@2 806@;@@;@@;@@;@@;@2 051 543@;@@;@@;@0,3@;@@;@0,56
"2934996009"@;@21 346@;@@;@@;@@;@@;@@;@21 346@;@@;@@;@0@;@@;@0,5
"8462510009"@;@6 016 120@;@@;@@;@@;@@;@@;@6 016 120@;@@;@@;@0@;@@;@0,5
"206300004"@;@@;@@;@172 228@;@172 228@;@172 228@;@@;@172 228@;@0@;@@;@0,3@;@@;@
"8481809903"@;@3 790@;@@;@8 262@;@8 262@;@7 868@;@394@;@11 658@;@0@;@0@;@0,3@;@0@;@0,22
"4804111500"@;@@;@@;@790@;@790@;@790@;@@;@790@;@0@;@@;@0,3@;@@;@
"2008994500"@;@391@;@@;@@;@@;@@;@@;@391@;@@;@@;@0@;@@;@0,5
"8703321990"@;@339 900@;@@;@@;@@;@@;@@;@339 900@;@@;@@;@0@;@@;@0,5
"6405100009"@;@84 709@;@1 536 827@;@42 131@;@42 131@;@40 761@;@1 369@;@125 471@;@0@;@0@;@1@;@0@;@0,54
"2206003901"@;@4@;@@;@@;@@;@@;@@;@4@;@@;@@;@0@;@@;@0,5
"2008607000"@;@@;@189 441@;@@;@@;@@;@@;@0@;@@;@@;@0,3@;@@;@
"2916120000"@;@8 144 945@;@116 939@;@@;@@;@@;@@;@8 144 945@;@@;@@;@0,3@;@@;@0,56
"4702000000"@;@115 385@;@@;@12 273@;@18 882@;@12 273@;@494@;@127 164@;@6 609@;@6 609@;@0,3@;@1 982,7@;@0,53
"2204212300"@;@401@;@@;@@;@@;@@;@@;@401@;@@;@@;@0@;@@;@0,5
"8412904001"@;@226 259@;@@;@6 526@;@43 501@;@6 526@;@@;@232 785@;@36 975@;@36 975@;@0,3@;@11 092,5@;@0,6
"6006311000"@;@315@;@@;@565 352@;@618 793@;@501 994@;@63 359@;@502 308@;@53 441@;@315@;@0,3@;@94,5@;@50,96
"8422400004"@;@1 017 399@;@1 132 202@;@@;@@;@@;@@;@1 017 399@;@@;@@;@0,3@;@@;@0,56
"3903200000"@;@1 000 543@;@@;@@;@@;@@;@@;@1 000 543@;@@;@@;@0@;@@;@0,5
"8525891900"@;@8 038 586@;@107 195@;@@;@@;@@;@@;@8 038 586@;@@;@@;@0,3@;@@;@0,56
"2309909609"@;@32 089 882@;@23 812 615@;@13 745 901@;@41 591 615@;@11 061 305@;@835 431@;@45 000 352@;@27 845 714@;@27 845 714@;@0,6@;@16 707 428,4@;@0,74
"8425390004"@;@852 697@;@@;@1 369 961@;@1 369 961@;@1 170 256@;@154 053@;@2 068 605@;@0@;@0@;@0,7@;@0@;@0,35
"0701100000"@;@758 982@;@@;@@;@@;@@;@@;@758 982@;@@;@@;@0@;@@;@0,5
"2941400001"@;@79 712@;@@;@@;@@;@@;@@;@79 712@;@@;@@;@0@;@@;@0,5
"0902200000"@;@29 673 851@;@36 036@;@@;@@;@@;@@;@29 673 851@;@@;@@;@0,3@;@@;@0,56
"7215900000"@;@302 726@;@@;@50 170@;@449 784@;@50 170@;@@;@352 896@;@399 614@;@302 726@;@0,3@;@90 817,8@;@0,88
"7326909209"@;@418 425@;@19 782@;@205 589@;@205 589@;@205 589@;@25@;@604 207@;@0@;@0@;@1@;@0@;@0,55
"3904100009"@;@55 890 845@;@1 936 484@;@39 443 528@;@78 386 842@;@48 330 135@;@13 084 948@;@80 312 941@;@38 943 314@;@38 943 314@;@1@;@38 943 314@;@0,76
"2009501000"@;@@;@@;@1 005 976@;@1 076 535@;@1 047 316@;@13 916@;@1 047 316@;@70 559@;@@;@0,3@;@@;@
"2802000000"@;@19 336@;@@;@519 737@;@519 737@;@455 242@;@116 468@;@422 605@;@0@;@0@;@0,3@;@0@;@0,08
"4811900000"@;@16 391 728@;@605 209@;@179 898@;@219 336@;@179 898@;@@;@15 966 417@;@39 438@;@39 438@;@1@;@39 438@;@0,71
"7616999008"@;@5 275 693@;@876 914@;@1 537 222@;@1 779 738@;@1 536 552@;@1 817@;@5 934 184@;@242 516@;@242 516@;@1@;@242 516@;@0,66
"3808931900"@;@28 947@;@@;@@;@@;@@;@@;@28 947@;@@;@@;@0@;@@;@0,5
"4810390000"@;@49 500@;@@;@205@;@205@;@205@;@@;@49 705@;@0@;@0@;@0,3@;@0@;@0,56
"8524990090"@;@206 928@;@@;@@;@@;@@;@@;@206 928@;@@;@@;@0@;@@;@0,5
"6103290001"@;@594@;@@;@32 166 062@;@35 318 669@;@32 127 125@;@87 906@;@32 078 750@;@3 152 607@;@594@;@0,3@;@178,2@;@100
"2840209000"@;@39 832@;@@;@@;@@;@@;@@;@39 832@;@@;@@;@0@;@@;@0,5
"8431430000"@;@25 287 346@;@3 921 687@;@4 726 322@;@4 740 490@;@3 690 814@;@1 200 077@;@24 891 904@;@14 168@;@14 168@;@1@;@14 168@;@0,71
"2306600000"@;@@;@@;@6 541@;@6 541@;@13 304@;@@;@13 304@;@0@;@@;@0,3@;@@;@
"0406409000"@;@220 969@;@@;@@;@@;@@;@@;@220 969@;@@;@@;@0@;@@;@0,5
"6806209000"@;@223 366@;@201 693@;@2 487 219@;@2 508 402@;@2 465 811@;@124 917@;@2 585 668@;@21 183@;@21 183@;@1@;@21 183@;@0,27
"9608990001"@;@882@;@@;@@;@@;@@;@@;@882@;@@;@@;@0@;@@;@0,5
"0810303000"@;@133 704@;@@;@@;@@;@@;@@;@133 704@;@@;@@;@0@;@@;@0,5
"2208601100"@;@1 901 427@;@333 033@;@240 450 482@;@270 439 458@;@229 844 259@;@11 312 459@;@231 039 450@;@29 988 976@;@1 901 427@;@1@;@1 901 427@;@4,94
"5703201200"@;@@;@@;@10 267 403@;@10 281 899@;@10 139 535@;@382 870@;@10 139 535@;@14 496@;@@;@0,3@;@@;@
"5205230008"@;@@;@642 710@;@@;@@;@@;@@;@0@;@@;@@;@0,3@;@@;@
"2309109000"@;@5 576 403@;@2 229@;@35 143@;@53 358@;@35 143@;@528@;@5 608 789@;@18 215@;@18 215@;@0,6@;@10 929@;@0,62
"9015401000"@;@6 256 722@;@@;@@;@@;@@;@@;@6 256 722@;@@;@@;@0@;@@;@0,5
"8101999000"@;@23 015@;@8 051@;@@;@@;@@;@@;@23 015@;@@;@@;@0,3@;@@;@0,56
"7304291009"@;@40 361 715@;@@;@3 271@;@3 271@;@3 271@;@@;@40 364 986@;@0@;@0@;@0,7@;@0@;@0,64
"5407710000"@;@221 304@;@@;@@;@@;@@;@@;@221 304@;@@;@@;@0@;@@;@0,5
"2520100000"@;@33 342@;@71 464@;@11 468 550@;@14 042 688@;@7 560 909@;@4 395 750@;@7 106 142@;@2 574 138@;@33 342@;@0,6@;@20 005,2@;@23,28
"2528100000"@;@@;@@;@55 222@;@55 222@;@55 222@;@@;@55 222@;@0@;@@;@0,3@;@@;@
"8207503000"@;@622 185@;@241@;@@;@@;@@;@@;@622 185@;@@;@@;@0,3@;@@;@0,56
"8510200000"@;@725 938@;@3 549@;@@;@@;@@;@@;@725 938@;@@;@@;@0,3@;@@;@0,56
"8214900000"@;@38 151@;@@;@188 010@;@188 010@;@188 010@;@@;@226 161@;@0@;@0@;@0,3@;@0@;@0,14
"3001209000"@;@17@;@@;@@;@@;@@;@@;@17@;@@;@@;@0@;@@;@0,5
"3825100000"@;@@;@@;@606 950@;@608 707@;@606 950@;@@;@606 950@;@1 757@;@@;@0,3@;@@;@
"4001210000"@;@43 607@;@@;@@;@@;@@;@@;@43 607@;@@;@@;@0@;@@;@0,5
"5208599000"@;@1 354@;@414 637@;@2 779 206@;@2 901 171@;@3 688 199@;@295 416@;@2 485 144@;@121 965@;@1 354@;@1@;@1 354@;@27,22
"8518403002"@;@93 385@;@@;@@;@@;@@;@@;@93 385@;@@;@@;@0@;@@;@0,5
"6001210000"@;@@;@924 685@;@8 011 896@;@8 137 096@;@5 715 421@;@3 169 485@;@4 842 411@;@125 200@;@@;@0,6@;@@;@
"4907009000"@;@939 243@;@163 709@;@@;@@;@@;@@;@939 243@;@@;@@;@0,3@;@@;@0,56
"4011700000"@;@7 669 833@;@73 314@;@@;@@;@@;@@;@7 669 833@;@@;@@;@0,3@;@@;@0,56
"5103200000"@;@@;@@;@3 656 137@;@3 656 137@;@3 544 007@;@347 683@;@3 544 007@;@0@;@@;@0,3@;@@;@
"5506300000"@;@1 194 454@;@@;@@;@@;@@;@@;@1 194 454@;@@;@@;@0@;@@;@0,5
"7228209900"@;@105 445@;@@;@@;@@;@@;@@;@105 445@;@@;@@;@0@;@@;@0,5
"3920439000"@;@1 268 944@;@3 255@;@@;@@;@@;@@;@1 268 944@;@@;@@;@0,3@;@@;@0,56
"2921290000"@;@908 427@;@184 800@;@@;@@;@@;@@;@908 427@;@@;@@;@0,3@;@@;@0,56
"7010905700"@;@8 193@;@@;@2 911 534@;@2 911 534@;@3 327 057@;@259 228@;@2 660 499@;@0@;@0@;@0,3@;@0@;@0,06
"8407338000"@;@126 521 619@;@8 307 574@;@@;@@;@@;@@;@126 521 619@;@@;@@;@0,3@;@@;@0,56
"8422400006"@;@3 435@;@@;@@;@@;@@;@@;@3 435@;@@;@@;@0@;@@;@0,5
"2002109000"@;@64 058@;@39 764@;@13 210@;@13 210@;@@;@13 210@;@24 294@;@0@;@0@;@0,6@;@0@;@1,44
"3003400000"@;@@;@@;@33 816@;@48 309@;@33 816@;@@;@33 816@;@14 493@;@@;@0,3@;@@;@
"3908100000"@;@7 866 819@;@1 919 016@;@2 062 641@;@2 072 205@;@2 062 641@;@@;@8 010 444@;@9 564@;@9 564@;@1@;@9 564@;@0,69
"5702329000"@;@7 877@;@@;@12 717@;@12 717@;@12 717@;@@;@20 594@;@0@;@0@;@0,3@;@0@;@0,25
"2009399900"@;@@;@@;@13 189 822@;@13 212 186@;@17 798 201@;@363 147@;@17 798 201@;@22 364@;@@;@0,3@;@@;@
"8703329098"@;@8 534@;@@;@@;@@;@@;@@;@8 534@;@@;@@;@0@;@@;@0,5
"814000000"@;@@;@@;@60 673@;@60 673@;@60 673@;@@;@60 673@;@0@;@@;@0,3@;@@;@
"7306301109"@;@@;@@;@@;@@;@@;@@;@0@;@@;@@;@0,4@;@@;@
"9028301900"@;@4 971 735@;@@;@20 463 347@;@34 560 403@;@17 923 303@;@6 134 886@;@19 300 196@;@14 097 056@;@4 971 735@;@0,7@;@3 480 214,5@;@1,12
"2709001000"@;@176 129 345@;@@;@421 103 767@;@491 654 151@;@379 918 040@;@11 768 189@;@585 464 923@;@70 550 384@;@70 550 384@;@0,3@;@21 165 115,2@;@0,33
"6006440000"@;@848 865@;@@;@174 020@;@174 020@;@174 020@;@@;@1 022 885@;@0@;@0@;@0,3@;@0@;@0,47
"6402999100"@;@1 068 077@;@26 454@;@706 265@;@769 185@;@756 355@;@175 395@;@1 572 493@;@62 920@;@62 920@;@1@;@62 920@;@0,56
"7306408008"@;@1 848 135@;@304@;@@;@@;@@;@@;@1 848 135@;@@;@@;@0,7@;@@;@0,64
"2009393901"@;@161 158@;@@;@@;@@;@@;@@;@161 158@;@@;@@;@0@;@@;@0,5
"4014100000"@;@1 759 581@;@@;@153 446@;@269 914@;@129 409@;@17 469@;@1 895 558@;@116 468@;@116 468@;@0,3@;@34 940,4@;@0,54
"6203421100"@;@6 907@;@381 209@;@4 108 172@;@4 168 160@;@3 383 204@;@1 069 996@;@3 045 083@;@59 988@;@6 907@;@1@;@6 907@;@2,81
"0401209101"@;@20 025@;@@;@@;@@;@@;@@;@20 025@;@@;@@;@0@;@@;@0,5
"2905141000"@;@237@;@@;@@;@@;@@;@@;@237@;@@;@@;@0@;@@;@0,5
"2008707900"@;@37 968@;@321@;@@;@@;@@;@@;@37 968@;@@;@@;@0,3@;@@;@0,56
"7219359000"@;@40 868 235@;@691@;@@;@@;@@;@@;@40 868 235@;@@;@@;@0,3@;@@;@0,56
"5515121000"@;@118 402@;@@;@1 584@;@1 584@;@1 584@;@@;@119 986@;@0@;@0@;@0,3@;@0@;@0,55
"8501538100"@;@3 382 717@;@2 525@;@905 713@;@1 463 922@;@842 318@;@69 004@;@4 216 901@;@558 209@;@558 209@;@1@;@558 209@;@0,65
"8703603099"@;@330 397 688@;@100 364@;@108 857 907@;@1 359 364 473@;@25 121 056@;@83 736 852@;@355 418 379@;@1 250 506 566@;@330 397 688@;@0,6@;@198 238 612,8@;@1,72
"0303510000"@;@1 144 067@;@@;@@;@@;@@;@@;@1 144 067@;@@;@@;@0@;@@;@0,5
"8541410004"@;@1 452 949@;@5 425@;@@;@@;@@;@@;@1 452 949@;@@;@@;@0,3@;@@;@0,56
"3215190009"@;@@;@@;@@;@@;@@;@@;@0@;@@;@@;@0,4@;@@;@
"7206100000"@;@@;@@;@625 067@;@712 540@;@625 067@;@@;@625 067@;@87 473@;@@;@0,3@;@@;@
"7418200000"@;@88 690@;@3 029@;@@;@@;@@;@@;@88 690@;@@;@@;@0,3@;@@;@0,56
"4412321000"@;@@;@@;@593@;@1 186@;@593@;@@;@593@;@593@;@@;@0,3@;@@;@
"7013379100"@;@573 355@;@@;@@;@@;@@;@@;@573 355@;@@;@@;@0@;@@;@0,5
"9010100000"@;@19 814@;@@;@@;@@;@@;@@;@19 814@;@@;@@;@0@;@@;@0,5
"8708919109"@;@173 409@;@@;@@;@@;@@;@@;@173 409@;@@;@@;@0@;@@;@0,5
"7010907100"@;@1 211 583@;@69 089@;@538 277@;@538 277@;@1 971 352@;@49 458@;@1 631 313@;@0@;@0@;@0,6@;@0@;@0,49
"7601208009"@;@6 960 359@;@@;@@;@@;@@;@@;@6 960 359@;@@;@@;@0@;@@;@0,5
"2901100000"@;@@;@@;@326 934@;@326 934@;@326 934@;@31 421@;@326 934@;@0@;@@;@0,3@;@@;@
"6211434200"@;@3 816@;@@;@@;@@;@@;@@;@3 816@;@@;@@;@0@;@@;@0,5
"8702101997"@;@242 403@;@@;@@;@@;@@;@@;@242 403@;@@;@@;@0@;@@;@0,5
"8402110009"@;@@;@@;@1 097 106@;@1 111 487@;@1 097 106@;@@;@1 097 106@;@14 381@;@@;@0,3@;@@;@
"6815110000"@;@4 104@;@@;@@;@@;@@;@@;@4 104@;@@;@@;@0@;@@;@0,5
"1806903100"@;@2 236 379@;@1 923 720@;@3 150 351@;@3 529 278@;@3 116 670@;@396 603@;@4 990 127@;@378 927@;@378 927@;@0,6@;@227 356,2@;@0,39
"2504900000"@;@@;@@;@124 305@;@130 008@;@124 305@;@@;@124 305@;@5 703@;@@;@0,3@;@@;@
"8462290000"@;@6 967 651@;@110 290@;@6 320@;@6 320@;@6 320@;@@;@6 863 681@;@0@;@0@;@1@;@0@;@0,71
"1602903100"@;@@;@134@;@@;@@;@@;@@;@0@;@@;@@;@0,3@;@@;@
"0203291500"@;@421 116@;@@;@@;@@;@@;@@;@421 116@;@@;@@;@0@;@@;@0,5
"2938909000"@;@309 058@;@@;@@;@@;@@;@@;@309 058@;@@;@@;@0@;@@;@0,5
"8414802200"@;@23 849 815@;@3 106@;@257 029@;@257 029@;@257 029@;@@;@24 103 738@;@0@;@0@;@0,6@;@0@;@0,61
"5408310000"@;@335@;@@;@67 576@;@76 295@;@67 576@;@@;@67 911@;@8 719@;@335@;@0,3@;@100,5@;@7,87
"1516209808"@;@9 100 592@;@4 767@;@@;@@;@@;@@;@9 100 592@;@@;@@;@0,3@;@@;@0,56
"8302420000"@;@10 982 101@;@79 660@;@@;@@;@@;@@;@10 982 101@;@@;@@;@0,3@;@@;@0,56
"7220204909"@;@254 641@;@@;@@;@@;@@;@@;@254 641@;@@;@@;@0@;@@;@0,5
"8535309000"@;@@;@@;@833 723@;@861 222@;@614 796@;@218 927@;@614 796@;@27 499@;@@;@0,3@;@@;@
"3005905000"@;@12 161@;@12 033@;@8 487@;@11 316@;@8 487@;@@;@20 648@;@2 829@;@2 829@;@1@;@2 829@;@0,56
"0501000000"@;@30 190@;@265 842@;@@;@@;@@;@@;@30 190@;@@;@@;@0,3@;@@;@0,56
"8211940000"@;@627 859@;@19 179@;@@;@@;@@;@@;@627 859@;@@;@@;@0,3@;@@;@0,56
"8704329809"@;@164 730@;@@;@@;@@;@@;@@;@164 730@;@@;@@;@0@;@@;@0,5
"6103490009"@;@20 316@;@433 135@;@4 835 120@;@4 940 714@;@4 767 376@;@244 062@;@4 611 374@;@105 594@;@20 316@;@0,6@;@12 189,6@;@1,68
"8508190009"@;@4 000 616@;@9 739@;@12 631 188@;@16 071 554@;@12 575 941@;@1 202 525@;@15 429 279@;@3 440 366@;@3 440 366@;@0,6@;@2 064 219,6@;@0,51
"8607991000"@;@1 733 527@;@20 353@;@@;@@;@@;@@;@1 733 527@;@@;@@;@0,7@;@@;@0,64
"6802100000"@;@743 452@;@70 817@;@60 199@;@60 199@;@60 199@;@@;@732 834@;@0@;@0@;@0,6@;@0@;@0,63
"0810700000"@;@1 925@;@57 016 087@;@@;@@;@@;@@;@1 925@;@@;@@;@0,3@;@@;@0,56
"9017801000"@;@1 445 914@;@1 061@;@@;@@;@@;@@;@1 445 914@;@@;@@;@0,7@;@@;@0,64
"2932990000"@;@138 765@;@@;@59 836@;@71 803@;@59 836@;@@;@198 601@;@11 967@;@11 967@;@0,3@;@3 590,1@;@0,44
"7616999009"@;@@;@@;@3 300 640@;@3 702 702@;@3 180 804@;@509 016@;@3 180 804@;@402 062@;@@;@0,3@;@@;@
"3003310000"@;@@;@@;@532 472@;@536 909@;@532 472@;@@;@532 472@;@4 437@;@@;@0,3@;@@;@
"0202100000"@;@11 685 171@;@@;@@;@@;@@;@@;@11 685 171@;@@;@@;@0@;@@;@0,5
"2618000000"@;@117 000@;@@;@46 672@;@58 711@;@46 202@;@470@;@163 202@;@12 039@;@12 039@;@0,3@;@3 611,7@;@0,45
"1701129009"@;@30 111 211@;@@;@@;@@;@@;@@;@30 111 211@;@@;@@;@0@;@@;@0,5
"8483608009"@;@@;@@;@@;@@;@@;@@;@0@;@@;@@;@0,4@;@@;@
"1103199001"@;@@;@@;@634 052@;@636 790@;@634 052@;@@;@634 052@;@2 738@;@@;@0,3@;@@;@
"5206310000"@;@@;@@;@468 005@;@468 005@;@544 547@;@185 070@;@544 547@;@0@;@@;@0,3@;@@;@
"8517620002"@;@10 817 074@;@266 498@;@@;@@;@@;@@;@10 817 074@;@@;@@;@0,7@;@@;@0,64
"6403999600"@;@4 401 841@;@813 896@;@3 355 873@;@3 388 385@;@1 379 716@;@2 019 311@;@4 924 507@;@32 512@;@32 512@;@1@;@32 512@;@0,65
"2915310000"@;@1 945 747@;@1 500@;@@;@@;@@;@@;@1 945 747@;@@;@@;@0,3@;@@;@0,56
"9207105000"@;@105 636@;@@;@@;@@;@@;@@;@105 636@;@@;@@;@0@;@@;@0,5
"8462690093"@;@150@;@@;@@;@@;@@;@@;@150@;@@;@@;@0@;@@;@0,5
"5208129900"@;@42 630@;@2 833 134@;@1 598 549@;@1 691 676@;@1 575 831@;@392 608@;@1 248 571@;@93 127@;@42 630@;@1@;@42 630@;@0,87
"9032890000"@;@31 310 771@;@584 308@;@5 162 173@;@5 193 887@;@5 164 815@;@217 572@;@35 671 064@;@31 714@;@31 714@;@1@;@31 714@;@0,64
"4016910000"@;@839 109@;@130 570@;@238 778@;@279 427@;@233 248@;@5 530@;@941 787@;@40 649@;@40 649@;@1@;@40 649@;@0,66
"2521000000"@;@1 620@;@19 082@;@15 202 926@;@16 356 997@;@10 942 961@;@6 753 830@;@8 450 716@;@1 154 071@;@1 620@;@1@;@1 620@;@100
"5402440000"@;@10 972 345@;@52 582@;@@;@@;@@;@@;@10 972 345@;@@;@@;@0,3@;@@;@0,56
"3823110000"@;@1 869 001@;@1 216@;@@;@@;@@;@@;@1 869 001@;@@;@@;@0,3@;@@;@0,56
"8462260002"@;@13 950@;@@;@@;@@;@@;@@;@13 950@;@@;@@;@0@;@@;@0,5
"8486909003"@;@872@;@@;@@;@@;@@;@@;@872@;@@;@@;@0@;@@;@0,5
"5513190000"@;@2 765@;@@;@@;@@;@@;@@;@2 765@;@@;@@;@0@;@@;@0,5
"3303009000"@;@14 425 027@;@7 012@;@5 657 888@;@5 677 650@;@5 684 502@;@4 188 642@;@15 887 261@;@19 762@;@19 762@;@0,6@;@11 857,2@;@0,57
"0303699000"@;@247 343@;@@;@@;@@;@@;@@;@247 343@;@@;@@;@0@;@@;@0,5
"2917120000"@;@471 138@;@@;@@;@@;@@;@@;@471 138@;@@;@@;@0@;@@;@0,5
"8203200009"@;@1 640 943@;@5 526@;@26 720@;@26 720@;@28 508@;@@;@1 662 137@;@0@;@0@;@1@;@0@;@0,69
"6910900000"@;@15 055 067@;@2 438 779@;@7 929 202@;@8 623 617@;@6 297 836@;@1 341 311@;@19 204 179@;@694 415@;@694 415@;@1@;@694 415@;@0,61
"8462220002"@;@435 615@;@@;@36 287@;@42 691@;@36 287@;@@;@471 902@;@6 404@;@6 404@;@0,3@;@1 921,2@;@0,53
"8708943501"@;@20 648 800@;@@;@@;@@;@@;@@;@20 648 800@;@@;@@;@0@;@@;@0,5
"0909610001"@;@154 499@;@1 557@;@@;@@;@@;@@;@154 499@;@@;@@;@0,3@;@@;@0,56
"2844403000"@;@@;@@;@734 277@;@734 277@;@734 277@;@@;@734 277@;@0@;@@;@0,3@;@@;@
"8514110000"@;@47 709@;@@;@@;@@;@@;@@;@47 709@;@@;@@;@0@;@@;@0,5
"7410110000"@;@12@;@1 292 630@;@@;@@;@@;@@;@12@;@@;@@;@0,7@;@@;@0,64
"7307221000"@;@68 183@;@@;@1 390 242@;@1 397 862@;@1 190 537@;@75 051@;@1 383 374@;@7 620@;@7 620@;@0,7@;@5 334@;@0,2
"8708505509"@;@206 105@;@3 042@;@790@;@8 690@;@790@;@@;@203 853@;@7 900@;@7 900@;@0,6@;@4 740@;@0,64
"7407219000"@;@5 565@;@@;@@;@@;@@;@@;@5 565@;@@;@@;@0@;@@;@0,5
"3815901000"@;@245 904@;@@;@@;@@;@@;@@;@245 904@;@@;@@;@0@;@@;@0,5
"3907400001"@;@522 489@;@@;@@;@@;@@;@@;@522 489@;@@;@@;@0@;@@;@0,5
"3823700000"@;@410 398@;@@;@11 759@;@35 277@;@11 759@;@@;@422 157@;@23 518@;@23 518@;@0,7@;@16 462,6@;@0,64
"5904900009"@;@1 413 552@;@@;@2 860@;@2 860@;@2 860@;@@;@1 416 412@;@0@;@0@;@0,3@;@0@;@0,56
"3207408500"@;@@;@@;@1 000 152@;@1 000 152@;@1 000 152@;@@;@1 000 152@;@0@;@@;@0,3@;@@;@
"8431498009"@;@24 049 024@;@2 265 512@;@2 378 405@;@2 550 420@;@2 110 494@;@144 838@;@24 017 079@;@172 015@;@172 015@;@1@;@172 015@;@0,7
"2818101900"@;@18 300@;@@;@@;@@;@@;@@;@18 300@;@@;@@;@0@;@@;@0,5
"8541410001"@;@679 682@;@16 604@;@@;@@;@@;@@;@679 682@;@@;@@;@0,3@;@@;@0,56
"1902309000"@;@6 494 243@;@415 203@;@6 146@;@6 146@;@6 146@;@@;@6 085 186@;@0@;@0@;@0,6@;@0@;@0,65
"7202419000"@;@335 864@;@@;@81 055@;@81 055@;@81 055@;@@;@416 919@;@0@;@0@;@0,3@;@0@;@0,46
"6302999000"@;@22 542@;@292 990@;@11 930@;@11 930@;@11 930@;@@;@34 472@;@0@;@0@;@1@;@0@;@0,53
"2936230000"@;@99 928@;@@;@@;@@;@@;@@;@99 928@;@@;@@;@0@;@@;@0,5
"6005311000"@;@@;@@;@36 741@;@53 441@;@36 741@;@@;@36 741@;@16 700@;@@;@0,3@;@@;@
"3403991000"@;@@;@@;@1 304 464@;@1 304 464@;@1 304 464@;@@;@1 304 464@;@0@;@@;@0,3@;@@;@
"6403990500"@;@1 098@;@@;@@;@@;@@;@@;@1 098@;@@;@@;@0@;@@;@0,5
"4418790000"@;@221 840@;@@;@56 346@;@56 346@;@62 673@;@45 469@;@232 717@;@0@;@0@;@0,7@;@0@;@0,62
"3307410000"@;@53 450@;@@;@171 864@;@189 151@;@197 877@;@117 040@;@108 274@;@17 287@;@17 287@;@0,3@;@5 186,1@;@0,4
"2921220000"@;@2 167@;@@;@@;@@;@@;@@;@2 167@;@@;@@;@0@;@@;@0,5
"2902420000"@;@42 127@;@@;@@;@@;@@;@@;@42 127@;@@;@@;@0,4@;@@;@0,58
"7403110000"@;@@;@462 117 085@;@@;@@;@@;@@;@0@;@@;@@;@0,3@;@@;@
"8431420000"@;@29 253@;@@;@9 153@;@13 068@;@8 600@;@553@;@37 853@;@3 915@;@3 915@;@0,3@;@1 174,5@;@0,49
"8471300000"@;@51 238 351@;@66 935@;@9 395 883@;@10 410 704@;@9 045 347@;@353 776@;@60 213 523@;@1 014 821@;@1 014 821@;@1@;@1 014 821@;@0,63
"9401790009"@;@2 472 863@;@3 159 397@;@4 383 887@;@4 605 975@;@4 139 125@;@344 085@;@6 512 665@;@222 088@;@222 088@;@1@;@222 088@;@0,42
"2803000000"@;@6 800 103@;@36 302@;@74 349@;@94 996@;@74 349@;@4 313@;@6 833 837@;@20 647@;@20 647@;@0,6@;@12 388,2@;@0,62
"2208307100"@;@1 720 157@;@15@;@@;@@;@@;@@;@1 720 157@;@@;@@;@0,3@;@@;@0,56
"8528730000"@;@164@;@@;@@;@@;@@;@@;@164@;@@;@@;@0@;@@;@0,5
"6811400000"@;@@;@@;@9 296 299@;@9 643 364@;@7 477 755@;@1 912 475@;@7 477 755@;@347 065@;@@;@0,3@;@@;@
"3705009000"@;@36@;@@;@@;@@;@@;@@;@36@;@@;@@;@0@;@@;@0,5
"9620000002"@;@1 408@;@@;@@;@@;@@;@@;@1 408@;@@;@@;@0@;@@;@0,5
"6402919000"@;@936 789@;@345 994@;@781 627@;@933 704@;@405 249@;@562 500@;@1 155 916@;@152 077@;@152 077@;@1@;@152 077@;@0,65
"8212101000"@;@5 879 162@;@129 431@;@910 734@;@931 142@;@670 393@;@305 285@;@6 355 180@;@20 408@;@20 408@;@0,6@;@12 244,8@;@0,58
"8521102000"@;@@;@@;@7 900@;@7 900@;@7 900@;@@;@7 900@;@0@;@@;@0,3@;@@;@
"8530900000"@;@680 252@;@@;@5 729 723@;@5 851 856@;@4 072 532@;@1 657 191@;@4 752 784@;@122 133@;@122 133@;@0,7@;@85 493,1@;@0,27
"3813000000"@;@276 573@;@5 936@;@83 894@;@139 573@;@83 894@;@@;@354 531@;@55 679@;@55 679@;@1@;@55 679@;@0,65
"8481900000"@;@19 974 896@;@163 848@;@890 659@;@890 659@;@786 493@;@104 166@;@20 597 541@;@0@;@0@;@1@;@0@;@0,68
"8527290009"@;@56 818@;@@;@@;@@;@@;@@;@56 818@;@@;@@;@0@;@@;@0,5
"406906100"@;@@;@@;@44 849@;@44 849@;@44 849@;@554@;@44 849@;@0@;@@;@0,3@;@@;@
"7326909500"@;@@;@@;@790@;@790@;@790@;@@;@790@;@0@;@@;@0,3@;@@;@
"5906910000"@;@19 917@;@@;@75 441@;@368 179@;@66 730@;@9 412@;@85 946@;@292 738@;@19 917@;@0,3@;@5 975,1@;@4,59
"7306691000"@;@58 009@;@@;@@;@@;@@;@@;@58 009@;@@;@@;@0@;@@;@0,5
"8806230009"@;@522 083@;@@;@@;@@;@@;@@;@522 083@;@@;@@;@0@;@@;@0,5
"0813401000"@;@576@;@201 143@;@@;@@;@@;@@;@576@;@@;@@;@0,3@;@@;@0,56
"2804210000"@;@1 253 576@;@202 595@;@5 707 373@;@7 030 676@;@2 782 842@;@3 060 793@;@3 900 156@;@1 323 303@;@1 253 576@;@1@;@1 253 576@;@0,68
"1209300000"@;@3 469@;@@;@@;@@;@@;@@;@3 469@;@@;@@;@0,4@;@@;@0,58
"7304399300"@;@37 276 136@;@15 826@;@46 899@;@46 899@;@46 899@;@@;@37 307 209@;@0@;@0@;@0,6@;@0@;@0,62
"0602208000"@;@2 307 709@;@542 394@;@@;@@;@@;@@;@2 307 709@;@@;@@;@0,7@;@@;@0,64
"5407430000"@;@28 760@;@@;@@;@@;@@;@@;@28 760@;@@;@@;@0@;@@;@0,5
"0404908100"@;@69 742@;@51@;@@;@@;@@;@@;@69 742@;@@;@@;@0,3@;@@;@0,56
"0909310000"@;@4 104 268@;@70 792@;@@;@@;@@;@@;@4 104 268@;@@;@@;@0,3@;@@;@0,56
"2007913000"@;@20 341@;@@;@53 326@;@71 101@;@53 326@;@@;@73 667@;@17 775@;@17 775@;@0,3@;@5 332,5@;@0,46
"6203493100"@;@30@;@@;@@;@@;@@;@@;@30@;@@;@@;@0,4@;@@;@0,58
"2905310000"@;@6 777 100@;@106 593@;@1 896@;@1 896@;@1 896@;@@;@6 672 403@;@0@;@0@;@0,6@;@0@;@0,63
"7304499900"@;@35 080@;@104@;@@;@@;@@;@@;@35 080@;@@;@@;@0,3@;@@;@0,56
"7210490009"@;@96 802 544@;@67 296 647@;@@;@@;@@;@@;@96 802 544@;@@;@@;@0,3@;@@;@0,56
"3103109000"@;@@;@@;@23 078 132@;@53 848 975@;@17 916 394@;@7 553 363@;@17 916 394@;@30 770 843@;@@;@0,3@;@@;@
"1701121001"@;@52 190 035@;@134@;@@;@@;@@;@@;@52 190 035@;@@;@@;@0,3@;@@;@0,56
"6204693900"@;@2 618@;@8 596@;@@;@@;@@;@@;@2 618@;@@;@@;@0,7@;@@;@0,64
"4818209900"@;@201 874@;@593@;@3 243 843@;@3 541 059@;@4 234 955@;@550 507@;@2 895 210@;@297 216@;@201 874@;@1@;@201 874@;@0,68
"8465200000"@;@969 277@;@@;@@;@@;@@;@@;@969 277@;@@;@@;@0@;@@;@0,5
"0601103000"@;@2 001 267@;@@;@@;@@;@@;@@;@2 001 267@;@@;@@;@0@;@@;@0,5
"3215900009"@;@@;@@;@@;@@;@@;@@;@0@;@@;@@;@0,4@;@@;@
"9402900000"@;@6 399 823@;@116 434@;@1 882 595@;@5 939 282@;@1 852 286@;@37 280@;@8 128 704@;@4 056 687@;@4 056 687@;@1@;@4 056 687@;@0,78
"0207142000"@;@5 259 407@;@36 300@;@@;@@;@@;@@;@5 259 407@;@@;@@;@0,3@;@@;@0,56
"3904100001"@;@2 158 207@;@@;@24 045 636@;@24 070 926@;@23 363 274@;@682 362@;@25 521 481@;@25 290@;@25 290@;@0,3@;@7 587@;@0,11
"9612200000"@;@63 739@;@@;@22 255@;@22 255@;@22 255@;@@;@85 994@;@0@;@0@;@0,3@;@0@;@0,43
"7608100000"@;@695 865@;@@;@@;@@;@@;@@;@695 865@;@@;@@;@0@;@@;@0,5
"8502208000"@;@26 060 988@;@@;@@;@@;@@;@@;@26 060 988@;@@;@@;@0@;@@;@0,5
"8426120009"@;@60 946@;@@;@@;@@;@@;@@;@60 946@;@@;@@;@0,4@;@@;@0,58
"6006319000"@;@271 453@;@66 520@;@@;@@;@@;@@;@271 453@;@@;@@;@0,3@;@@;@0,56
"9506703000"@;@420 743@;@158@;@@;@@;@@;@@;@420 743@;@@;@@;@0,3@;@@;@0,56
"5516140000"@;@17 469 662@;@557 071@;@207 290@;@207 290@;@20 463@;@186 827@;@16 933 054@;@0@;@0@;@0,6@;@0@;@0,64
"7216319000"@;@6 368 428@;@62@;@@;@@;@@;@@;@6 368 428@;@@;@@;@0,3@;@@;@0,56
"6406201000"@;@1 445 308@;@59 754@;@@;@@;@@;@@;@1 445 308@;@@;@@;@0,7@;@@;@0,64
"2915210000"@;@3 641 697@;@30 497@;@1 350 268@;@24 282 750@;@989 522@;@552 978@;@4 408 490@;@22 932 482@;@3 641 697@;@1@;@3 641 697@;@2,5
"6506999010"@;@23@;@@;@@;@@;@@;@@;@23@;@@;@@;@0@;@@;@0,5
"8483308008"@;@@;@@;@2 378@;@3 176@;@2 378@;@@;@2 378@;@798@;@@;@0,3@;@@;@
"3901300000"@;@9 700 452@;@3 011@;@@;@@;@@;@@;@9 700 452@;@@;@@;@0,3@;@@;@0,56
"9607190000"@;@2 876 166@;@24 092@;@1 346 088@;@1 405 190@;@1 361 628@;@29 981@;@4 168 181@;@59 102@;@59 102@;@0,6@;@35 461,2@;@0,47
"5002000000"@;@@;@14 811 659@;@60 020 997@;@61 941 327@;@36 286 382@;@31 523 882@;@28 497 115@;@1 920 330@;@@;@0,6@;@@;@
"8445900009"@;@6 082 294@;@@;@@;@@;@@;@@;@6 082 294@;@@;@@;@0@;@@;@0,5
"0809309000"@;@2 252@;@13 651 321@;@@;@@;@@;@@;@2 252@;@@;@@;@0,3@;@@;@0,56
"4205009000"@;@647 967@;@146@;@@;@@;@@;@@;@647 967@;@@;@@;@0,7@;@@;@0,64
"6204299000"@;@9 988@;@@;@83 203@;@416 015@;@66 057@;@22 061@;@71 130@;@332 812@;@9 988@;@0,7@;@6 991,6@;@10,21
"8541430000"@;@336 504 978@;@981 650@;@54 245@;@54 245@;@54 245@;@@;@335 577 573@;@0@;@0@;@1@;@0@;@0,7
"4408109801"@;@@;@@;@25 675@;@25 675@;@25 675@;@@;@25 675@;@0@;@@;@0,3@;@@;@
"210999000"@;@@;@@;@2 611@;@2 611@;@2 611@;@@;@2 611@;@0@;@@;@0,3@;@@;@
"8538901800"@;@114 822@;@@;@@;@@;@@;@@;@114 822@;@@;@@;@0@;@@;@0,5
"8408908109"@;@@;@@;@@;@@;@@;@@;@0@;@@;@@;@0,4@;@@;@
"5004009000"@;@2 112@;@2 085@;@693 553@;@693 553@;@770 297@;@37 727@;@657 938@;@0@;@0@;@0,6@;@0@;@0,12
"7320909009"@;@@;@@;@107 402@;@107 402@;@107 402@;@@;@107 402@;@0@;@@;@0,3@;@@;@
"4303109050"@;@16 024@;@@;@38 387@;@76 774@;@38 387@;@@;@54 411@;@38 387@;@16 024@;@0,3@;@4 807,2@;@0,93
"910995000"@;@@;@@;@2 130 206@;@2 130 206@;@2 130 206@;@38 776@;@2 130 206@;@0@;@@;@0,3@;@@;@
"1604209090"@;@313 802@;@@;@@;@@;@@;@@;@313 802@;@@;@@;@0@;@@;@0,5
"6403593900"@;@154 372@;@@;@160 505@;@165 690@;@75 091@;@85 412@;@229 465@;@5 185@;@5 185@;@0,7@;@3 629,5@;@0,49
"3214109000"@;@2 044 588@;@5 347 426@;@11 701 318@;@17 042 405@;@11 273 278@;@310 467@;@13 435 439@;@5 341 087@;@2 044 588@;@1@;@2 044 588@;@1,06
"6111309000"@;@1 758 167@;@262 357@;@79 210@;@89 099@;@86 226@;@8 612@;@1 566 408@;@9 889@;@9 889@;@0,6@;@5 933,4@;@0,68
"5603131000"@;@517 944@;@1 404 760@;@1 519 771@;@1 906 981@;@1 509 691@;@359 938@;@1 677 777@;@387 210@;@387 210@;@0,6@;@232 326@;@0,5
"8435900000"@;@346 971@;@@;@11 763@;@11 763@;@11 763@;@@;@358 734@;@0@;@0@;@0,3@;@0@;@0,54
"0910993100"@;@@;@597@;@@;@@;@@;@@;@0@;@@;@@;@0,3@;@@;@
"4407199700"@;@10 999 569@;@@;@@;@@;@@;@@;@10 999 569@;@@;@@;@0@;@@;@0,5
"7213912000"@;@@;@@;@6 935@;@9 602@;@6 935@;@@;@6 935@;@2 667@;@@;@0,3@;@@;@
"9209994000"@;@321@;@@;@@;@@;@@;@@;@321@;@@;@@;@0@;@@;@0,5
"711901000"@;@@;@@;@321 063@;@321 063@;@39 356@;@281 707@;@39 356@;@0@;@@;@0,3@;@@;@
"0406309000"@;@317 900@;@5 144@;@@;@@;@@;@@;@317 900@;@@;@@;@0,7@;@@;@0,64
"5112308001"@;@76 995@;@39 818@;@@;@@;@@;@@;@76 995@;@@;@@;@0,3@;@@;@0,56
"4412994000"@;@@;@@;@82 833@;@82 833@;@64 347@;@18 486@;@64 347@;@0@;@@;@0,3@;@@;@
"5702990000"@;@20 851@;@96@;@@;@@;@@;@@;@20 851@;@@;@@;@0,3@;@@;@0,56
"8517711500"@;@105 501@;@@;@@;@@;@@;@@;@105 501@;@@;@@;@0@;@@;@0,5
"8402199000"@;@12 288 850@;@69 890@;@966 150@;@966 150@;@914 728@;@33 831@;@13 151 279@;@0@;@0@;@1@;@0@;@0,67
"1006201700"@;@@;@@;@33 219@;@33 219@;@33 219@;@@;@33 219@;@0@;@@;@0,3@;@@;@
"8501330001"@;@@;@@;@20 161@;@21 824@;@20 161@;@@;@20 161@;@1 663@;@@;@0,3@;@@;@
"8462900015"@;@55 209@;@@;@@;@@;@@;@@;@55 209@;@@;@@;@0@;@@;@0,5
"9018120000"@;@18 458 844@;@54 519@;@@;@@;@@;@@;@18 458 844@;@@;@@;@0,3@;@@;@0,56
"4407974000"@;@@;@@;@1 947 057@;@1 947 057@;@1 670 034@;@277 023@;@1 670 034@;@0@;@@;@0,7@;@@;@
"7408220000"@;@1 286@;@@;@@;@@;@@;@@;@1 286@;@@;@@;@0@;@@;@0,5
"0706100001"@;@415 880@;@19 458 776@;@@;@@;@@;@@;@415 880@;@@;@@;@0,7@;@@;@0,64
"5607501900"@;@117 034@;@826@;@@;@@;@@;@@;@117 034@;@@;@@;@0,3@;@@;@0,56
"0910209000"@;@@;@7 181@;@@;@@;@@;@@;@0@;@@;@@;@0,3@;@@;@
"7219229000"@;@435 796@;@@;@4 526@;@6 035@;@4 526@;@@;@440 322@;@1 509@;@1 509@;@0,3@;@452,7@;@0,56
"8519201000"@;@13@;@@;@@;@@;@@;@@;@13@;@@;@@;@0@;@@;@0,5
"8462630093"@;@19 700@;@@;@@;@@;@@;@@;@19 700@;@@;@@;@0@;@@;@0,5
"1905321100"@;@4 909 960@;@876 248@;@826 115@;@1 214 094@;@709 468@;@112 103@;@4 747 724@;@387 979@;@387 979@;@0,6@;@232 787,4@;@0,66
"4810130001"@;@@;@@;@111 523@;@160 803@;@111 523@;@@;@111 523@;@49 280@;@@;@0,3@;@@;@
"1209991090"@;@@;@48 348@;@@;@@;@@;@@;@0@;@@;@@;@0,7@;@@;@
"0802999000"@;@285@;@@;@@;@@;@@;@@;@285@;@@;@@;@0@;@@;@0,5
"4408395502"@;@@;@@;@334 347@;@334 347@;@251 212@;@83 135@;@251 212@;@0@;@@;@0,3@;@@;@
"8207907800"@;@3 327@;@@;@@;@@;@@;@@;@3 327@;@@;@@;@0@;@@;@0,5
"5509220000"@;@3 497 091@;@107 204@;@675 149@;@675 149@;@675 149@;@@;@4 065 036@;@0@;@0@;@0,6@;@0@;@0,55
"2204219000"@;@9 771@;@@;@337 798@;@337 798@;@337 765@;@33@;@347 536@;@0@;@0@;@0,3@;@0@;@0,07
"2833110000"@;@484 060@;@@;@@;@@;@@;@@;@484 060@;@@;@@;@0@;@@;@0,5
"2530900001"@;@@;@@;@314 855@;@377 826@;@314 855@;@@;@314 855@;@62 971@;@@;@0,3@;@@;@
"5205320004"@;@378@;@38 763@;@@;@@;@@;@@;@378@;@@;@@;@0,3@;@@;@0,56
"5309119000"@;@9 818@;@@;@@;@@;@@;@@;@9 818@;@@;@@;@0@;@@;@0,5
"9603309000"@;@146 867@;@@;@@;@@;@@;@@;@146 867@;@@;@@;@0@;@@;@0,5
"511998510"@;@@;@@;@85 049@;@85 049@;@44 286@;@40 763@;@44 286@;@0@;@@;@0,3@;@@;@
"7616991004"@;@@;@76@;@790@;@790@;@790@;@@;@790@;@0@;@@;@0,6@;@@;@
"4822100000"@;@26 023@;@846 847@;@11 493 269@;@11 660 240@;@11 464 654@;@157 393@;@11 361 899@;@166 971@;@26 023@;@0,6@;@15 613,8@;@2,05
"5513239000"@;@10 137@;@@;@4 744@;@4 744@;@4 744@;@@;@14 881@;@0@;@0@;@0,7@;@0@;@0,48
"9002110000"@;@1 997 145@;@14 920@;@@;@@;@@;@@;@1 997 145@;@@;@@;@0,3@;@@;@0,56
"7208400000"@;@3 805 384@;@@;@@;@@;@@;@@;@3 805 384@;@@;@@;@0@;@@;@0,5
"8413603109"@;@@;@@;@@;@@;@@;@@;@0@;@@;@@;@0,4@;@@;@
"8468900000"@;@489 474@;@@;@7 900@;@7 900@;@7 900@;@@;@497 374@;@0@;@0@;@0,3@;@0@;@0,55
"8207709000"@;@863 473@;@54 137@;@90 346@;@90 346@;@88 529@;@18 779@;@880 903@;@0@;@0@;@1@;@0@;@0,69
"8414805900"@;@23 985 797@;@19 809@;@14 497@;@14 497@;@14 497@;@@;@23 980 485@;@0@;@0@;@1@;@0@;@0,7
"3925300000"@;@295 860@;@82 415@;@5 280 443@;@5 633 028@;@4 899 154@;@1 249 584@;@4 326 719@;@352 585@;@295 860@;@1@;@295 860@;@0,59
"7208529900"@;@24 836 026@;@365 646@;@141 678@;@231 644@;@141 678@;@@;@24 612 058@;@89 966@;@89 966@;@0,6@;@53 979,6@;@0,63
"8482800002"@;@9 928@;@@;@@;@@;@@;@@;@9 928@;@@;@@;@0@;@@;@0,5
"8524910027"@;@2 767@;@@;@@;@@;@@;@@;@2 767@;@@;@@;@0@;@@;@0,5
"8419330002"@;@10 872@;@@;@@;@@;@@;@@;@10 872@;@@;@@;@0@;@@;@0,5
"7326909803"@;@@;@@;@12 287@;@12 810@;@12 287@;@@;@12 287@;@523@;@@;@0,3@;@@;@
"2530100000"@;@1 427 971@;@669 171@;@869 406@;@869 810@;@622 202@;@475 676@;@1 821 701@;@404@;@404@;@0,6@;@242,4@;@0,51
"9506190000"@;@23 026@;@@;@@;@@;@@;@@;@23 026@;@@;@@;@0@;@@;@0,5
"2901290000"@;@2 687@;@4 376@;@191 124@;@348 563@;@183 094@;@4 918@;@188 893@;@157 439@;@2 687@;@1@;@2 687@;@17,78
"2008201900"@;@@;@@;@5 484 933@;@5 529 963@;@2 013 876@;@3 471 057@;@2 013 876@;@45 030@;@@;@0,3@;@@;@
"8444001000"@;@801 975@;@6 146@;@@;@@;@@;@@;@801 975@;@@;@@;@0,3@;@@;@0,56
"4418830000"@;@1 786 293@;@13 893@;@@;@@;@@;@@;@1 786 293@;@@;@@;@0,3@;@@;@0,56
"0106320090"@;@60 756@;@75 347@;@@;@@;@@;@@;@60 756@;@@;@@;@0,3@;@@;@0,56
"7304399809"@;@1 351 562@;@@;@46 899@;@46 899@;@46 899@;@@;@1 398 461@;@0@;@0@;@0,3@;@0@;@0,54
"0711510000"@;@733 773@;@@;@@;@@;@@;@@;@733 773@;@@;@@;@0@;@@;@0,5
"5309290000"@;@367 861@;@168 233@;@@;@@;@@;@@;@367 861@;@@;@@;@0,3@;@@;@0,56
"8507208008"@;@8 313 860@;@16 906@;@1 369 148@;@205 898 480@;@1 040 498@;@231 608@;@9 434 494@;@204 529 332@;@8 313 860@;@1@;@8 313 860@;@8,02
"0404908300"@;@301 336@;@@;@@;@@;@@;@@;@301 336@;@@;@@;@0@;@@;@0,5
"3919900000"@;@18 216 254@;@178 334@;@12 236 563@;@13 177 099@;@10 129 396@;@1 594 140@;@28 680 343@;@940 536@;@940 536@;@1@;@940 536@;@0,53
"2908990000"@;@3 203@;@@;@1 450@;@1 450@;@1 450@;@@;@4 653@;@0@;@0@;@0,3@;@0@;@0,4
"2915120000"@;@387 445@;@570@;@@;@@;@@;@@;@387 445@;@@;@@;@0,3@;@@;@0,56
"8481808120"@;@232 810@;@@;@23 981@;@23 981@;@23 587@;@394@;@256 397@;@0@;@0@;@0,3@;@0@;@0,51
"8525839900"@;@44 960@;@@;@@;@@;@@;@@;@44 960@;@@;@@;@0@;@@;@0,5
"4205001100"@;@6 915@;@@;@2 227 031@;@2 269 250@;@401 834@;@182 520@;@2 051 426@;@42 219@;@6 915@;@0,3@;@2 074,5@;@1,89
"3211000000"@;@909 725@;@11 699@;@355 883@;@618 465@;@353 485@;@3 574@;@1 250 335@;@262 582@;@262 582@;@1@;@262 582@;@0,65
"2932110000"@;@18 061@;@@;@@;@@;@@;@@;@18 061@;@@;@@;@0@;@@;@0,5
"3920491001"@;@24 816@;@@;@@;@@;@@;@@;@24 816@;@@;@@;@0@;@@;@0,5
"0806203000"@;@@;@3 562 646@;@@;@@;@@;@@;@0@;@@;@@;@0,3@;@@;@
"2009499300"@;@@;@@;@106 840@;@106 840@;@136 542@;@11 436@;@136 542@;@0@;@@;@0,3@;@@;@
"711590000"@;@@;@@;@23 925@;@23 925@;@30 301@;@1 464@;@30 301@;@0@;@@;@0,3@;@@;@
"7016904000"@;@@;@@;@524 988@;@541 350@;@578 278@;@56 041@;@578 278@;@16 362@;@@;@0,3@;@@;@
"8423815000"@;@135 689@;@838@;@@;@@;@@;@@;@135 689@;@@;@@;@0,3@;@@;@0,56
"9603409000"@;@856 917@;@147 531@;@739 758@;@740 203@;@396 085@;@343 673@;@1 253 002@;@445@;@445@;@1@;@445@;@0,54
"3502119000"@;@90 231@;@@;@866@;@8 660@;@866@;@@;@91 097@;@7 794@;@7 794@;@0,3@;@2 338,2@;@0,58
"6807900000"@;@2 027 315@;@300@;@2 101 768@;@2 133 960@;@1 982 227@;@474@;@4 128 609@;@32 192@;@32 192@;@0,6@;@19 315,2@;@0,37
"0808108005"@;@1 344 977@;@253 924@;@@;@@;@@;@@;@1 344 977@;@@;@@;@0,3@;@@;@0,56
"8441909000"@;@714 376@;@1 113@;@@;@@;@@;@@;@714 376@;@@;@@;@0,3@;@@;@0,56
"7601201009"@;@@;@@;@9 871@;@9 871@;@9 616@;@255@;@9 616@;@0@;@@;@0,3@;@@;@
"8302415000"@;@5 551 455@;@1 222 565@;@7 750 927@;@7 787 525@;@7 679 646@;@64 995@;@13 237 387@;@36 598@;@36 598@;@0,6@;@21 958,8@;@0,33
"3402901009"@;@3 322 844@;@107 353@;@1 686 534@;@1 697 638@;@1 686 534@;@@;@4 902 025@;@11 104@;@11 104@;@1@;@11 104@;@0,54
"7112920000"@;@3 530@;@12 764 672@;@@;@@;@@;@@;@3 530@;@@;@@;@0,3@;@@;@0,56
"8425410000"@;@1 485 612@;@2 400@;@339 805@;@340 227@;@342 541@;@@;@1 823 017@;@422@;@422@;@0,6@;@253,2@;@0,53
"2705000000"@;@@;@@;@5 584 507@;@5 616 673@;@5 584 507@;@@;@5 584 507@;@32 166@;@@;@0,3@;@@;@
"7312106900"@;@70 449@;@@;@8 547@;@8 547@;@8 547@;@@;@78 996@;@0@;@0@;@0,3@;@0@;@0,51
"4408909501"@;@10 470@;@@;@@;@@;@@;@@;@10 470@;@@;@@;@0@;@@;@0,5
"9403500000"@;@5 950 549@;@724 072@;@51 603 373@;@54 786 652@;@50 485 535@;@2 514 780@;@55 039 142@;@3 183 279@;@3 183 279@;@1@;@3 183 279@;@0,41
"6115301100"@;@3 913@;@@;@2 478 300@;@2 485 425@;@1 031 059@;@1 447 240@;@1 034 973@;@7 125@;@3 913@;@0,3@;@1 173,9@;@0,61
"6214100000"@;@83 126@;@1 014@;@1 608@;@1 608@;@1 608@;@@;@83 720@;@0@;@0@;@0,6@;@0@;@0,62
"8421990003"@;@744 226@;@18 231@;@@;@@;@@;@@;@744 226@;@@;@@;@0,3@;@@;@0,56
"7211232000"@;@178 788@;@@;@6 045 273@;@6 045 273@;@4 909 396@;@1 135 877@;@5 088 184@;@0@;@0@;@0,3@;@0@;@0,08
"8431410000"@;@882 364@;@146 228@;@1 592 329@;@1 629 479@;@1 555 268@;@39 715@;@2 434 978@;@37 150@;@37 150@;@1@;@37 150@;@0,39
"9405410033"@;@282 777@;@@;@203 716@;@254 055@;@203 716@;@@;@486 493@;@50 339@;@50 339@;@0,7@;@35 237,3@;@0,48
"8427201909"@;@12 544 208@;@1 620 119@;@@;@@;@@;@@;@12 544 208@;@@;@@;@0,3@;@@;@0,56
"2008939100"@;@5 438@;@@;@@;@@;@@;@@;@5 438@;@@;@@;@0@;@@;@0,5
"5208229900"@;@@;@636 803@;@7 173 054@;@7 237 648@;@7 613 788@;@281 912@;@6 891 142@;@64 594@;@@;@0,6@;@@;@
"6115950000"@;@1 242 830@;@38 708 858@;@6 496 154@;@7 162 818@;@4 880 873@;@3 372 113@;@4 366 871@;@666 664@;@666 664@;@1@;@666 664@;@0,5
"8708109000"@;@@;@@;@134@;@134@;@134@;@@;@134@;@0@;@@;@0,3@;@@;@
"8418215900"@;@12 483@;@@;@@;@@;@@;@@;@12 483@;@@;@@;@0@;@@;@0,5
"6003100000"@;@@;@@;@2 951 430@;@3 013 806@;@2 951 430@;@@;@2 951 430@;@62 376@;@@;@0,3@;@@;@
"4601990500"@;@4 455@;@@;@@;@@;@@;@@;@4 455@;@@;@@;@0@;@@;@0,5
"8805290002"@;@280 650@;@@;@@;@@;@@;@@;@280 650@;@@;@@;@0@;@@;@0,5
"5212119000"@;@5 809@;@@;@8 646 605@;@14 665 741@;@3 763 374@;@3 203 502@;@5 448 912@;@6 019 136@;@5 809@;@0,3@;@1 742,7@;@100
"8455210001"@;@3 103 582@;@@;@22 894@;@206 872@;@22 894@;@@;@3 126 476@;@183 978@;@183 978@;@0,3@;@55 193,4@;@0,57
"9024809000"@;@1 693 686@;@@;@@;@@;@@;@@;@1 693 686@;@@;@@;@0@;@@;@0,5
"1904901001"@;@@;@165 188@;@@;@@;@@;@@;@0@;@@;@@;@0,3@;@@;@
"8504230009"@;@141 610 943@;@6 126 792@;@83 267@;@83 267@;@83 267@;@@;@135 567 418@;@0@;@0@;@1@;@0@;@0,72
"7220120000"@;@145 272@;@@;@@;@@;@@;@@;@145 272@;@@;@@;@0@;@@;@0,5
"1514119001"@;@3 145@;@@;@@;@@;@@;@@;@3 145@;@@;@@;@0@;@@;@0,5
"8708505501"@;@0@;@@;@790@;@8 690@;@790@;@@;@790@;@7 900@;@0@;@0,3@;@0@;@
"6302539000"@;@309 023@;@4 350@;@@;@@;@@;@@;@309 023@;@@;@@;@0,7@;@@;@0,64
"3926100000"@;@1 450 025@;@2 695@;@2 440 222@;@2 447 255@;@2 432 068@;@45 774@;@3 844 473@;@7 033@;@7 033@;@1@;@7 033@;@0,39
"2903798000"@;@12 839@;@@;@@;@@;@@;@@;@12 839@;@@;@@;@0@;@@;@0,5
"4412100002"@;@@;@@;@13 612@;@13 612@;@13 612@;@@;@13 612@;@0@;@@;@0,3@;@@;@
"8504403001"@;@@;@@;@8 690@;@8 690@;@8 690@;@@;@8 690@;@0@;@@;@0,3@;@@;@
"4418810000"@;@10@;@@;@@;@@;@@;@@;@10@;@@;@@;@0@;@@;@0,5
"8708803509"@;@9 168 980@;@235 644@;@37 350 043@;@37 521 194@;@37 350 043@;@81 871@;@46 437 152@;@171 151@;@171 151@;@0,6@;@102 690,6@;@0,22
"4810220009"@;@14 721@;@@;@@;@@;@@;@@;@14 721@;@@;@@;@0@;@@;@0,5
"7016907009"@;@34 678@;@270 678@;@99 088@;@118 906@;@99 088@;@@;@133 766@;@19 818@;@19 818@;@0,6@;@11 890,8@;@0,42
"8428908009"@;@@;@@;@@;@@;@@;@@;@0@;@@;@@;@0,4@;@@;@
"2009712008"@;@14 577@;@221 802@;@@;@@;@@;@@;@14 577@;@@;@@;@0,7@;@@;@0,64
"2009695101"@;@49 633@;@875 255@;@757 056@;@958 717@;@796 556@;@@;@806 689@;@201 661@;@49 633@;@0,6@;@29 779,8@;@1,37
"207119000"@;@@;@@;@19 902 070@;@21 754 385@;@10 221 060@;@3 024 978@;@10 221 060@;@1 852 315@;@@;@0,3@;@@;@
"4820400000"@;@26 509@;@@;@1 884 362@;@2 324 225@;@1 833 831@;@59 544@;@1 851 327@;@439 863@;@26 509@;@0,7@;@18 556,3@;@5,13
"5510110000"@;@1 022 511@;@271 208@;@20 522 581@;@21 623 959@;@13 122 262@;@2 600 379@;@18 944 713@;@1 101 378@;@1 022 511@;@0,6@;@613 506,6@;@0,47
"4013100009"@;@328 731@;@@;@@;@@;@@;@@;@328 731@;@@;@@;@0@;@@;@0,5
"6903909000"@;@1 252 591@;@@;@118 838@;@118 838@;@118 838@;@@;@1 371 429@;@0@;@0@;@0,7@;@0@;@0,6
"6305109000"@;@2 659@;@@;@1 244 261@;@1 247 612@;@1 243 076@;@790@;@1 246 130@;@3 351@;@2 659@;@0,3@;@797,7@;@0,44
"8714961000"@;@500 384@;@19 888@;@@;@@;@@;@@;@500 384@;@@;@@;@0,3@;@@;@0,56
"5607491900"@;@15 305@;@18 452@;@4 570@;@4 570@;@18 409@;@@;@19 875@;@0@;@0@;@0,6@;@0@;@0,51
"6203331000"@;@14 314@;@130 227@;@234 660@;@234 660@;@222 004@;@26 289@;@222 685@;@0@;@0@;@1@;@0@;@0,23
"5801100000"@;@12 953@;@@;@41 318@;@42 626@;@41 318@;@@;@54 271@;@1 308@;@1 308@;@0,3@;@392,4@;@0,21
"2834294000"@;@157@;@@;@@;@@;@@;@@;@157@;@@;@@;@0@;@@;@0,5
"8708939001"@;@405 956@;@@;@2 203@;@2 203@;@2 203@;@@;@408 159@;@0@;@0@;@0,3@;@0@;@0,56
"2905430000"@;@306 405@;@@;@@;@@;@@;@@;@306 405@;@@;@@;@0@;@@;@0,5
"4803001000"@;@199 601@;@@;@2 568 687@;@2 655 467@;@1 699 672@;@85 267@;@2 683 021@;@86 780@;@86 780@;@0,3@;@26 034@;@0,23
"7326903000"@;@1 040 764@;@4 867@;@310 970@;@323 240@;@310 970@;@1 185@;@1 345 682@;@12 270@;@12 270@;@1@;@12 270@;@0,59
"6903209000"@;@645 749@;@@;@91 319@;@91 319@;@91 319@;@@;@737 068@;@0@;@0@;@0,7@;@0@;@0,58
"2001909709"@;@752 260@;@1 425 444@;@@;@@;@@;@@;@752 260@;@@;@@;@0,3@;@@;@0,56
"8703241097"@;@@;@@;@@;@@;@@;@@;@0@;@@;@@;@0,4@;@@;@
"8481808700"@;@310 463@;@1 138@;@81 635@;@321 445@;@116 962@;@394@;@390 566@;@239 810@;@239 810@;@1@;@239 810@;@0,83
"3402119000"@;@@;@@;@928 800@;@967 100@;@888 054@;@41 110@;@888 054@;@38 300@;@@;@0,3@;@@;@
"7201200000"@;@@;@@;@3 572 843@;@3 867 331@;@3 572 843@;@@;@3 572 843@;@294 488@;@@;@0,3@;@@;@
"8438300000"@;@3 421@;@1 150@;@@;@@;@@;@@;@3 421@;@@;@@;@0,3@;@@;@0,56
"2825500000"@;@4@;@@;@@;@@;@@;@@;@4@;@@;@@;@0@;@@;@0,5
"3920621901"@;@7 469 783@;@44 400@;@365 745@;@365 745@;@365 745@;@@;@7 791 128@;@0@;@0@;@0,6@;@0@;@0,6
"9026108900"@;@2 096 909@;@5 936@;@324 623@;@356 532@;@322 794@;@31 564@;@2 384 032@;@31 909@;@31 909@;@1@;@31 909@;@0,64
"205008000"@;@@;@@;@302 734@;@341 439@;@302 398@;@336@;@302 398@;@38 705@;@@;@0,3@;@@;@
"2008207100"@;@10 542@;@@;@@;@@;@@;@@;@10 542@;@@;@@;@0@;@@;@0,5
"8523411000"@;@131 750@;@@;@@;@@;@@;@@;@131 750@;@@;@@;@0@;@@;@0,5
"1508901000"@;@@;@@;@15 321@;@30 642@;@15 321@;@@;@15 321@;@15 321@;@@;@0,3@;@@;@
"9620000001"@;@182 351@;@17@;@@;@@;@@;@@;@182 351@;@@;@@;@0,3@;@@;@0,56
"2309904300"@;@@;@@;@987 343@;@987 343@;@569 729@;@31 678@;@569 729@;@0@;@@;@0,3@;@@;@
"6301901000"@;@32 014@;@@;@198 293@;@216 100@;@198 293@;@@;@230 307@;@17 807@;@17 807@;@0,7@;@12 464,9@;@0,38
"8546209900"@;@@;@@;@29 570@;@29 570@;@29 570@;@@;@29 570@;@0@;@@;@0,3@;@@;@
"6203110000"@;@1 280 233@;@47 632@;@21 763 896@;@14 637 539 189@;@21 676 453@;@1 064 098@;@21 980 031@;@14 615 775 293@;@1 280 233@;@0,6@;@768 139,8@;@100
"9508240000"@;@190 932@;@@;@@;@@;@@;@@;@190 932@;@@;@@;@0@;@@;@0,5
"1003900000"@;@22 924 624@;@@;@@;@@;@@;@@;@22 924 624@;@@;@@;@0,4@;@@;@0,58
"8543703008"@;@80 870@;@5 018@;@@;@@;@@;@@;@80 870@;@@;@@;@0,3@;@@;@0,56
"7010904500"@;@1 117 386@;@1 398 531@;@2 444 157@;@2 444 157@;@1 339 777@;@1 104 380@;@2 457 163@;@0@;@0@;@0,6@;@0@;@0,35
"2921519009"@;@211 687@;@45 108@;@@;@@;@@;@@;@211 687@;@@;@@;@0,3@;@@;@0,56
"9508900000"@;@@;@@;@994 173@;@1 040 978@;@555 951@;@449 291@;@555 951@;@46 805@;@@;@0,3@;@@;@
"3004420000"@;@@;@15@;@@;@@;@@;@@;@0@;@@;@@;@0,3@;@@;@
"0207133000"@;@4 819@;@@;@@;@@;@@;@@;@4 819@;@@;@@;@0@;@@;@0,5
"4407119900"@;@7 477 451@;@@;@@;@@;@@;@@;@7 477 451@;@@;@@;@0,4@;@@;@0,58
"4810991000"@;@12 026@;@@;@4 392@;@4 392@;@4 392@;@@;@16 418@;@0@;@0@;@0,3@;@0@;@0,43
"2306100000"@;@2 244 771@;@964 520@;@167 903 703@;@219 107 727@;@151 359 133@;@28 696 917@;@141 451 557@;@51 204 024@;@2 244 771@;@1@;@2 244 771@;@7,05
"2404190001"@;@5 691@;@@;@@;@@;@@;@@;@5 691@;@@;@@;@0@;@@;@0,5
"8544200001"@;@@;@@;@7 411 169@;@7 411 169@;@7 411 169@;@@;@7 411 169@;@0@;@@;@0,3@;@@;@
"7606910000"@;@275 036@;@700@;@@;@@;@@;@@;@275 036@;@@;@@;@0,3@;@@;@0,56
"406908900"@;@@;@@;@486 443@;@500 456@;@469 163@;@62 937@;@469 163@;@14 013@;@@;@0,3@;@@;@
"2007999701"@;@32 216@;@6 248@;@44 794@;@45 757@;@44 794@;@@;@77 010@;@963@;@963@;@0,6@;@577,8@;@0,34
"7222409000"@;@248 199@;@212@;@790@;@2 765@;@790@;@@;@248 777@;@1 975@;@1 975@;@0,6@;@1 185@;@0,62
"9112200000"@;@1 661@;@@;@@;@@;@@;@@;@1 661@;@@;@@;@0@;@@;@0,5
"4821109000"@;@929 656@;@880 924@;@4 749 448@;@5 142 884@;@4 747 576@;@1 872@;@5 677 232@;@393 436@;@393 436@;@1@;@393 436@;@0,41
"8423829000"@;@1 403 648@;@9 878@;@@;@@;@@;@@;@1 403 648@;@@;@@;@0,3@;@@;@0,56
"9114900008"@;@7 202@;@@;@@;@@;@@;@@;@7 202@;@@;@@;@0@;@@;@0,5
"4804599000"@;@0@;@@;@2 899@;@2 899@;@2 899@;@@;@2 899@;@0@;@@;@0,3@;@@;@
"9503004100"@;@1 151 263@;@16 109@;@46 416@;@48 231@;@46 416@;@@;@1 181 570@;@1 815@;@1 815@;@0,6@;@1 089@;@0,61
"4202921500"@;@13 874@;@@;@@;@@;@@;@@;@13 874@;@@;@@;@0@;@@;@0,5
"4418890000"@;@92 575@;@3 566@;@7 587@;@7 587@;@7 587@;@@;@96 596@;@0@;@0@;@1@;@0@;@0,68
"2616900000"@;@47 655 084@;@@;@311 438@;@311 438@;@311 438@;@@;@47 966 522@;@0@;@0@;@0,3@;@0@;@0,56
"7318190001"@;@35 507@;@@;@92 175@;@97 586@;@91 622@;@553@;@127 129@;@5 411@;@5 411@;@0,3@;@1 623,3@;@0,25
"5209320000"@;@661 675@;@327 797@;@997 161@;@997 161@;@997 161@;@@;@1 658 836@;@0@;@0@;@1@;@0@;@0,4
"401209109"@;@@;@@;@6 103 860@;@6 107 596@;@3 739 427@;@2 333 972@;@3 739 427@;@3 736@;@@;@0,3@;@@;@
"6815910001"@;@154 412@;@@;@@;@@;@@;@@;@154 412@;@@;@@;@0,4@;@@;@0,58
"5402190000"@;@@;@@;@1 149 711@;@1 149 711@;@965 757@;@345 695@;@965 757@;@0@;@@;@0,3@;@@;@
"8518302000"@;@13 804@;@100@;@@;@@;@@;@@;@13 804@;@@;@@;@0,3@;@@;@0,56
"8605000008"@;@13 204 930@;@3 465 897@;@@;@@;@@;@@;@13 204 930@;@@;@@;@0,7@;@@;@0,64
"8501101000"@;@8 682 080@;@317 774@;@26 150 534@;@26 786 804@;@26 150 534@;@2 519 553@;@32 313 061@;@636 270@;@636 270@;@0,6@;@381 762@;@0,28
"2208303001"@;@719 998@;@@;@@;@@;@@;@@;@719 998@;@@;@@;@0@;@@;@0,5
"7601208002"@;@10 079 675@;@11 080 225@;@@;@@;@@;@@;@10 079 675@;@@;@@;@0,3@;@@;@0,56
"8708299009"@;@24 186 202@;@9 479 734@;@14 853 075@;@14 854 500@;@15 160 933@;@517 359@;@38 521 918@;@1 425@;@1 425@;@0,6@;@855@;@0,43
"5606001000"@;@2 223@;@@;@16 189@;@16 189@;@16 189@;@259 946@;@16 189@;@0@;@0@;@0,3@;@0@;@0,13
"5308905000"@;@@;@@;@1 947 531@;@1 947 531@;@1 947 531@;@@;@1 947 531@;@0@;@@;@0,3@;@@;@
"8108903008"@;@107 017@;@@;@@;@@;@@;@@;@107 017@;@@;@@;@0@;@@;@0,5
"8514191000"@;@3 753 575@;@12 333@;@2 278@;@2 278@;@@;@2 278@;@3 741 242@;@0@;@0@;@0,6@;@0@;@0,62
"4601299000"@;@29@;@@;@@;@@;@@;@@;@29@;@@;@@;@0@;@@;@0,5
"8504405509"@;@@;@@;@1 185@;@1 185@;@1 185@;@@;@1 185@;@0@;@@;@0,3@;@@;@
"0406108000"@;@5 967 497@;@2 988@;@@;@@;@@;@@;@5 967 497@;@@;@@;@0,3@;@@;@0,56
"5804299000"@;@27 588@;@@;@60 669@;@75 836@;@60 669@;@@;@88 257@;@15 167@;@15 167@;@0,3@;@4 550,1@;@0,38
"6912002900"@;@344 623@;@555 057@;@@;@@;@@;@@;@344 623@;@@;@@;@0,7@;@@;@0,64
"1518003900"@;@17 927@;@@;@@;@@;@@;@@;@17 927@;@@;@@;@0@;@@;@0,5
"9603909900"@;@633 027@;@2 612@;@444 952@;@482 163@;@442 151@;@10 090@;@1 065 277@;@37 211@;@37 211@;@0,6@;@22 326,6@;@0,43
"7315900000"@;@547 761@;@874@;@20 368@;@24 152@;@19 815@;@553@;@566 702@;@3 784@;@3 784@;@0,6@;@2 270,4@;@0,61
"0206909100"@;@14 700@;@@;@@;@@;@@;@@;@14 700@;@@;@@;@0@;@@;@0,5
"3912201900"@;@119 236@;@@;@@;@@;@@;@@;@119 236@;@@;@@;@0@;@@;@0,5
"7304399801"@;@623 921@;@@;@@;@@;@@;@@;@623 921@;@@;@@;@0@;@@;@0,5
"204100000"@;@@;@@;@1 435 624@;@1 435 624@;@1 435 624@;@11 526@;@1 435 624@;@0@;@@;@0,3@;@@;@
"8474909000"@;@110 562 488@;@84 804@;@1 993 465@;@1 996 934@;@1 551 581@;@317 230@;@112 153 919@;@3 469@;@3 469@;@1@;@3 469@;@0,69
"8462190000"@;@1 390 722@;@630 283@;@@;@@;@@;@@;@1 390 722@;@@;@@;@0,3@;@@;@0,56
"5210290000"@;@4 291@;@6 578@;@90 852@;@90 852@;@90 852@;@@;@95 143@;@0@;@0@;@0,6@;@0@;@0,14
"9403601009"@;@@;@@;@434 820@;@461 755@;@425 796@;@12 961@;@425 796@;@26 935@;@@;@0,3@;@@;@
"8462610015"@;@26 655@;@@;@@;@@;@@;@@;@26 655@;@@;@@;@0@;@@;@0,5
"6403590500"@;@@;@@;@420 103@;@521 068@;@414 937@;@5 166@;@414 937@;@100 965@;@@;@0,3@;@@;@
"3808914000"@;@@;@@;@672 782@;@941 895@;@851 267@;@92 628@;@851 267@;@269 113@;@@;@0,3@;@@;@
"7320202001"@;@432 037@;@584 141@;@@;@@;@@;@@;@432 037@;@@;@@;@0,3@;@@;@0,56
"3305200000"@;@37 329@;@4 489@;@79 816@;@79 816@;@79 816@;@@;@117 145@;@0@;@0@;@0,6@;@0@;@0,28
"8502132000"@;@6 213 481@;@@;@15 800@;@15 800@;@15 800@;@@;@6 229 281@;@0@;@0@;@0,3@;@0@;@0,56
"8407349909"@;@@;@@;@371 576 411@;@523 069 819@;@366 878 586@;@7 156 105@;@366 878 586@;@151 493 408@;@@;@0,3@;@@;@
"7907000009"@;@156 461@;@3 457 580@;@790@;@790@;@790@;@@;@157 251@;@0@;@0@;@0,6@;@0@;@0,62
"8702903190"@;@4 417 445@;@@;@@;@@;@@;@@;@4 417 445@;@@;@@;@0@;@@;@0,5
"7318210009"@;@552 929@;@5 910@;@143 988@;@159 693@;@143 435@;@553@;@690 454@;@15 705@;@15 705@;@1@;@15 705@;@0,61
"7806001000"@;@9 198@;@300@;@790@;@790@;@790@;@@;@9 688@;@0@;@0@;@0,6@;@0@;@0,59
"3910000001"@;@160 461@;@@;@@;@@;@@;@@;@160 461@;@@;@@;@0@;@@;@0,5
"7303009000"@;@202 884@;@79@;@481 362@;@830 024@;@481 362@;@@;@684 246@;@348 662@;@202 884@;@0,6@;@121 730,4@;@0,78
"3824901500"@;@@;@@;@29 125@;@29 125@;@29 125@;@@;@29 125@;@0@;@@;@0,3@;@@;@
"1206009900"@;@3 285 227@;@371 054@;@@;@@;@@;@@;@3 285 227@;@@;@@;@0,3@;@@;@0,56
"8531908500"@;@@;@@;@26 831@;@35 775@;@26 831@;@@;@26 831@;@8 944@;@@;@0,3@;@@;@
"0708200000"@;@7 304@;@7 608@;@@;@@;@@;@@;@7 304@;@@;@@;@0,7@;@@;@0,64
"2835298000"@;@@;@@;@34 692@;@34 692@;@34 692@;@@;@34 692@;@0@;@@;@0,3@;@@;@
"2202991800"@;@11 186 456@;@3 131 600@;@@;@@;@@;@@;@11 186 456@;@@;@@;@0,7@;@@;@0,64
"4304000000"@;@230 171@;@244 902@;@573 683@;@904 994@;@552 712@;@21 014@;@782 840@;@331 311@;@230 171@;@0,6@;@138 102,6@;@0,7
"8716909000"@;@20 358 708@;@64 823@;@432 500@;@754 218@;@331 252@;@101 248@;@20 625 137@;@321 718@;@321 718@;@0,6@;@193 030,8@;@0,62
"8483303809"@;@999 297@;@2 238@;@31 332@;@32 050@;@31 219@;@113@;@1 028 278@;@718@;@718@;@1@;@718@;@0,69
"3824994500"@;@2 002 094@;@123 362@;@@;@@;@@;@@;@2 002 094@;@@;@@;@0,7@;@@;@0,64
"8527215901"@;@16 646 482@;@@;@@;@@;@@;@@;@16 646 482@;@@;@@;@0@;@@;@0,5
"8531209500"@;@411 565@;@1 199@;@189 500@;@189 500@;@189 500@;@@;@599 866@;@0@;@0@;@0,6@;@0@;@0,46
"2825908500"@;@244@;@@;@@;@@;@@;@@;@244@;@@;@@;@0@;@@;@0,5
"2001901000"@;@159@;@@;@6 596 687@;@6 626 666@;@5 331 991@;@1 407 495@;@5 189 351@;@29 979@;@159@;@0,3@;@47,7@;@56,62
"1517909100"@;@3 523 592@;@2 658 814@;@1 158 678@;@1 232 012@;@1 158 678@;@@;@4 682 270@;@73 334@;@73 334@;@0,6@;@44 000,4@;@0,5
"8207403000"@;@296 746@;@262@;@1 503 290@;@1 503 290@;@1 259 345@;@119 292@;@1 680 744@;@0@;@0@;@1@;@0@;@0,29
"4814100000"@;@@;@@;@932 534@;@980 712@;@926 008@;@187 413@;@926 008@;@48 178@;@@;@0,3@;@@;@
"1209298000"@;@800 806@;@25 728@;@@;@@;@@;@@;@800 806@;@@;@@;@0,7@;@@;@0,64
"0203295500"@;@802 471@;@@;@@;@@;@@;@@;@802 471@;@@;@@;@0@;@@;@0,5
"9401590000"@;@10 611@;@8 963@;@1 114 105@;@1 129 825@;@1 106 900@;@7 205@;@1 117 511@;@15 720@;@10 611@;@1@;@10 611@;@0,65
"5007206900"@;@@;@26 664 129@;@611 647@;@662 618@;@611 647@;@@;@611 647@;@50 971@;@@;@0,6@;@@;@
"8418108009"@;@9 837@;@150@;@@;@@;@@;@@;@9 837@;@@;@@;@0,3@;@@;@0,56
"5602900000"@;@797 494@;@7 800@;@@;@@;@@;@@;@797 494@;@@;@@;@0,3@;@@;@0,56
"2005600000"@;@21@;@@;@@;@@;@@;@@;@21@;@@;@@;@0@;@@;@0,5
"2907290000"@;@45 454@;@198 000@;@@;@@;@@;@@;@45 454@;@@;@@;@0,7@;@@;@0,64
"7326909805"@;@59 171@;@@;@790@;@790@;@790@;@@;@59 961@;@0@;@0@;@0,3@;@0@;@0,55
"7607111101"@;@2 860@;@@;@@;@@;@@;@@;@2 860@;@@;@@;@0@;@@;@0,5
"7004908000"@;@344@;@1 000@;@159 251@;@303 335@;@159 251@;@@;@159 595@;@144 084@;@344@;@0,6@;@206,4@;@100
"2711210000"@;@1 604 028 413@;@648 330 097@;@2 549 911 748@;@3 575 993 997@;@2 398 330 470@;@56 793 533@;@4 097 146 628@;@1 026 082 249@;@1 026 082 249@;@0,6@;@615 649 349,4@;@0,51
"1704909800"@;@7 527 925@;@1 086 150@;@2 586 616@;@2 988 979@;@2 549 414@;@69 763@;@8 958 628@;@402 363@;@402 363@;@1@;@402 363@;@0,64
"2912290000"@;@21 039@;@@;@@;@@;@@;@@;@21 039@;@@;@@;@0@;@@;@0,5
"5407201900"@;@1 121 057@;@23 842@;@@;@@;@@;@@;@1 121 057@;@@;@@;@0,3@;@@;@0,56
"9012909000"@;@1 000@;@@;@@;@@;@@;@@;@1 000@;@@;@@;@0@;@@;@0,5
"6002900000"@;@96 026@;@@;@5 793 128@;@5 922 271@;@5 777 481@;@60 663@;@5 828 491@;@129 143@;@96 026@;@0,3@;@28 807,8@;@0,47
"8481808110"@;@28 931@;@@;@178 932@;@178 932@;@178 538@;@394@;@207 469@;@0@;@0@;@0,7@;@0@;@0,21
"4010110000"@;@7 891 555@;@@;@2 036 723@;@21 455 053@;@2 548 206@;@915 056@;@9 013 222@;@19 418 330@;@7 891 555@;@0,7@;@5 524 088,5@;@1,32
"3920599000"@;@180 018@;@@;@@;@@;@@;@@;@180 018@;@@;@@;@0@;@@;@0,5
"9403910000"@;@1 680 627@;@640 034@;@1 765 886@;@1 812 610@;@1 765 886@;@49 247@;@3 397 266@;@46 724@;@46 724@;@1@;@46 724@;@0,46
"7010906100"@;@@;@@;@3 367 091@;@4 251 378@;@3 154 522@;@674 063@;@3 154 522@;@884 287@;@@;@0,3@;@@;@
"4403248000"@;@239 607@;@@;@@;@@;@@;@@;@239 607@;@@;@@;@0@;@@;@0,5
"8417100000"@;@3 094 530@;@10 600@;@@;@@;@@;@@;@3 094 530@;@@;@@;@0,3@;@@;@0,56
"8471703000"@;@41 292@;@@;@@;@@;@@;@@;@41 292@;@@;@@;@0@;@@;@0,5
"7308905100"@;@6 630 879@;@5 351 813@;@86 710 887@;@95 030 471@;@85 418 744@;@5 325 762@;@88 016 004@;@8 319 584@;@6 630 879@;@1@;@6 630 879@;@0,61
"4107919000"@;@@;@5 850@;@@;@@;@@;@@;@0@;@@;@@;@0,3@;@@;@
"8527990000"@;@75 586@;@168@;@@;@@;@@;@@;@75 586@;@@;@@;@0,3@;@@;@0,56
"8716395009"@;@2 111 797@;@20 148@;@505 612@;@545 113@;@308 109@;@197 504@;@2 399 757@;@39 501@;@39 501@;@1@;@39 501@;@0,65
"5211430000"@;@27 285@;@@;@@;@@;@@;@@;@27 285@;@@;@@;@0@;@@;@0,5
"406906900"@;@@;@@;@24 616@;@24 616@;@24 616@;@@;@24 616@;@0@;@@;@0,3@;@@;@
"7804190000"@;@834 314@;@@;@58 590@;@58 590@;@45 570@;@13 020@;@879 884@;@0@;@0@;@0,3@;@0@;@0,53
"7103100008"@;@334 765@;@272 164@;@@;@@;@@;@@;@334 765@;@@;@@;@0,3@;@@;@0,56
"0405203000"@;@84 714@;@@;@@;@@;@@;@@;@84 714@;@@;@@;@0@;@@;@0,5
"9021290009"@;@4 790 312@;@21 112@;@@;@@;@@;@@;@4 790 312@;@@;@@;@0,3@;@@;@0,56
"0710210000"@;@147 542@;@2 199@;@@;@@;@@;@@;@147 542@;@@;@@;@0,3@;@@;@0,56
"7019190000"@;@167 662@;@8 313@;@9 188@;@9 188@;@9 188@;@@;@168 537@;@0@;@0@;@1@;@0@;@0,7
"4703210009"@;@23 382 382@;@@;@@;@@;@@;@@;@23 382 382@;@@;@@;@0@;@@;@0,5
"4202390000"@;@2 264@;@735@;@@;@@;@@;@@;@2 264@;@@;@@;@0,3@;@@;@0,56
"8514390000"@;@11 400 741@;@31 805@;@5 925@;@5 925@;@5 925@;@@;@11 374 861@;@0@;@0@;@0,6@;@0@;@0,62
"8406810000"@;@15 529 395@;@@;@@;@@;@@;@@;@15 529 395@;@@;@@;@0@;@@;@0,5
"9011109000"@;@521 941@;@19 642@;@@;@@;@@;@@;@521 941@;@@;@@;@0,3@;@@;@0,56
"2932130000"@;@48 150@;@@;@@;@@;@@;@@;@48 150@;@@;@@;@0@;@@;@0,5
"7207121000"@;@97 859 709@;@@;@6 205@;@7 756@;@6 205@;@@;@97 865 914@;@1 551@;@1 551@;@0,3@;@465,3@;@0,56
"2918290000"@;@113 007@;@@;@@;@@;@@;@@;@113 007@;@@;@@;@0,4@;@@;@0,58
"9019109009"@;@602 441@;@56 307@;@58 014@;@58 014@;@39 812@;@23 360@;@580 788@;@0@;@0@;@1@;@0@;@0,72
"7228307000"@;@1 751@;@@;@@;@@;@@;@@;@1 751@;@@;@@;@0@;@@;@0,5
"3105609000"@;@@;@@;@2 449 089@;@2 449 089@;@1 646 845@;@802 244@;@1 646 845@;@0@;@@;@0,3@;@@;@
"6003200000"@;@7@;@@;@1 735 788@;@3 307 012@;@1 235 939@;@142 868@;@1 592 927@;@1 571 224@;@7@;@0,3@;@2,1@;@100
"5509690000"@;@264 618@;@95 493@;@@;@@;@@;@@;@264 618@;@@;@@;@0,3@;@@;@0,56
"3921909000"@;@4 862 584@;@8 611@;@2 894 718@;@2 897 541@;@1 755 084@;@1 140 378@;@6 608 313@;@2 823@;@2 823@;@1@;@2 823@;@0,57
"207111009"@;@@;@@;@32 086 818@;@33 834 957@;@31 376 284@;@1 545 130@;@31 376 284@;@1 748 139@;@@;@0,3@;@@;@
"3905999010"@;@594 672@;@@;@@;@@;@@;@@;@594 672@;@@;@@;@0@;@@;@0,5
"9506999000"@;@9 331 681@;@23 852@;@1 936 712@;@1 943 128@;@1 298 640@;@753 791@;@10 490 750@;@6 416@;@6 416@;@1@;@6 416@;@0,64
"6005389000"@;@2 407 731@;@@;@75 788@;@75 788@;@75 788@;@@;@2 483 519@;@0@;@0@;@0,3@;@0@;@0,54
"5504100000"@;@7 767 688@;@4 391 146@;@@;@@;@@;@@;@7 767 688@;@@;@@;@0,3@;@@;@0,56
"8112929100"@;@293@;@@;@@;@@;@@;@@;@293@;@@;@@;@0@;@@;@0,5
"1516209801"@;@14 069 877@;@150@;@@;@@;@@;@@;@14 069 877@;@@;@@;@0,3@;@@;@0,56
"7606122001"@;@6 215@;@@;@@;@@;@@;@@;@6 215@;@@;@@;@0@;@@;@0,5
"9108110000"@;@654@;@@;@@;@@;@@;@@;@654@;@@;@@;@0@;@@;@0,5
"2103200000"@;@4 195 477@;@59 226@;@8 015 307@;@8 157 248@;@5 796 373@;@87 123@;@12 123 661@;@141 941@;@141 941@;@1@;@141 941@;@0,38
"6603901000"@;@5 772@;@@;@@;@@;@@;@@;@5 772@;@@;@@;@0@;@@;@0,5
"6907239003"@;@348 043@;@12 990 177@;@4 494 619@;@4 500 958@;@2 736 187@;@3 525 149@;@1 317 513@;@6 339@;@6 339@;@0,6@;@3 803,4@;@0,26
"2306200000"@;@31 586@;@@;@@;@@;@@;@@;@31 586@;@@;@@;@0@;@@;@0,5
"8460121001"@;@33 585@;@@;@@;@@;@@;@@;@33 585@;@@;@@;@0@;@@;@0,5
"3926300000"@;@9 642 307@;@372 383@;@9 568 884@;@11 323 084@;@9 506 918@;@1 123 769@;@18 087 422@;@1 754 200@;@1 754 200@;@1@;@1 754 200@;@0,52
"2009311100"@;@@;@@;@551 064@;@619 015@;@564 038@;@47 312@;@564 038@;@67 951@;@@;@0,3@;@@;@
"3105908000"@;@2 581 409@;@27 500@;@4 770 099@;@23 850 495@;@3 812 362@;@520 842@;@6 830 666@;@19 080 396@;@2 581 409@;@0,6@;@1 548 845,4@;@2,53
"3212900000"@;@9 578 214@;@27 708@;@602 673@;@1 210 168@;@589 063@;@500 040@;@9 653 139@;@607 495@;@607 495@;@1@;@607 495@;@0,72
"6005395000"@;@@;@@;@80 795@;@80 795@;@80 795@;@@;@80 795@;@0@;@@;@0,3@;@@;@
"8534001100"@;@407 941@;@@;@3 698@;@3 698@;@3 698@;@@;@411 639@;@0@;@0@;@0,3@;@0@;@0,56
"5806390000"@;@8 359@;@269@;@@;@@;@@;@@;@8 359@;@@;@@;@0,3@;@@;@0,56
"6204691100"@;@2 023@;@@;@490 630@;@537 535@;@486 604@;@510 901@;@486 604@;@46 905@;@2 023@;@0,3@;@606,9@;@7,02
"8443393900"@;@799@;@@;@@;@@;@@;@@;@799@;@@;@@;@0@;@@;@0,5
"8539299800"@;@7 832@;@@;@@;@@;@@;@@;@7 832@;@@;@@;@0@;@@;@0,5
"7014000000"@;@141 951@;@@;@151 824@;@237 914@;@112 112@;@110 954@;@182 821@;@86 090@;@86 090@;@0,3@;@25 827@;@0,63
"8433591900"@;@812 844@;@@;@@;@@;@@;@@;@812 844@;@@;@@;@0@;@@;@0,5
"7019150000"@;@629 803@;@@;@7 775@;@7 775@;@7 775@;@@;@637 578@;@0@;@0@;@0,3@;@0@;@0,55
"9013900000"@;@32 882@;@@;@@;@@;@@;@@;@32 882@;@@;@@;@0@;@@;@0,5
"1702301000"@;@@;@@;@235 914@;@235 914@;@235 914@;@@;@235 914@;@0@;@@;@0,3@;@@;@
"2008996701"@;@185@;@@;@@;@@;@@;@@;@185@;@@;@@;@0@;@@;@0,5
"9504908009"@;@1 048 744@;@376@;@@;@@;@@;@@;@1 048 744@;@@;@@;@0,7@;@@;@0,64
"7602009000"@;@1 543 092@;@@;@1 706 016@;@1 706 016@;@1 697 899@;@15 642@;@3 233 466@;@0@;@0@;@0,3@;@0@;@0,3
"3006103009"@;@98 154@;@@;@@;@@;@@;@@;@98 154@;@@;@@;@0@;@@;@0,5
"8482400009"@;@367 330@;@1 600 628@;@3 467 051@;@3 667 011@;@2 738 036@;@620 161@;@3 214 220@;@199 960@;@199 960@;@1@;@199 960@;@0,42
"8501617000"@;@515 969@;@@;@1 437@;@1 437@;@874@;@563@;@516 843@;@0@;@0@;@0,3@;@0@;@0,56
"0209101100"@;@872 150@;@@;@@;@@;@@;@@;@872 150@;@@;@@;@0@;@@;@0,5
"0511998599"@;@134@;@347 573@;@@;@@;@@;@@;@134@;@@;@@;@0,3@;@@;@0,56
"8519816101"@;@1 808@;@@;@@;@@;@@;@@;@1 808@;@@;@@;@0@;@@;@0,5
"6306220000"@;@371 390@;@482 289@;@2 276 641@;@2 305 206@;@1 225 783@;@1 050 858@;@1 597 173@;@28 565@;@28 565@;@0,6@;@17 139@;@0,26
"3707902000"@;@142 576@;@10 880@;@@;@@;@@;@@;@142 576@;@@;@@;@0,3@;@@;@0,56
"7224101000"@;@10 786@;@@;@43 961@;@43 961@;@43 961@;@11 850@;@42 897@;@0@;@0@;@0,3@;@0@;@0,19
"1604203000"@;@55 743@;@@;@@;@@;@@;@@;@55 743@;@@;@@;@0@;@@;@0,5
"9401301000"@;@@;@@;@201 735@;@205 849@;@201 735@;@31 423@;@201 735@;@4 114@;@@;@0,3@;@@;@
"6907219009"@;@35 209 697@;@33 570 845@;@11 996 295@;@11 996 295@;@9 439 041@;@2 557 254@;@44 648 738@;@0@;@0@;@0,6@;@0@;@0,51
"7013229000"@;@10 251@;@@;@@;@@;@@;@@;@10 251@;@@;@@;@0@;@@;@0,5
"6802921000"@;@@;@@;@27 308@;@27 308@;@27 308@;@@;@27 308@;@0@;@@;@0,3@;@@;@
"1604170000"@;@1 066 072@;@@;@@;@@;@@;@@;@1 066 072@;@@;@@;@0@;@@;@0,5
"8450119000"@;@49 780 831@;@15 929 970@;@4 063 066@;@4 513 313@;@4 061 915@;@1 581 060@;@36 332 867@;@450 247@;@450 247@;@1@;@450 247@;@0,89
"0604909100"@;@100@;@3 490@;@@;@@;@@;@@;@100@;@@;@@;@0,3@;@@;@0,56
"4009220001"@;@8 010 537@;@180 703@;@167 535@;@167 535@;@167 535@;@@;@7 997 369@;@0@;@0@;@0,6@;@0@;@0,62
"4203210000"@;@131 035@;@3 301@;@8 769@;@8 769@;@8 769@;@@;@136 503@;@0@;@0@;@1@;@0@;@0,68
"8443110000"@;@50 040@;@@;@@;@@;@@;@@;@50 040@;@@;@@;@0@;@@;@0,5
"8417805000"@;@21 834 560@;@321 000@;@@;@@;@@;@@;@21 834 560@;@@;@@;@0,3@;@@;@0,56
"9016009000"@;@82 156@;@11 234@;@@;@@;@@;@@;@82 156@;@@;@@;@0,3@;@@;@0,56
"2710198200"@;@79 953 020@;@5 063 920@;@24 126 789@;@32 399 460@;@29 147 381@;@3 714 381@;@95 301 508@;@8 272 671@;@8 272 671@;@1@;@8 272 671@;@0,65
"8458114109"@;@708 234@;@@;@@;@@;@@;@@;@708 234@;@@;@@;@0@;@@;@0,5
"2009905901"@;@18 521@;@@;@@;@@;@@;@@;@18 521@;@@;@@;@0@;@@;@0,5
"8504312909"@;@@;@@;@@;@@;@@;@@;@0@;@@;@@;@0,4@;@@;@
"9505109000"@;@1 811 768@;@56 931@;@@;@@;@@;@@;@1 811 768@;@@;@@;@0,7@;@@;@0,64
"1702909500"@;@701 517@;@@;@@;@@;@@;@@;@701 517@;@@;@@;@0@;@@;@0,5
"8409990009"@;@37 871 784@;@361 884@;@1 569 770@;@1 569 770@;@1 331 788@;@115 895@;@38 963 775@;@0@;@0@;@1@;@0@;@0,69
"7304299001"@;@252 739@;@@;@@;@@;@@;@@;@252 739@;@@;@@;@0@;@@;@0,5
"8477100001"@;@10 551 830@;@@;@49 217@;@50 559@;@49 217@;@@;@10 601 047@;@1 342@;@1 342@;@0,3@;@402,6@;@0,56
"2208403100"@;@16 659@;@@;@@;@@;@@;@@;@16 659@;@@;@@;@0@;@@;@0,5
"3814001000"@;@1 139 529@;@4 352@;@2 465 136@;@2 469 704@;@2 174 068@;@291 068@;@3 313 597@;@4 568@;@4 568@;@1@;@4 568@;@0,37
"7103910003"@;@10 305@;@@;@@;@@;@@;@@;@10 305@;@@;@@;@0@;@@;@0,5
"4408901502"@;@5 964@;@@;@@;@@;@@;@@;@5 964@;@@;@@;@0@;@@;@0,5
"0106190099"@;@837 583@;@101 579@;@@;@@;@@;@@;@837 583@;@@;@@;@0,3@;@@;@0,56
"8903329900"@;@173 463@;@@;@@;@@;@@;@@;@173 463@;@@;@@;@0@;@@;@0,5
"8438801000"@;@385 297@;@202@;@@;@@;@@;@@;@385 297@;@@;@@;@0,3@;@@;@0,56
"8418509900"@;@@;@@;@9 480@;@9 480@;@9 480@;@@;@9 480@;@0@;@@;@0,3@;@@;@
"8518220000"@;@2 084 348@;@13@;@@;@@;@@;@@;@2 084 348@;@@;@@;@0,7@;@@;@0,64
"4420101900"@;@@;@@;@31 611@;@39 514@;@31 611@;@@;@31 611@;@7 903@;@@;@0,3@;@@;@
"2103309000"@;@182 203@;@391@;@69 374@;@71 921@;@69 029@;@1 546@;@249 640@;@2 547@;@2 547@;@1@;@2 547@;@0,57
"8519815509"@;@275@;@@;@@;@@;@@;@@;@275@;@@;@@;@0@;@@;@0,5
"6907409003"@;@71@;@6 172 533@;@@;@@;@@;@@;@71@;@@;@@;@0,3@;@@;@0,56
"9403105801"@;@@;@@;@174 377@;@185 867@;@174 377@;@@;@174 377@;@11 490@;@@;@0,7@;@@;@
"8414807800"@;@7 965 079@;@@;@24 727@;@24 727@;@24 727@;@@;@7 989 806@;@0@;@0@;@0,3@;@0@;@0,56
"7326208000"@;@@;@@;@18 537@;@18 537@;@18 537@;@190@;@18 537@;@0@;@@;@0,3@;@@;@
"2933299000"@;@632 033@;@10@;@@;@@;@@;@@;@632 033@;@@;@@;@0,3@;@@;@0,56
"0201202000"@;@154 641 019@;@@;@@;@@;@@;@@;@154 641 019@;@@;@@;@0@;@@;@0,5
"0810902000"@;@366 175@;@@;@@;@@;@@;@@;@366 175@;@@;@@;@0@;@@;@0,5
"8501522009"@;@5 451 583@;@4 530@;@380 739@;@693 189@;@380 739@;@@;@5 827 792@;@312 450@;@312 450@;@1@;@312 450@;@0,68
"1901909100"@;@@;@@;@5 809 076@;@5 835 892@;@5 721 841@;@146 340@;@5 721 841@;@26 816@;@@;@0,3@;@@;@
"6110309900"@;@3 515 192@;@1 123 336@;@7 900@;@7 900@;@7 900@;@@;@2 399 756@;@0@;@0@;@0,6@;@0@;@0,85
"3105200000"@;@@;@@;@12 485 315@;@12 485 315@;@1 237 099@;@11 248 216@;@1 237 099@;@0@;@@;@0,3@;@@;@
"3204150000"@;@1 050 959@;@663 925@;@683 646@;@683 646@;@671 622@;@38 478@;@1 696 127@;@0@;@0@;@0,6@;@0@;@0,43
"0910910500"@;@5 666@;@@;@@;@@;@@;@@;@5 666@;@@;@@;@0@;@@;@0,5
"9025112001"@;@298 201@;@66@;@@;@@;@@;@@;@298 201@;@@;@@;@0,3@;@@;@0,56
"2009891902"@;@63 570@;@@;@@;@@;@@;@@;@63 570@;@@;@@;@0@;@@;@0,5
"1602100010"@;@81 831@;@@;@@;@@;@@;@@;@81 831@;@@;@@;@0@;@@;@0,5
"3406000000"@;@627 813@;@7 382@;@428 891@;@452 980@;@438 539@;@135 320@;@914 002@;@24 089@;@24 089@;@0,6@;@14 453,4@;@0,47
"3905120000"@;@566 109@;@@;@5 270@;@6 324@;@2 287@;@2 983@;@568 396@;@1 054@;@1 054@;@0,7@;@737,8@;@0,64
"6103410000"@;@80 030@;@92 127@;@100 829@;@109 538@;@100 829@;@@;@180 859@;@8 709@;@8 709@;@0,6@;@5 225,4@;@0,37
"8532240000"@;@399 530@;@@;@@;@@;@@;@@;@399 530@;@@;@@;@0@;@@;@0,5
"6804210000"@;@1 864 688@;@1 778@;@79 001@;@79 001@;@79 001@;@@;@1 941 911@;@0@;@0@;@0,6@;@0@;@0,6
"9207108000"@;@1 742@;@@;@@;@@;@@;@@;@1 742@;@@;@@;@0@;@@;@0,5
"8487905700"@;@1 625@;@@;@@;@@;@@;@@;@1 625@;@@;@@;@0@;@@;@0,5
"7302900000"@;@5 115 097@;@@;@1 460 346@;@1 460 346@;@1 260 641@;@75 051@;@6 500 392@;@0@;@0@;@0,7@;@0@;@0,53
"6202121000"@;@@;@@;@8 121 608@;@8 121 608@;@232 735@;@7 888 875@;@232 735@;@0@;@@;@0,3@;@@;@
"8433900000"@;@67 220 059@;@114 363@;@37 596@;@42 087@;@37 596@;@@;@67 143 292@;@4 491@;@4 491@;@0,6@;@2 694,6@;@0,62
"1515501100"@;@@;@@;@1 299 658@;@1 299 658@;@1 378 918@;@682 385@;@1 378 918@;@0@;@@;@0,3@;@@;@
"8548909000"@;@@;@@;@47 882 453@;@49 082 241@;@30 584 648@;@26 381 624@;@30 584 648@;@1 199 788@;@@;@0,3@;@@;@
"2912210000"@;@157@;@@;@@;@@;@@;@@;@157@;@@;@@;@0@;@@;@0,5
"8471500000"@;@132 779 452@;@455 824@;@72 619@;@72 619@;@72 619@;@@;@132 396 247@;@0@;@0@;@1@;@0@;@0,7
"8515110000"@;@179 312@;@@;@@;@@;@@;@@;@179 312@;@@;@@;@0@;@@;@0,5
"8528699000"@;@453 806@;@@;@@;@@;@@;@@;@453 806@;@@;@@;@0@;@@;@0,5
"8507102002"@;@277 028@;@143 310@;@@;@@;@@;@@;@277 028@;@@;@@;@0,3@;@@;@0,56
"8105900009"@;@38 643@;@@;@@;@@;@@;@@;@38 643@;@@;@@;@0@;@@;@0,5
"8708949109"@;@14 112@;@2 117@;@@;@@;@@;@@;@14 112@;@@;@@;@0,3@;@@;@0,56
"1806909000"@;@1 214 096@;@67 468@;@69 743@;@69 743@;@69 743@;@@;@1 216 371@;@0@;@0@;@0,6@;@0@;@0,62
"5311001000"@;@@;@@;@2 299 522@;@3 040 736@;@1 490 534@;@217 030@;@1 490 534@;@741 214@;@@;@0,3@;@@;@
"8207903000"@;@99 681@;@1 528@;@30 021@;@30 021@;@30 021@;@@;@128 174@;@0@;@0@;@0,6@;@0@;@0,51
"4104195900"@;@22 254@;@@;@@;@@;@@;@@;@22 254@;@@;@@;@0@;@@;@0,5
"5206230006"@;@@;@3 485@;@@;@@;@@;@@;@0@;@@;@@;@0,3@;@@;@
"3812390000"@;@15 511 962@;@90 683@;@2 128 762@;@2 168 671@;@1 134 607@;@222 551@;@17 327 490@;@39 909@;@39 909@;@1@;@39 909@;@0,65
"0602904500"@;@221 087@;@85 632@;@@;@@;@@;@@;@221 087@;@@;@@;@0,7@;@@;@0,64
"3901201000"@;@52 620@;@@;@3 478 290@;@3 478 290@;@3 479 790@;@@;@3 530 910@;@0@;@0@;@0,3@;@0@;@0,07
"6101301000"@;@54 394@;@52 036@;@3 160@;@3 160@;@3 160@;@@;@57 554@;@0@;@0@;@1@;@0@;@0,67
"2912600000"@;@56@;@@;@@;@@;@@;@@;@56@;@@;@@;@0@;@@;@0,5
"5702420000"@;@@;@@;@5 461 099@;@6 262 728@;@6 013 418@;@1 007 186@;@6 013 418@;@801 629@;@@;@0,3@;@@;@
"8207901000"@;@2 291 125@;@@;@@;@@;@@;@@;@2 291 125@;@@;@@;@0,4@;@@;@0,58
"2711121100"@;@142 714@;@@;@43 513 307@;@49 109 265@;@41 872 938@;@66 430@;@43 589 591@;@5 595 958@;@142 714@;@0,3@;@42 814,2@;@11,82
"7606119300"@;@2 582 206@;@@;@@;@@;@@;@@;@2 582 206@;@@;@@;@0,4@;@@;@0,58
"0712905000"@;@24 000@;@7 101 246@;@@;@@;@@;@@;@24 000@;@@;@@;@0,3@;@@;@0,56
"402109900"@;@@;@@;@865 367@;@880 942@;@771 945@;@93 422@;@771 945@;@15 575@;@@;@0,3@;@@;@
"406906300"@;@@;@@;@1 362 327@;@1 396 042@;@1 362 327@;@@;@1 362 327@;@33 715@;@@;@0,3@;@@;@
"2833210000"@;@806 138@;@4 365@;@181 759@;@181 759@;@181 759@;@@;@983 532@;@0@;@0@;@1@;@0@;@0,61
"2903460000"@;@269 688@;@@;@@;@@;@@;@@;@269 688@;@@;@@;@0@;@@;@0,5
"9006610000"@;@2 819@;@@;@@;@@;@@;@@;@2 819@;@@;@@;@0@;@@;@0,5
"2826199000"@;@48 544@;@@;@@;@@;@@;@@;@48 544@;@@;@@;@0@;@@;@0,5
"6111901100"@;@821@;@@;@9 422 891@;@10 113 017@;@7 313 968@;@6 854 004@;@2 569 708@;@690 126@;@821@;@0,3@;@246,3@;@100
"2922120000"@;@336 640@;@56@;@@;@@;@@;@@;@336 640@;@@;@@;@0,3@;@@;@0,56
"3921140000"@;@7 734@;@@;@1 665 626@;@1 675 320@;@1 665 626@;@11 840@;@1 661 520@;@9 694@;@7 734@;@0,3@;@2 320,2@;@0,44
"2516110000"@;@228 137@;@19 024@;@29 017 784@;@29 059 558@;@27 386 911@;@7 479 842@;@21 766 079@;@41 774@;@41 774@;@0,6@;@25 064,4@;@0,18
"2009712001"@;@@;@@;@230 641@;@236 325@;@228 233@;@9 708@;@228 233@;@5 684@;@@;@0,3@;@@;@
"3505203000"@;@375 141@;@@;@@;@@;@@;@@;@375 141@;@@;@@;@0@;@@;@0,5
"8462900094"@;@95 614@;@420@;@@;@@;@@;@@;@95 614@;@@;@@;@0,3@;@@;@0,56
"9405109801"@;@@;@@;@68 421@;@89 240@;@68 421@;@@;@68 421@;@20 819@;@@;@0,3@;@@;@
"2909199000"@;@5 384 929@;@@;@@;@@;@@;@@;@5 384 929@;@@;@@;@0@;@@;@0,5
"8536508000"@;@4 863 887@;@81 654@;@38 760@;@38 760@;@59 981@;@2 520@;@4 818 473@;@0@;@0@;@1@;@0@;@0,7
"2825300000"@;@51 035@;@@;@@;@@;@@;@@;@51 035@;@@;@@;@0@;@@;@0,5
"4601920500"@;@489@;@@;@@;@@;@@;@@;@489@;@@;@@;@0@;@@;@0,5
"8425390002"@;@199 540@;@@;@31 743@;@31 743@;@31 743@;@@;@231 283@;@0@;@0@;@0,7@;@0@;@0,57
"6110909000"@;@344 211@;@1 772 904@;@22 385 769@;@22 777 779@;@13 398 566@;@9 523 701@;@13 206 279@;@392 010@;@344 211@;@1@;@344 211@;@0,55
"8502206000"@;@9 783@;@200 000@;@@;@@;@@;@@;@9 783@;@@;@@;@0,3@;@@;@0,56
"5801210000"@;@786@;@@;@2 733 842@;@2 733 842@;@2 673 126@;@375 019@;@2 359 609@;@0@;@0@;@0,3@;@0@;@0,06
"2105009100"@;@1 401 145@;@12 028@;@904 685@;@1 018 264@;@916 342@;@14 195@;@2 279 607@;@113 579@;@113 579@;@0,6@;@68 147,4@;@0,45
"9401710001"@;@@;@@;@3 632 075@;@3 766 673@;@999 178@;@2 692 036@;@999 178@;@134 598@;@@;@0,7@;@@;@
"6810910000"@;@698 102@;@812 092@;@182 158 026@;@199 316 027@;@157 244 046@;@32 786 970@;@150 069 158@;@17 158 001@;@698 102@;@1@;@698 102@;@7,58
"4009410000"@;@1 389 467@;@7 733@;@2 100 471@;@2 120 188@;@2 091 408@;@906@;@3 489 032@;@19 717@;@19 717@;@0,6@;@11 830,2@;@0,32
"8704219200"@;@1 609 164@;@106 684@;@251 215@;@287 103@;@251 215@;@@;@1 753 695@;@35 888@;@35 888@;@0,6@;@21 532,8@;@0,59
"9606100000"@;@1 176 919@;@14 897@;@179 358@;@200 637@;@163 683@;@30 020@;@1 311 360@;@21 279@;@21 279@;@0,6@;@12 767,4@;@0,57
"0403905102"@;@3 211@;@@;@@;@@;@@;@@;@3 211@;@@;@@;@0,4@;@@;@0,58
"2916391000"@;@74@;@@;@@;@@;@@;@@;@74@;@@;@@;@0@;@@;@0,5
"1905902000"@;@22 233@;@460@;@@;@@;@@;@@;@22 233@;@@;@@;@0,3@;@@;@0,56
"2008994100"@;@31 938@;@@;@@;@@;@@;@@;@31 938@;@@;@@;@0@;@@;@0,5
"7310211901"@;@54@;@@;@@;@@;@@;@@;@54@;@@;@@;@0@;@@;@0,5
"8453800000"@;@268 181@;@@;@@;@@;@@;@@;@268 181@;@@;@@;@0@;@@;@0,5
"8504320002"@;@3 181 473@;@@;@108 302@;@108 302@;@108 302@;@@;@3 289 775@;@0@;@0@;@0,3@;@0@;@0,54
"0713310001"@;@4 011 879@;@99 378 738@;@@;@@;@@;@@;@4 011 879@;@@;@@;@0,7@;@@;@0,64
"8101960000"@;@112 195@;@225@;@@;@@;@@;@@;@112 195@;@@;@@;@0,3@;@@;@0,56
"3204160000"@;@27 828 179@;@308 053@;@888 612@;@1 657 858@;@888 612@;@409 056@;@27 999 682@;@769 246@;@769 246@;@0,6@;@461 547,6@;@0,63
"7216311000"@;@19 405 845@;@24 771@;@162 182@;@215 368@;@117 897@;@86 941@;@19 456 315@;@53 186@;@53 186@;@1@;@53 186@;@0,7
"8455220008"@;@3 725 136@;@@;@790@;@8 690@;@790@;@@;@3 725 926@;@7 900@;@7 900@;@0,3@;@2 370@;@0,56
"7207129000"@;@@;@@;@1 495@;@1 495@;@1 495@;@@;@1 495@;@0@;@@;@0,3@;@@;@
"8479400000"@;@3 768 296@;@@;@@;@@;@@;@@;@3 768 296@;@@;@@;@0@;@@;@0,5
"6203329000"@;@173 488@;@549 513@;@426 801@;@426 801@;@381 205@;@82 829@;@517 460@;@0@;@0@;@1@;@0@;@0,37
"8543703002"@;@11 722 555@;@@;@16 884@;@16 884@;@16 884@;@@;@11 739 439@;@0@;@0@;@0,3@;@0@;@0,56
"3702430000"@;@22 319@;@@;@@;@@;@@;@@;@22 319@;@@;@@;@0@;@@;@0,5
"1515901100"@;@77@;@@;@438 774@;@569 836@;@438 774@;@235 923@;@202 928@;@131 062@;@77@;@0,3@;@23,1@;@100
"402911000"@;@@;@@;@2 848 399@;@2 976 897@;@2 696 792@;@151 608@;@2 696 792@;@128 498@;@@;@0,3@;@@;@
"0702000009"@;@224 580@;@1 128 315@;@@;@@;@@;@@;@224 580@;@@;@@;@0,3@;@@;@0,56
"2308009000"@;@62 736@;@@;@@;@@;@@;@@;@62 736@;@@;@@;@0@;@@;@0,5
"5516930000"@;@17 290@;@@;@2 072@;@2 072@;@2 072@;@@;@19 362@;@0@;@0@;@0,3@;@0@;@0,51
"0306179900"@;@334 979@;@@;@@;@@;@@;@@;@334 979@;@@;@@;@0@;@@;@0,5
"6305900000"@;@16 323@;@14@;@458 196@;@653 999@;@468 231@;@48 179@;@426 340@;@195 803@;@16 323@;@0,6@;@9 793,8@;@3,74
"5111190000"@;@133 484@;@@;@@;@@;@@;@@;@133 484@;@@;@@;@0@;@@;@0,5
"9503001009"@;@18 416 425@;@673 869@;@2 757 866@;@2 757 866@;@1 272 635@;@580 609@;@19 919 813@;@0@;@0@;@0,6@;@0@;@0,58
"4402100000"@;@@;@@;@327 956@;@327 956@;@327 956@;@@;@327 956@;@0@;@@;@0,3@;@@;@
"8467119000"@;@1 928 868@;@42 258@;@@;@@;@@;@@;@1 928 868@;@@;@@;@0,3@;@@;@0,56
"9024101100"@;@155 501@;@@;@@;@@;@@;@@;@155 501@;@@;@@;@0@;@@;@0,5
"8486400009"@;@4 072 428@;@@;@@;@@;@@;@@;@4 072 428@;@@;@@;@0@;@@;@0,5
"0106410003"@;@336@;@480@;@@;@@;@@;@@;@336@;@@;@@;@0,3@;@@;@0,56
"8801001009"@;@4 850@;@@;@@;@@;@@;@@;@4 850@;@@;@@;@0@;@@;@0,5
"8802400094"@;@@;@5 012 000@;@@;@@;@@;@@;@0@;@@;@@;@0,3@;@@;@
"8502138000"@;@1 274 625@;@@;@97 962@;@97 962@;@97 962@;@@;@1 372 587@;@0@;@0@;@0,3@;@0@;@0,52
"1604151900"@;@443 951@;@255@;@@;@@;@@;@@;@443 951@;@@;@@;@0,3@;@@;@0,56
"6104690002"@;@26 161@;@15 610@;@620 148@;@654 285@;@620 148@;@@;@646 309@;@34 137@;@26 161@;@0,6@;@15 696,6@;@0,53
"2901100002"@;@142 676@;@@;@@;@@;@@;@@;@142 676@;@@;@@;@0@;@@;@0,5
"3917219009"@;@@;@@;@@;@@;@@;@@;@0@;@@;@@;@0,4@;@@;@
"8431498001"@;@10 295@;@@;@43 371@;@48 450@;@43 371@;@@;@53 666@;@5 079@;@5 079@;@0,3@;@1 523,7@;@0,3
"9028200000"@;@4 684 168@;@20@;@2 174 016@;@2 174 016@;@2 174 016@;@956 864@;@5 901 300@;@0@;@0@;@1@;@0@;@0,6
"6908901100"@;@@;@@;@306 642@;@284 538@;@225 250@;@84 205@;@225 250@;@-22 104@;@@;@0,3@;@@;@
"6305321900"@;@204 454@;@2 494 384@;@5 120 929@;@5 475 782@;@5 035 418@;@230 276@;@5 095 107@;@354 853@;@204 454@;@1@;@204 454@;@0,74
"2601200000"@;@@;@@;@3 002@;@3 002@;@3 002@;@@;@3 002@;@0@;@@;@0,3@;@@;@
"2204218100"@;@11 002@;@@;@@;@@;@@;@@;@11 002@;@@;@@;@0@;@@;@0,5
"3213900000"@;@460 876@;@12 591@;@@;@@;@@;@@;@460 876@;@@;@@;@0,7@;@@;@0,64
"2008119100"@;@366 141@;@1 740 543@;@@;@@;@@;@@;@366 141@;@@;@@;@0,3@;@@;@0,56
"4418918000"@;@@;@@;@118 796@;@122 695@;@39 794@;@79 001@;@39 794@;@3 899@;@@;@0,3@;@@;@
"0304839000"@;@15 394@;@@;@@;@@;@@;@@;@15 394@;@@;@@;@0@;@@;@0,5
"8422300008"@;@42 526 277@;@5 497 016@;@@;@@;@@;@@;@42 526 277@;@@;@@;@0,3@;@@;@0,56
"3208909101"@;@2 131 696@;@@;@637 066@;@677 813@;@548 318@;@156 215@;@2 612 547@;@40 747@;@40 747@;@0,7@;@28 522,9@;@0,55
"1507109009"@;@2 821 612@;@@;@@;@@;@@;@@;@2 821 612@;@@;@@;@0@;@@;@0,5
"2931900001"@;@23 688@;@@;@@;@@;@@;@@;@23 688@;@@;@@;@0@;@@;@0,5
"8462510002"@;@5 988@;@@;@@;@@;@@;@@;@5 988@;@@;@@;@0@;@@;@0,5
"6203339000"@;@340 948@;@5 495 884@;@1 397 402@;@1 414 242@;@1 657 349@;@@;@1 738 350@;@16 840@;@16 840@;@0,6@;@10 104@;@0,23
"2907159000"@;@66@;@@;@@;@@;@@;@@;@66@;@@;@@;@0@;@@;@0,5
"8504403004"@;@73 764@;@@;@@;@@;@@;@@;@73 764@;@@;@@;@0@;@@;@0,5
"9619007901"@;@173 413@;@@;@@;@@;@@;@@;@173 413@;@@;@@;@0@;@@;@0,5
"8708301000"@;@91 620 401@;@1 582 431@;@1 164 831@;@1 164 831@;@1 164 831@;@75 051@;@91 127 750@;@0@;@0@;@0,6@;@0@;@0,62
"6302931000"@;@26 588@;@4@;@27 113@;@27 113@;@27 113@;@@;@53 701@;@0@;@0@;@1@;@0@;@0,45
"1103111000"@;@903 773@;@35@;@2 807 139@;@2 807 936@;@2 730 324@;@76 816@;@3 634 096@;@797@;@797@;@0,6@;@478,2@;@0,24
"8501200009"@;@769 980@;@2 489@;@502 139@;@503 099@;@499 852@;@2 288@;@1 267 342@;@960@;@960@;@0,6@;@576@;@0,42
"4817200000"@;@5 097@;@8@;@1 975@;@1 975@;@1 975@;@@;@7 064@;@0@;@0@;@1@;@0@;@0,56
"0405209000"@;@322 104@;@@;@@;@@;@@;@@;@322 104@;@@;@@;@0@;@@;@0,5
"5208330000"@;@332 061@;@1 052 134@;@57 488@;@57 488@;@57 488@;@@;@389 549@;@0@;@0@;@0,6@;@0@;@0,55
"9022290000"@;@1 944 208@;@133 925@;@@;@@;@@;@@;@1 944 208@;@@;@@;@0,3@;@@;@0,56
"2008999100"@;@4 471@;@@;@@;@@;@@;@@;@4 471@;@@;@@;@0@;@@;@0,5
"7212509000"@;@136 603@;@@;@@;@@;@@;@@;@136 603@;@@;@@;@0@;@@;@0,5
"8202910000"@;@35 137@;@340@;@49 777@;@51 053@;@24 117@;@25 660@;@59 254@;@1 276@;@1 276@;@0,6@;@765,6@;@0,43
"8527190000"@;@11 118@;@@;@@;@@;@@;@@;@11 118@;@@;@@;@0@;@@;@0,5
"4821901000"@;@494 174@;@16 254@;@3 486 240@;@3 811 126@;@3 486 240@;@44 388@;@3 936 026@;@324 886@;@324 886@;@1@;@324 886@;@0,46
"8474200001"@;@5 506 809@;@@;@7 054@;@7 054@;@7 054@;@@;@5 513 863@;@0@;@0@;@0,3@;@0@;@0,56
"8539219800"@;@68 439@;@@;@@;@@;@@;@@;@68 439@;@@;@@;@0@;@@;@0,5
"3921131000"@;@1 894 399@;@10 759 708@;@42 997 933@;@45 807 429@;@31 669 473@;@11 536 348@;@33 355 984@;@2 809 496@;@1 894 399@;@0,6@;@1 136 639,4@;@0,59
"2009691900"@;@@;@55 266@;@@;@@;@@;@@;@0@;@@;@@;@0,3@;@@;@
"5205230002"@;@@;@327 784 164@;@@;@@;@@;@@;@0@;@@;@@;@0,3@;@@;@
"3824904000"@;@@;@@;@1 369 995@;@1 369 995@;@1 346 261@;@96 994@;@1 346 261@;@0@;@@;@0,3@;@@;@
"2936900009"@;@566 419@;@@;@2 618 960@;@2 786 128@;@616 806@;@2 002 155@;@1 183 224@;@167 168@;@167 168@;@0,3@;@50 150,4@;@0,39
"5407615000"@;@4 064 551@;@@;@@;@@;@@;@@;@4 064 551@;@@;@@;@0@;@@;@0,5
"8413110000"@;@2 954 220@;@38 170@;@10 449@;@15 672@;@10 449@;@@;@2 926 499@;@5 223@;@5 223@;@1@;@5 223@;@0,71
"5202990000"@;@70 523@;@23 177 276@;@12 688 965@;@12 951 252@;@12 268 845@;@1 142 873@;@11 616 615@;@262 287@;@70 523@;@0,6@;@42 313,8@;@1,24
"3001902000"@;@152 200@;@@;@@;@@;@@;@@;@152 200@;@@;@@;@0@;@@;@0,5
"9018110000"@;@927 157@;@6 019@;@29 598@;@29 598@;@29 598@;@2 467@;@948 269@;@0@;@0@;@1@;@0@;@0,69
"8806240009"@;@389 350@;@@;@@;@@;@@;@@;@389 350@;@@;@@;@0@;@@;@0,5
"6112411000"@;@63 185@;@@;@@;@@;@@;@@;@63 185@;@@;@@;@0@;@@;@0,5
"8704109000"@;@53 551 700@;@@;@22 615 114@;@22 615 114@;@22 615 114@;@@;@76 166 814@;@0@;@0@;@0,3@;@0@;@0,41
"3404900002"@;@@;@93@;@@;@@;@@;@@;@0@;@@;@@;@0,3@;@@;@
"3824996100"@;@7 514@;@@;@@;@@;@@;@@;@7 514@;@@;@@;@0@;@@;@0,5
"6403120000"@;@@;@@;@13 272@;@13 272@;@13 272@;@@;@13 272@;@0@;@@;@0,3@;@@;@
"8440101000"@;@153 488@;@@;@@;@@;@@;@@;@153 488@;@@;@@;@0@;@@;@0,5
"8545200000"@;@747 878@;@11 027@;@71 319@;@71 319@;@68 909@;@2 410@;@805 760@;@0@;@0@;@1@;@0@;@0,66
"2616100000"@;@@;@3@;@@;@@;@@;@@;@0@;@@;@@;@0,3@;@@;@
"8541900000"@;@987 512@;@@;@@;@@;@@;@@;@987 512@;@@;@@;@0@;@@;@0,5
"5212229000"@;@@;@@;@5 384 988@;@5 490 593@;@4 739 700@;@1 163 893@;@4 739 700@;@105 605@;@@;@0,3@;@@;@
"2525100000"@;@@;@@;@74 759@;@74 759@;@74 759@;@@;@74 759@;@0@;@@;@0,3@;@@;@
"0406405000"@;@5 635@;@@;@@;@@;@@;@@;@5 635@;@@;@@;@0@;@@;@0,5
"7227200000"@;@1 301 112@;@@;@10 548@;@15 343@;@10 548@;@@;@1 311 660@;@4 795@;@4 795@;@0,3@;@1 438,5@;@0,56
"8703231982"@;@100 632 702@;@@;@@;@@;@@;@@;@100 632 702@;@@;@@;@0@;@@;@0,5
"7616999001"@;@@;@@;@40 363@;@40 363@;@40 363@;@@;@40 363@;@0@;@@;@0,3@;@@;@
"8607219000"@;@985 239@;@31 179@;@822 941@;@822 941@;@768 696@;@92 927@;@1 684 074@;@0@;@0@;@1@;@0@;@0,49
"5308209000"@;@@;@@;@75 426@;@75 426@;@24 750@;@50 676@;@24 750@;@0@;@@;@0,3@;@@;@
"3920108100"@;@@;@@;@@;@@;@@;@@;@0@;@@;@@;@0,4@;@@;@
"8433209000"@;@169 805@;@@;@@;@@;@@;@@;@169 805@;@@;@@;@0@;@@;@0,5
"6204228000"@;@11 451@;@767@;@@;@@;@@;@@;@11 451@;@@;@@;@0,7@;@@;@0,64
"5407820000"@;@1 026 344@;@@;@61 533@;@61 533@;@48 031@;@13 503@;@1 074 374@;@0@;@0@;@0,7@;@0@;@0,62
"0207451000"@;@45 717@;@@;@@;@@;@@;@@;@45 717@;@@;@@;@0@;@@;@0,5
"6403595000"@;@3 517@;@@;@34 940@;@34 940@;@34 940@;@@;@38 457@;@0@;@0@;@0,3@;@0@;@0,11
"2302109000"@;@@;@@;@3 817 375@;@7 609 681@;@3 581 163@;@238 335@;@3 581 163@;@3 792 306@;@@;@0,3@;@@;@
"3504001000"@;@31 886@;@@;@@;@@;@@;@@;@31 886@;@@;@@;@0@;@@;@0,5
"3920300000"@;@3 617 622@;@@;@63 299@;@63 299@;@52 529@;@10 770@;@3 670 151@;@0@;@0@;@0,3@;@0@;@0,55
"8474809080"@;@54 840 564@;@200 497@;@1 896@;@1 896@;@1 896@;@@;@54 641 963@;@0@;@0@;@0,6@;@0@;@0,62
"7321119000"@;@1 262 379@;@498 610@;@361 873@;@361 873@;@265 304@;@24 605@;@1 101 037@;@0@;@0@;@0,6@;@0@;@0,69
"3827620000"@;@120 311@;@@;@@;@@;@@;@@;@120 311@;@@;@@;@0@;@@;@0,5
"9026102100"@;@8 051 706@;@593 877@;@1 392 352@;@1 759 507@;@1 392 352@;@7 900@;@8 842 281@;@367 155@;@367 155@;@1@;@367 155@;@0,67
"1211908500"@;@@;@@;@7 816@;@7 816@;@7 816@;@@;@7 816@;@0@;@@;@0,3@;@@;@
"8481808501"@;@8 005@;@@;@51 006@;@51 006@;@50 612@;@394@;@58 617@;@0@;@0@;@0,7@;@0@;@0,21
"6404199000"@;@5 133 383@;@1 402 026@;@2 560 109@;@2 923 990@;@2 202 209@;@559 119@;@5 732 347@;@363 881@;@363 881@;@0,6@;@218 328,6@;@0,59
"3909390000"@;@49 724@;@2 232@;@@;@@;@@;@@;@49 724@;@@;@@;@0,7@;@@;@0,64
"7202920000"@;@915 300@;@@;@2 615@;@11 740@;@2 615@;@@;@917 915@;@9 125@;@9 125@;@0,3@;@2 737,5@;@0,56
"4012110000"@;@691@;@288@;@@;@@;@@;@@;@691@;@@;@@;@0,3@;@@;@0,56
"7314411000"@;@@;@@;@60 432@;@60 432@;@60 432@;@@;@60 432@;@0@;@@;@0,3@;@@;@
"8544499101"@;@214 225@;@4 344@;@1 540 944@;@1 733 562@;@1 540 944@;@22 658@;@1 732 511@;@192 618@;@192 618@;@1@;@192 618@;@0,53
"7228506900"@;@15 539@;@@;@@;@@;@@;@@;@15 539@;@@;@@;@0@;@@;@0,5
"9403109800"@;@@;@@;@2 506 082@;@4 476 592@;@2 508 471@;@51 026@;@2 508 471@;@1 970 510@;@@;@0,3@;@@;@
"8433115900"@;@4 741@;@594@;@@;@@;@@;@@;@4 741@;@@;@@;@0,3@;@@;@0,56
"8429590000"@;@7 316 867@;@811 984@;@3 967 990@;@3 967 990@;@6 145 001@;@284 322@;@10 188 551@;@0@;@0@;@0,6@;@0@;@0,48
"8485100000"@;@267 552@;@@;@5 530@;@5 530@;@5 530@;@@;@273 082@;@0@;@0@;@0,3@;@0@;@0,55
"2926200000"@;@458 457@;@@;@@;@@;@@;@@;@458 457@;@@;@@;@0@;@@;@0,5
"1104199900"@;@130 945@;@52@;@@;@@;@@;@@;@130 945@;@@;@@;@0,3@;@@;@0,56
"8706009101"@;@@;@2 881 424@;@1 268 974@;@1 670 950@;@317 307@;@@;@1 268 974@;@401 976@;@@;@0,6@;@@;@
"9029203800"@;@248 859@;@2 519@;@@;@@;@@;@@;@248 859@;@@;@@;@0,3@;@@;@0,56
"6907409005"@;@1 008@;@69@;@@;@@;@@;@@;@1 008@;@@;@@;@0,3@;@@;@0,56
"8513100000"@;@621 524@;@8 963@;@206 790@;@206 790@;@206 790@;@172 857@;@646 494@;@0@;@0@;@0,6@;@0@;@0,6
"1512119909"@;@1 510 806@;@135 000@;@6 147 070@;@6 265 839@;@6 072 651@;@75 730@;@7 582 146@;@118 769@;@118 769@;@0,6@;@71 261,4@;@0,24
"7318153001"@;@1 552@;@@;@14 112@;@16 332@;@14 112@;@@;@15 664@;@2 220@;@1 552@;@0,3@;@465,6@;@0,54
"5007901000"@;@@;@@;@14 671 412@;@14 946 600@;@11 954 565@;@1 717 840@;@11 954 565@;@275 188@;@@;@0,3@;@@;@
"7321120000"@;@689@;@@;@@;@@;@@;@@;@689@;@@;@@;@0@;@@;@0,5
"1516209602"@;@1 320@;@@;@@;@@;@@;@@;@1 320@;@@;@@;@0@;@@;@0,5
"9001300000"@;@203 580@;@@;@@;@@;@@;@@;@203 580@;@@;@@;@0@;@@;@0,5
"7009100001"@;@4 625 935@;@113 318@;@6 122@;@6 122@;@6 122@;@@;@4 518 739@;@0@;@0@;@0,6@;@0@;@0,63
"6112491000"@;@@;@71 561@;@@;@@;@@;@@;@0@;@@;@@;@0,3@;@@;@
"9032900000"@;@1 205 101@;@17 875@;@3 928@;@3 928@;@3 928@;@@;@1 191 154@;@0@;@0@;@0,6@;@0@;@0,63
"3403910000"@;@2 633 389@;@79 204@;@@;@@;@@;@@;@2 633 389@;@@;@@;@0,3@;@@;@0,56
"2936210000"@;@212 236@;@@;@3 109 331@;@3 324 562@;@2 345 432@;@701 920@;@2 619 647@;@215 231@;@212 236@;@0,3@;@63 670,8@;@0,4
"8483402509"@;@@;@@;@@;@@;@@;@@;@0@;@@;@@;@0,4@;@@;@
"8203400000"@;@475 266@;@7 887@;@@;@@;@@;@@;@475 266@;@@;@@;@0,3@;@@;@0,56
"8541100009"@;@1 113 240@;@13 816@;@@;@@;@@;@@;@1 113 240@;@@;@@;@0,3@;@@;@0,56
"0104108000"@;@5 217 721@;@@;@@;@@;@@;@@;@5 217 721@;@@;@@;@0@;@@;@0,5
"9614009000"@;@113 183@;@@;@@;@@;@@;@@;@113 183@;@@;@@;@0@;@@;@0,5
"6402993100"@;@232 728@;@@;@362 353@;@362 353@;@341 327@;@356 896@;@238 185@;@0@;@0@;@0,3@;@0@;@0,55
"7503009000"@;@7 919@;@1 586 963@;@917 475@;@917 475@;@917 475@;@@;@925 394@;@0@;@0@;@0,6@;@0@;@0,12
"8483908109"@;@@;@@;@@;@@;@@;@@;@0@;@@;@@;@0,4@;@@;@
"0712200000"@;@1 356@;@444 646@;@@;@@;@@;@@;@1 356@;@@;@@;@0,3@;@@;@0,56
"7806008001"@;@2 515@;@@;@790@;@790@;@790@;@@;@3 305@;@0@;@0@;@0,7@;@0@;@0,52
"8423890001"@;@@;@@;@@;@@;@@;@@;@0@;@@;@@;@0,4@;@@;@
"2008199209"@;@13 569@;@@;@@;@@;@@;@@;@13 569@;@@;@@;@0@;@@;@0,5
"2309105100"@;@1 111 176@;@@;@394 059@;@394 059@;@394 059@;@30 997@;@1 474 238@;@0@;@0@;@0,3@;@0@;@0,44
"6406998000"@;@@;@@;@257 178@;@261 722@;@257 178@;@@;@257 178@;@4 544@;@@;@0,3@;@@;@
"7307910000"@;@5 175 367@;@4 511@;@1 608 287@;@1 747 023@;@1 543 587@;@158 138@;@6 621 005@;@138 736@;@138 736@;@1@;@138 736@;@0,6
"8524120027"@;@18 378@;@@;@@;@@;@@;@@;@18 378@;@@;@@;@0@;@@;@0,5
"8207501000"@;@350 303@;@51@;@@;@@;@@;@@;@350 303@;@@;@@;@0,3@;@@;@0,56
"0810500000"@;@5 133 540@;@8 432@;@@;@@;@@;@@;@5 133 540@;@@;@@;@0,3@;@@;@0,56
"1602906900"@;@@;@@;@26 928@;@40 392@;@26 867@;@10 352@;@26 867@;@13 464@;@@;@0,3@;@@;@
"8516330000"@;@127 026@;@414@;@@;@@;@@;@@;@127 026@;@@;@@;@0,3@;@@;@0,56
"3214900001"@;@422@;@@;@715 126@;@749 128@;@3 767 605@;@55 238@;@660 310@;@34 002@;@422@;@0,7@;@295,4@;@24,31
"2526100000"@;@438 356@;@10@;@1 142 678@;@1 152 264@;@1 142 678@;@48 255@;@1 532 779@;@9 586@;@9 586@;@0,6@;@5 751,6@;@0,27
"4707200000"@;@685 137@;@@;@@;@@;@@;@@;@685 137@;@@;@@;@0@;@@;@0,5
"6104610009"@;@2 986@;@@;@@;@@;@@;@@;@2 986@;@@;@@;@0@;@@;@0,5
"2918140000"@;@3 935 230@;@27 061@;@988@;@988@;@988@;@@;@3 909 157@;@0@;@0@;@1@;@0@;@0,7
"7103100001"@;@@;@@;@41 617@;@41 617@;@41 617@;@41 617@;@41 617@;@0@;@@;@0,3@;@@;@
"5911321000"@;@@;@@;@5 302@;@5 302@;@5 302@;@@;@5 302@;@0@;@@;@0,3@;@@;@
"1209296000"@;@102@;@@;@@;@@;@@;@@;@102@;@@;@@;@0@;@@;@0,5
"8501510001"@;@590 178@;@1 892@;@504 420@;@755 310@;@504 420@;@@;@1 092 706@;@250 890@;@250 890@;@1@;@250 890@;@0,6
"1207992000"@;@59 058@;@@;@@;@@;@@;@@;@59 058@;@@;@@;@0@;@@;@0,5
"813401000"@;@@;@@;@149 954@;@149 954@;@80 742@;@69 212@;@80 742@;@0@;@@;@0,3@;@@;@
"8311900000"@;@1 014 098@;@87@;@@;@@;@@;@@;@1 014 098@;@@;@@;@0,3@;@@;@0,56
"4602110000"@;@3 386@;@@;@@;@@;@@;@@;@3 386@;@@;@@;@0@;@@;@0,5
"9001508000"@;@48@;@@;@@;@@;@@;@@;@48@;@@;@@;@0@;@@;@0,5
"0810405000"@;@1 634 560@;@649 290@;@@;@@;@@;@@;@1 634 560@;@@;@@;@0,3@;@@;@0,56
"4820900000"@;@6 957 411@;@51 998@;@7 755 646@;@8 303 123@;@6 342 738@;@144 477@;@14 568 580@;@547 477@;@547 477@;@1@;@547 477@;@0,46
"8418509000"@;@2 976 699@;@6 473@;@210 626@;@210 626@;@210 626@;@20 661@;@3 160 191@;@0@;@0@;@0,6@;@0@;@0,59
"8103910000"@;@533@;@@;@@;@@;@@;@@;@533@;@@;@@;@0@;@@;@0,5
"7209289000"@;@177 502@;@@;@@;@@;@@;@@;@177 502@;@@;@@;@0@;@@;@0,5
"8533310000"@;@30 390@;@@;@@;@@;@@;@@;@30 390@;@@;@@;@0@;@@;@0,5
"1602209000"@;@22 618@;@@;@586 728@;@629 845@;@429 465@;@17 023@;@592 323@;@43 117@;@22 618@;@0,3@;@6 785,4@;@0,65
"6403993800"@;@428 298@;@35 164@;@258 932@;@258 932@;@258 932@;@568 661@;@83 405@;@0@;@0@;@1@;@0@;@2,77
"3304300000"@;@357 478@;@17@;@@;@@;@@;@@;@357 478@;@@;@@;@0,3@;@@;@0,56
"8423821000"@;@78 063@;@@;@7 618@;@7 618@;@7 618@;@@;@85 681@;@0@;@0@;@0,3@;@0@;@0,52
"8467221000"@;@812 526@;@46@;@@;@@;@@;@@;@812 526@;@@;@@;@0,3@;@@;@0,56
"9403109100"@;@285 022@;@20 632@;@2 082 989@;@5 688 754@;@2 045 408@;@265 946@;@2 102 065@;@3 605 765@;@285 022@;@1@;@285 022@;@4,06
"9026208000"@;@2 705 867@;@18 837@;@4 097 356@;@7 489 791@;@4 097 356@;@@;@6 803 223@;@3 392 435@;@2 705 867@;@0,6@;@1 623 520,2@;@0,69
"6403400000"@;@226 720@;@1 054 981@;@3 118 939@;@3 490 676@;@2 831 563@;@287 374@;@3 058 285@;@371 737@;@226 720@;@1@;@226 720@;@0,73
"3917211000"@;@592 495@;@10 646@;@109 601 331@;@114 289 631@;@72 874 161@;@31 532 193@;@78 661 633@;@4 688 300@;@592 495@;@1@;@592 495@;@2,58
"8482800009"@;@2 374 355@;@80 337@;@1 981 216@;@2 177 929@;@1 467 707@;@513 509@;@3 761 725@;@196 713@;@196 713@;@1@;@196 713@;@0,54
"304592000"@;@@;@@;@77 625@;@86 250@;@77 625@;@@;@77 625@;@8 625@;@@;@0,3@;@@;@
"9021290004"@;@540 322@;@@;@@;@@;@@;@@;@540 322@;@@;@@;@0@;@@;@0,5
"8460401000"@;@345 506@;@@;@@;@@;@@;@@;@345 506@;@@;@@;@0@;@@;@0,5
"6006210000"@;@487 967@;@19 215 470@;@17 869 165@;@28 490 368@;@18 022 157@;@366 023@;@17 991 109@;@10 621 203@;@487 967@;@0,6@;@292 780,2@;@6,66
"3208909109"@;@9 605 221@;@128 723@;@746 891@;@810 729@;@741 499@;@5 471@;@10 217 918@;@63 838@;@63 838@;@1@;@63 838@;@0,67
"0813100000"@;@574 710@;@17 445 832@;@@;@@;@@;@@;@574 710@;@@;@@;@0,7@;@@;@0,64
"8701941009"@;@40 784 794@;@@;@10 277 591@;@10 277 591@;@15 117 416@;@1 955 299@;@49 107 086@;@0@;@0@;@0,3@;@0@;@0,48
"3105100000"@;@2 254 739@;@8 300@;@1 019 183@;@1 019 183@;@1 019 183@;@@;@3 265 622@;@0@;@0@;@1@;@0@;@0,55
"4411149000"@;@46 850 001@;@2 408 312@;@7 523 762@;@7 849 481@;@3 103 279@;@4 432 259@;@47 533 192@;@325 719@;@325 719@;@1@;@325 719@;@0,69
"6907229002"@;@21 743@;@@;@@;@@;@@;@@;@21 743@;@@;@@;@0@;@@;@0,5
"5515111000"@;@169 770@;@@;@2 869@;@2 869@;@2 869@;@@;@172 639@;@0@;@0@;@0,7@;@0@;@0,63
"9209997000"@;@31 194@;@@;@@;@@;@@;@@;@31 194@;@@;@@;@0,4@;@@;@0,58
"6810919000"@;@@;@@;@25 211 325@;@25 553 392@;@25 079 924@;@14 846 206@;@25 079 924@;@342 067@;@@;@0,3@;@@;@
"3102101000"@;@61 268@;@159 209 993@;@262 739 567@;@276 341 991@;@257 491 031@;@17 862 199@;@244 938 636@;@13 602 424@;@61 268@;@1@;@61 268@;@66,8
"7318169900"@;@3 196 518@;@17 508@;@56 993@;@62 264@;@55 125@;@14 299@;@3 221 704@;@5 271@;@5 271@;@1@;@5 271@;@0,7
"0802320000"@;@4 906 385@;@32 559 649@;@@;@@;@@;@@;@4 906 385@;@@;@@;@0,7@;@@;@0,64
"3204900000"@;@1 196 572@;@501 146@;@2 835 595@;@3 025 325@;@2 715 560@;@193 635@;@3 838 532@;@189 730@;@189 730@;@1@;@189 730@;@0,4
"9021108009"@;@2 583 539@;@@;@@;@@;@@;@@;@2 583 539@;@@;@@;@0@;@@;@0,5
"4009120009"@;@309 391@;@2 340@;@684 040@;@739 592@;@598 104@;@117 323@;@876 108@;@55 552@;@55 552@;@0,6@;@33 331,2@;@0,35
"802220000"@;@@;@@;@2 252@;@2 252@;@2 252@;@@;@2 252@;@0@;@@;@0,3@;@@;@
"8402191000"@;@3 952 335@;@31 000@;@@;@@;@@;@@;@3 952 335@;@@;@@;@0,7@;@@;@0,64
"1102201000"@;@4 903@;@@;@12 537@;@13 679@;@12 537@;@@;@17 440@;@1 142@;@1 142@;@0,3@;@342,6@;@0,27
"7318121000"@;@27 231@;@0@;@655 023@;@696 155@;@598 897@;@56 126@;@626 128@;@41 132@;@27 231@;@0,3@;@8 169,3@;@0,53
"2933330001"@;@4 252@;@@;@@;@@;@@;@@;@4 252@;@@;@@;@0@;@@;@0,5
"0404108400"@;@206 430@;@@;@@;@@;@@;@@;@206 430@;@@;@@;@0@;@@;@0,5
"2934202000"@;@38 265@;@@;@@;@@;@@;@@;@38 265@;@@;@@;@0@;@@;@0,5
"6204623300"@;@17 569@;@@;@@;@@;@@;@@;@17 569@;@@;@@;@0@;@@;@0,5
"8414308106"@;@2 413 253@;@@;@6 636@;@6 636@;@6 636@;@@;@2 419 889@;@0@;@0@;@0,3@;@0@;@0,56
"2619008000"@;@@;@@;@1 095 918@;@1 095 919@;@1 095 918@;@@;@1 095 918@;@1@;@@;@0,3@;@@;@
"8531109501"@;@@;@@;@16 075@;@16 075@;@6 600@;@9 476@;@6 600@;@0@;@@;@0,3@;@@;@
"7604101001"@;@@;@@;@190 787@;@193 401@;@94 255@;@96 532@;@94 255@;@2 614@;@@;@0,3@;@@;@
"8413705909"@;@@;@@;@@;@@;@@;@@;@0@;@@;@@;@0,4@;@@;@
"2207200000"@;@914@;@@;@13 876 114@;@15 313 592@;@9 707 102@;@9 296 620@;@4 580 408@;@1 437 478@;@914@;@0,3@;@274,2@;@100
"2711139700"@;@7 489 988@;@@;@@;@@;@@;@@;@7 489 988@;@@;@@;@0@;@@;@0,5
"9401200009"@;@896 261@;@1 419 538@;@4 132 895@;@4 133 285@;@1 003 363@;@3 129 532@;@1 899 624@;@390@;@390@;@1@;@390@;@0,44
"7326909809"@;@@;@@;@474 383@;@492 009@;@510 461@;@3 881@;@510 461@;@17 626@;@@;@0,3@;@@;@
"9507209000"@;@1 519@;@539@;@@;@@;@@;@@;@1 519@;@@;@@;@0,3@;@@;@0,56
"406303100"@;@@;@@;@2 736 465@;@3 150 451@;@2 736 465@;@@;@2 736 465@;@413 986@;@@;@0,3@;@@;@
"4810329000"@;@829 581@;@@;@@;@@;@@;@@;@829 581@;@@;@@;@0@;@@;@0,5
"7318169101"@;@111@;@@;@8 277@;@11 869@;@8 277@;@@;@8 388@;@3 592@;@111@;@0,3@;@33,3@;@9,77
"8451100000"@;@106 940@;@@;@438 464@;@438 464@;@438 464@;@@;@545 404@;@0@;@0@;@0,7@;@0@;@0,24
"4804199000"@;@249 219@;@@;@5 904@;@5 904@;@5 904@;@@;@255 123@;@0@;@0@;@0,3@;@0@;@0,55
"8535309003"@;@@;@@;@3 318@;@3 318@;@3 318@;@@;@3 318@;@0@;@@;@0,7@;@@;@
"7307291000"@;@1 940 048@;@38 119@;@42 398@;@63 597@;@46 551@;@13 489@;@1 930 838@;@21 199@;@21 199@;@1@;@21 199@;@0,71
"2517300000"@;@@;@@;@146 199 213@;@156 807 568@;@139 348 793@;@11 384 506@;@139 348 793@;@10 608 355@;@@;@0,3@;@@;@
"8474320000"@;@10 337 841@;@@;@@;@@;@@;@@;@10 337 841@;@@;@@;@0@;@@;@0,5
"6406101000"@;@3 850@;@547 767@;@2 069 853@;@2 326 610@;@1 895 643@;@199 545@;@1 874 158@;@256 757@;@3 850@;@0,6@;@2 310@;@20,13
"8433591101"@;@596 488@;@10 000@;@@;@@;@@;@@;@596 488@;@@;@@;@0,3@;@@;@0,56
"7222201109"@;@69 700@;@@;@790@;@2 765@;@790@;@@;@70 490@;@1 975@;@1 975@;@0,3@;@592,5@;@0,56
"8405100000"@;@8 036 019@;@235 400@;@276 625@;@276 625@;@276 625@;@@;@8 077 244@;@0@;@0@;@1@;@0@;@0,7
"8708919909"@;@623 566@;@11 224@;@1 113 999@;@1 140 895@;@1 113 999@;@8 430@;@1 729 135@;@26 896@;@26 896@;@0,6@;@16 137,6@;@0,31
"9405102809"@;@@;@@;@25 041@;@25 041@;@18 666@;@25 319@;@18 666@;@0@;@@;@0,3@;@@;@
"8446100000"@;@159 992@;@327@;@74 800@;@74 800@;@74 800@;@@;@234 465@;@0@;@0@;@0,6@;@0@;@0,46
"5512910000"@;@1 143 494@;@@;@@;@@;@@;@@;@1 143 494@;@@;@@;@0@;@@;@0,5
"8434900000"@;@195 178@;@@;@790@;@790@;@790@;@@;@195 968@;@0@;@0@;@0,3@;@0@;@0,56
"6103100000"@;@@;@@;@2 998 156@;@3 061 202@;@2 784 446@;@271 552@;@2 784 446@;@63 046@;@@;@0,3@;@@;@
"8533100000"@;@376 754@;@4 772@;@49 599@;@49 599@;@49 599@;@@;@421 581@;@0@;@0@;@0,6@;@0@;@0,57
"2106905100"@;@@;@@;@1 951@;@1 951@;@1 951@;@1 824@;@1 951@;@0@;@@;@0,3@;@@;@
"7225502000"@;@710 985@;@@;@344 889@;@563 636@;@344 889@;@@;@1 055 874@;@218 747@;@218 747@;@0,3@;@65 624,1@;@0,49
"8482500001"@;@@;@@;@2 070 230@;@2 274 111@;@1 533 020@;@537 210@;@1 533 020@;@203 881@;@@;@0,3@;@@;@
"2204309600"@;@@;@@;@495 711@;@519 382@;@443 413@;@76 334@;@443 413@;@23 671@;@@;@0,3@;@@;@
"7419993000"@;@@;@@;@1 350 924@;@1 350 924@;@1 151 219@;@75 051@;@1 151 219@;@0@;@@;@0,3@;@@;@
"8703339010"@;@17 108@;@@;@@;@@;@@;@@;@17 108@;@@;@@;@0@;@@;@0,5
"813406500"@;@@;@@;@3 551 875@;@3 551 875@;@3 551 875@;@3 551 875@;@3 551 875@;@0@;@@;@0,3@;@@;@
"8527139900"@;@2 189 141@;@62 237@;@@;@@;@@;@@;@2 189 141@;@@;@@;@0,3@;@@;@0,56
"7020000500"@;@584@;@@;@5 230@;@5 230@;@5 230@;@@;@5 814@;@0@;@0@;@0,3@;@0@;@0,11
"1605690000"@;@713@;@@;@@;@@;@@;@@;@713@;@@;@@;@0@;@@;@0,5
"2509000000"@;@33 963@;@430 267@;@13 014 412@;@13 531 252@;@9 660 145@;@3 406 708@;@9 641 667@;@516 840@;@33 963@;@1@;@33 963@;@4,77
"0304870000"@;@386 715@;@@;@@;@@;@@;@@;@386 715@;@@;@@;@0@;@@;@0,5
"8413506900"@;@5 826 822@;@993 948@;@1 433 972@;@1 434 177@;@1 233 658@;@87 115@;@6 179 731@;@205@;@205@;@1@;@205@;@0,67
"901210002"@;@@;@@;@186 068@;@276 339@;@186 068@;@12 699@;@186 068@;@90 271@;@@;@0,3@;@@;@
"5112110000"@;@2 256 766@;@3 379@;@@;@@;@@;@@;@2 256 766@;@@;@@;@0,3@;@@;@0,56
"8411828000"@;@47 918 683@;@@;@@;@@;@@;@@;@47 918 683@;@@;@@;@0@;@@;@0,5
"8462690095"@;@12 854@;@@;@@;@@;@@;@@;@12 854@;@@;@@;@0@;@@;@0,5
"402991000"@;@@;@@;@54 698 672@;@54 964 539@;@31 094 725@;@24 740 190@;@31 094 725@;@265 867@;@@;@0,3@;@@;@
"3811210000"@;@2 792 022@;@7 040@;@4 655@;@4 655@;@4 655@;@15 889@;@2 773 748@;@0@;@0@;@0,6@;@0@;@0,62
"6005430000"@;@@;@@;@39 591@;@39 591@;@39 591@;@@;@39 591@;@0@;@@;@0,3@;@@;@
"8407310000"@;@18 748@;@@;@@;@@;@@;@@;@18 748@;@@;@@;@0@;@@;@0,5
"6112110000"@;@342 359@;@14 048 014@;@4 593 317@;@4 641 731@;@2 927 376@;@1 694 992@;@3 240 684@;@48 414@;@48 414@;@1@;@48 414@;@0,3
"8205100000"@;@54 425@;@326 045@;@2 773@;@2 773@;@2 773@;@@;@57 198@;@0@;@0@;@0,6@;@0@;@0,6
"1604201000"@;@85 688@;@@;@2 474 869@;@3 762 343@;@2 416 364@;@58 504@;@2 502 053@;@1 287 474@;@85 688@;@0,3@;@25 706,4@;@4,58
"2710124100"@;@@;@@;@8 589 564@;@8 589 564@;@9 974 182@;@763 006@;@9 974 182@;@0@;@@;@0,3@;@@;@
"1515908909"@;@295 607@;@10@;@@;@@;@@;@@;@295 607@;@@;@@;@0,3@;@@;@0,56
"6006900000"@;@122 467@;@4 398 509@;@27 288 264@;@28 021 110@;@13 131 795@;@4 266 394@;@23 144 337@;@732 846@;@122 467@;@0,6@;@73 480,2@;@1,92
"6210500000"@;@62 499@;@955@;@201 781@;@227 004@;@201 781@;@@;@264 280@;@25 223@;@25 223@;@1@;@25 223@;@0,44
"5210210000"@;@35 113@;@24 737@;@@;@@;@@;@@;@35 113@;@@;@@;@0,3@;@@;@0,56
"8201300000"@;@415 077@;@6 467@;@11 890@;@11 890@;@7 861@;@4 029@;@416 471@;@0@;@0@;@1@;@0@;@0,7
"6204623100"@;@2 342 192@;@11 941 585@;@579 209@;@1 124 756@;@578 737@;@9 813@;@2 911 588@;@545 547@;@545 547@;@0,6@;@327 328,2@;@0,59
"6307101000"@;@656 223@;@3 295@;@434 807@;@438 669@;@428 786@;@43 290@;@1 044 445@;@3 862@;@3 862@;@1@;@3 862@;@0,52
"3403110000"@;@520 504@;@3 324@;@1 071 513@;@1 073 063@;@888 862@;@182 651@;@1 409 366@;@1 550@;@1 550@;@0,6@;@930@;@0,31
"7320208101"@;@1 441 796@;@289@;@@;@@;@@;@@;@1 441 796@;@@;@@;@0,3@;@@;@0,56
"4822900000"@;@131 561@;@55 985@;@59 430@;@74 784@;@59 430@;@@;@135 006@;@15 354@;@15 354@;@0,6@;@9 212,4@;@0,64
"7005218000"@;@2 109 543@;@65 234@;@38 592@;@41 165@;@38 537@;@1 284@;@2 081 617@;@2 573@;@2 573@;@0,6@;@1 543,8@;@0,63
"0910993900"@;@4 725@;@@;@@;@@;@@;@@;@4 725@;@@;@@;@0@;@@;@0,5
"7217205000"@;@247 906@;@@;@5 479 638@;@6 793 921@;@5 479 638@;@19 814@;@5 707 730@;@1 314 283@;@247 906@;@0,7@;@173 534,2@;@1,75
"4407119400"@;@308 312 230@;@@;@@;@@;@@;@@;@308 312 230@;@@;@@;@0,4@;@@;@0,58
"8462610091"@;@905 274@;@@;@@;@@;@@;@@;@905 274@;@@;@@;@0@;@@;@0,5
"7318162000"@;@345 493@;@@;@14 995@;@20 229@;@14 442@;@553@;@359 935@;@5 234@;@5 234@;@0,3@;@1 570,2@;@0,54
"0706100004"@;@@;@@;@@;@@;@@;@@;@0@;@@;@@;@0,4@;@@;@
"7320101900"@;@156 726@;@1 524@;@44 754@;@44 754@;@44 754@;@@;@199 956@;@0@;@0@;@0,6@;@0@;@0,51
"8443120000"@;@86 384@;@@;@@;@@;@@;@@;@86 384@;@@;@@;@0@;@@;@0,5
"3214101001"@;@6 642 318@;@37 322@;@3 142 646@;@4 648 844@;@2 586 750@;@76 246@;@9 671 396@;@1 506 198@;@1 506 198@;@0,6@;@903 718,8@;@0,53
"5904900001"@;@@;@@;@1 857 136@;@1 857 136@;@1 719 079@;@109 988@;@1 719 079@;@0@;@@;@0,3@;@@;@
"2914790000"@;@330 081@;@@;@@;@@;@@;@@;@330 081@;@@;@@;@0@;@@;@0,5
"7017100000"@;@54 047@;@144@;@@;@@;@@;@@;@54 047@;@@;@@;@0,3@;@@;@0,56
"9405420012"@;@1 493 541@;@56@;@7 540@;@7 540@;@7 540@;@@;@1 501 025@;@0@;@0@;@1@;@0@;@0,7
"5903909900"@;@2 269 462@;@480@;@89 769@;@89 769@;@89 769@;@@;@2 358 751@;@0@;@0@;@0,6@;@0@;@0,6
"9015809900"@;@630 260@;@41 140@;@@;@@;@@;@@;@630 260@;@@;@@;@0,3@;@@;@0,56
"3702328500"@;@1 301@;@@;@@;@@;@@;@@;@1 301@;@@;@@;@0@;@@;@0,5
"5208221600"@;@536@;@1 944 726@;@1 520 237@;@2 514 834@;@1 535 101@;@108 874@;@1 411 899@;@994 597@;@536@;@1@;@536@;@100
"0301991810"@;@@;@4 500@;@@;@@;@@;@@;@0@;@@;@@;@0,3@;@@;@
"7326907000"@;@@;@@;@790@;@790@;@790@;@@;@790@;@0@;@@;@0,3@;@@;@
"7616991001"@;@145 806@;@@;@1 814@;@1 814@;@1 814@;@@;@147 620@;@0@;@0@;@0,3@;@0@;@0,55
"2106909200"@;@@;@@;@187 463@;@187 463@;@187 463@;@@;@187 463@;@0@;@@;@0,3@;@@;@
"6111901900"@;@11 295@;@14 457@;@673 826@;@679 344@;@653 715@;@29 130@;@655 991@;@5 518@;@5 518@;@0,6@;@3 310,8@;@0,28
"3904300000"@;@592 698@;@15 623@;@1 503 191@;@1 503 191@;@1 503 191@;@242 178@;@1 853 711@;@0@;@0@;@0,6@;@0@;@0,28
"2001909200"@;@@;@@;@16 935 494@;@16 935 494@;@1 817 665@;@885 898@;@1 817 665@;@0@;@@;@0,3@;@@;@
"8461401102"@;@926 587@;@@;@869@;@869@;@869@;@@;@927 456@;@0@;@0@;@0,3@;@0@;@0,56
"7210122000"@;@8 853 247@;@@;@606 891@;@606 891@;@606 891@;@@;@9 460 138@;@0@;@0@;@0,3@;@0@;@0,53
"8483303801"@;@@;@@;@790@;@790@;@790@;@@;@790@;@0@;@@;@0,3@;@@;@
"0602901000"@;@100 839@;@@;@@;@@;@@;@@;@100 839@;@@;@@;@0@;@@;@0,5
"4402900000"@;@958 205@;@22 761@;@262 591@;@265 186@;@262 591@;@@;@1 198 035@;@2 595@;@2 595@;@1@;@2 595@;@0,6
"7304293001"@;@5 981 876@;@@;@@;@@;@@;@@;@5 981 876@;@@;@@;@0@;@@;@0,5
"4009320009"@;@@;@@;@@;@@;@@;@@;@0@;@@;@@;@0,4@;@@;@
"3911901900"@;@1 126 143@;@37 094@;@@;@@;@@;@@;@1 126 143@;@@;@@;@0,3@;@@;@0,56
"8477809800"@;@13 722 586@;@252 467@;@@;@@;@@;@@;@13 722 586@;@@;@@;@0,3@;@@;@0,56
"7220208101"@;@4 053@;@@;@@;@@;@@;@@;@4 053@;@@;@@;@0@;@@;@0,5
"1513191902"@;@8 424 356@;@206 250@;@@;@@;@@;@@;@8 424 356@;@@;@@;@0,3@;@@;@0,56
"5310109000"@;@@;@@;@278 344@;@278 344@;@@;@278 344@;@0@;@0@;@@;@0,3@;@@;@
"1513119902"@;@7 101@;@@;@@;@@;@@;@@;@7 101@;@@;@@;@0@;@@;@0,5
"6103490002"@;@17 113@;@@;@89 083@;@111 272@;@89 083@;@5 498@;@100 698@;@22 189@;@17 113@;@0,7@;@11 979,1@;@0,61
"8458918009"@;@2 194 200@;@11 271@;@@;@@;@@;@@;@2 194 200@;@@;@@;@0,3@;@@;@0,56
"5503110000"@;@587@;@@;@@;@@;@@;@@;@587@;@@;@@;@0@;@@;@0,5
"4911990000"@;@3 074 129@;@3 391 201@;@@;@@;@@;@@;@3 074 129@;@@;@@;@0,7@;@@;@0,64
"6206909000"@;@587 558@;@164 780@;@45 418@;@113 545@;@34 953@;@10 465@;@457 731@;@68 127@;@68 127@;@0,6@;@40 876,2@;@0,8
"8505110000"@;@488 877@;@104@;@790@;@790@;@790@;@@;@489 563@;@0@;@0@;@0,6@;@0@;@0,62
"6107110000"@;@575 641@;@15 126 377@;@6 113 152@;@6 846 194@;@5 295 375@;@1 118 188@;@5 570 605@;@733 042@;@575 641@;@1@;@575 641@;@0,63
"2912110000"@;@489 590@;@@;@3 695 690@;@5 820 838@;@3 586 403@;@147 148@;@4 038 132@;@2 125 148@;@489 590@;@0,7@;@342 713@;@1,5
"3215900000"@;@2 657 220@;@49 907@;@@;@@;@@;@@;@2 657 220@;@@;@@;@0,7@;@@;@0,64
"8523291505"@;@41 437@;@@;@@;@@;@@;@@;@41 437@;@@;@@;@0@;@@;@0,5
"5515290000"@;@11 008@;@@;@8 438@;@10 639@;@8 438@;@2@;@19 444@;@2 201@;@2 201@;@0,3@;@660,3@;@0,4
"8501402009"@;@12 059 580@;@11 399@;@64 532@;@64 532@;@64 278@;@255@;@12 112 458@;@0@;@0@;@0,6@;@0@;@0,62
"2939200000"@;@291@;@@;@@;@@;@@;@@;@291@;@@;@@;@0@;@@;@0,5
"0405909000"@;@105 469@;@@;@@;@@;@@;@@;@105 469@;@@;@@;@0@;@@;@0,5
"6214900000"@;@11 670@;@20 492@;@1 172 299@;@1 709 370@;@1 164 067@;@37 873@;@1 146 096@;@537 071@;@11 670@;@0,6@;@7 002@;@13,93
"8536693000"@;@28 375@;@@;@@;@@;@@;@@;@28 375@;@@;@@;@0@;@@;@0,5
"4802552500"@;@10 438 504@;@166 305@;@2 307@;@2 307@;@2 307@;@@;@10 274 506@;@0@;@0@;@0,6@;@0@;@0,63
"0302140000"@;@3 295 098@;@@;@@;@@;@@;@@;@3 295 098@;@@;@@;@0@;@@;@0,5
"9504200009"@;@122 178@;@15@;@@;@@;@@;@@;@122 178@;@@;@@;@0,3@;@@;@0,56
"2008977800"@;@8 487@;@@;@@;@@;@@;@@;@8 487@;@@;@@;@0@;@@;@0,5
"5211110000"@;@@;@@;@10 603 888@;@10 796 625@;@10 891 767@;@1 464 437@;@10 891 767@;@192 737@;@@;@0,7@;@@;@
"8702901190"@;@24 621 737@;@321 013@;@8 218 800@;@11 415 000@;@7 520 484@;@698 316@;@31 821 208@;@3 196 200@;@3 196 200@;@1@;@3 196 200@;@0,63
"9101290000"@;@47 176@;@@;@@;@@;@@;@@;@47 176@;@@;@@;@0@;@@;@0,5
"4408901508"@;@39 344@;@@;@@;@@;@@;@@;@39 344@;@@;@@;@0@;@@;@0,5
"7222111101"@;@@;@@;@3 650@;@3 650@;@3 650@;@@;@3 650@;@0@;@@;@0,3@;@@;@
"8201900001"@;@168 248@;@@;@1 364 315@;@1 364 315@;@1 160 660@;@79 001@;@1 453 562@;@0@;@0@;@0,7@;@0@;@0,2
"0811205900"@;@10 586@;@@;@@;@@;@@;@@;@10 586@;@@;@@;@0@;@@;@0,5
"5513390000"@;@2 311@;@@;@@;@@;@@;@@;@2 311@;@@;@@;@0@;@@;@0,5
"7018101900"@;@7 322@;@268@;@@;@@;@@;@@;@7 322@;@@;@@;@0,3@;@@;@0,56
"3005903100"@;@25 236@;@5 460 580@;@5 921 529@;@6 075 300@;@5 848 507@;@427 747@;@5 519 018@;@153 771@;@25 236@;@1@;@25 236@;@2,03
"3901908000"@;@4 910 128@;@71 419@;@6 930 836@;@7 641 518@;@6 924 722@;@90 671@;@11 750 293@;@710 682@;@710 682@;@0,6@;@426 409,2@;@0,37
"8428903000"@;@@;@@;@1 375 862@;@1 399 861@;@1 176 157@;@154 053@;@1 176 157@;@23 999@;@@;@0,3@;@@;@
"2009799809"@;@273 653@;@@;@@;@@;@@;@@;@273 653@;@@;@@;@0@;@@;@0,5
"7222111109"@;@494 602@;@@;@13 140@;@13 140@;@13 140@;@@;@507 742@;@0@;@0@;@0,3@;@0@;@0,55
"8413708109"@;@@;@@;@@;@@;@@;@@;@0@;@@;@@;@0,4@;@@;@
"8481804000"@;@5 508 902@;@209@;@54 070@;@54 070@;@52 112@;@1 959@;@5 560 804@;@0@;@0@;@0,6@;@0@;@0,62
"2804100000"@;@51 866@;@@;@31 085@;@153 871@;@31 085@;@@;@82 951@;@122 786@;@51 866@;@0,7@;@36 306,2@;@1,16
"5205210002"@;@@;@36 606@;@@;@@;@@;@@;@0@;@@;@@;@0,3@;@@;@
"8466919500"@;@133 088@;@371@;@74 834@;@117 702@;@74 834@;@@;@207 551@;@42 868@;@42 868@;@0,6@;@25 720,8@;@0,54
"2933995000"@;@3 419@;@@;@@;@@;@@;@@;@3 419@;@@;@@;@0@;@@;@0,5
"7310100000"@;@3 482 118@;@17 142@;@660 669@;@660 669@;@656 008@;@4 661@;@4 120 984@;@0@;@0@;@1@;@0@;@0,62
"3807009000"@;@1 480@;@@;@@;@@;@@;@@;@1 480@;@@;@@;@0@;@@;@0,5
"7315820000"@;@654 199@;@2 100@;@103 634@;@194 397@;@103 634@;@@;@755 733@;@90 763@;@90 763@;@1@;@90 763@;@0,67
"4804419800"@;@49@;@@;@158@;@158@;@158@;@@;@207@;@0@;@0@;@0,3@;@0@;@0,18
"4819400000"@;@2 152 994@;@1 924 051@;@12 759 433@;@13 225 509@;@12 759 120@;@6 583@;@14 905 844@;@466 076@;@466 076@;@1@;@466 076@;@0,34
"5514490000"@;@@;@17 718@;@@;@@;@@;@@;@0@;@@;@@;@0,3@;@@;@
"6601100000"@;@1 316 814@;@2 446@;@308 765@;@394 107@;@270 956@;@37 811@;@1 585 322@;@85 342@;@85 342@;@1@;@85 342@;@0,63
"6402999800"@;@1 246 058@;@349 844@;@44 369@;@63 427@;@40 969@;@2 963@;@937 620@;@19 058@;@19 058@;@1@;@19 058@;@0,87
"8408904500"@;@69 967@;@@;@@;@@;@@;@@;@69 967@;@@;@@;@0@;@@;@0,5
"7210904000"@;@1 343 053@;@@;@@;@@;@@;@@;@1 343 053@;@@;@@;@0@;@@;@0,5
"8415200001"@;@1 746 365@;@@;@95@;@95@;@95@;@@;@1 746 460@;@0@;@0@;@0,3@;@0@;@0,56
"8460409000"@;@41 711@;@1 072@;@@;@@;@@;@@;@41 711@;@@;@@;@0,3@;@@;@0,56
"8531202000"@;@6 578 044@;@24 962@;@59 251@;@59 251@;@59 251@;@@;@6 612 333@;@0@;@0@;@1@;@0@;@0,7
"1602909900"@;@@;@@;@9 789@;@12 236@;@9 789@;@@;@9 789@;@2 447@;@@;@0,3@;@@;@
"5201009000"@;@24 356@;@@;@3 090 428@;@3 124 780@;@2 427 063@;@663 366@;@2 451 418@;@34 352@;@24 356@;@0,3@;@7 306,8@;@0,49
"4823904000"@;@38 446@;@@;@8 950 276@;@9 175 202@;@8 946 905@;@15 873@;@8 972 849@;@224 926@;@38 446@;@0,3@;@11 533,8@;@1,82
"2008706900"@;@3 627@;@114@;@@;@@;@@;@@;@3 627@;@@;@@;@0,3@;@@;@0,56
"8516608000"@;@1 988 035@;@130 863@;@163 013@;@164 489@;@293 251@;@151 974@;@1 868 211@;@1 476@;@1 476@;@0,6@;@885,6@;@0,65
"2008979800"@;@6 454@;@5 330@;@@;@@;@@;@@;@6 454@;@@;@@;@0,3@;@@;@0,56
"406907800"@;@@;@@;@1 493 911@;@1 505 959@;@1 493 911@;@@;@1 493 911@;@12 048@;@@;@0,3@;@@;@
"5903209000"@;@22 931 499@;@108 481@;@168 167@;@169 663@;@122 116@;@64 653@;@22 926 532@;@1 496@;@1 496@;@0,6@;@897,6@;@0,62
"8413708909"@;@@;@@;@@;@@;@@;@@;@0@;@@;@@;@0,4@;@@;@
"8415810010"@;@21 779 143@;@@;@1 404 473@;@1 491 165@;@1 404 473@;@3 532@;@23 180 084@;@86 692@;@86 692@;@0,3@;@26 007,6@;@0,53
"4011209000"@;@87 207 886@;@134 395@;@@;@@;@@;@@;@87 207 886@;@@;@@;@0,3@;@@;@0,56
"8109990000"@;@15 400@;@@;@@;@@;@@;@@;@15 400@;@@;@@;@0@;@@;@0,5
"2933992000"@;@432 902@;@@;@@;@@;@@;@@;@432 902@;@@;@@;@0@;@@;@0,5
"5408340000"@;@2 258@;@@;@@;@@;@@;@@;@2 258@;@@;@@;@0@;@@;@0,5
"6211333100"@;@44 737@;@5 590@;@151 668@;@151 668@;@149 363@;@7 745@;@188 660@;@0@;@0@;@1@;@0@;@0,32
"406908600"@;@@;@@;@229 235@;@229 235@;@229 235@;@2 476@;@229 235@;@0@;@@;@0,3@;@@;@
"9504302009"@;@378 211@;@933@;@43 509@;@43 509@;@43 509@;@@;@420 787@;@0@;@0@;@0,6@;@0@;@0,57
"2905130000"@;@289 973@;@@;@@;@@;@@;@@;@289 973@;@@;@@;@0,4@;@@;@0,58
"8506503000"@;@83 766@;@834@;@@;@@;@@;@@;@83 766@;@@;@@;@0,3@;@@;@0,56
"2804900000"@;@176@;@@;@@;@@;@@;@@;@176@;@@;@@;@0@;@@;@0,5
"9403105900"@;@@;@@;@177 806@;@195 975@;@107 335@;@70 471@;@107 335@;@18 169@;@@;@0,3@;@@;@
"5911400000"@;@402 952@;@481 959@;@2 773 573@;@2 790 381@;@2 773 348@;@225@;@3 176 300@;@16 808@;@16 808@;@1@;@16 808@;@0,28
"0102219000"@;@12 934 869@;@@;@@;@@;@@;@@;@12 934 869@;@@;@@;@0@;@@;@0,5
"8524910076"@;@5 171@;@@;@@;@@;@@;@@;@5 171@;@@;@@;@0@;@@;@0,5
"0403207100"@;@5 168 082@;@31 867@;@@;@@;@@;@@;@5 168 082@;@@;@@;@0,3@;@@;@0,56
"4011100000"@;@@;@@;@33 194 688@;@86 634 972@;@28 188 860@;@8 687 230@;@28 188 860@;@53 440 284@;@@;@0,3@;@@;@
"2523100000"@;@62 295@;@460 000@;@76 342 953@;@78 325 495@;@74 726 406@;@1 484 146@;@74 921 102@;@1 982 542@;@62 295@;@1@;@62 295@;@9,75
"3808943000"@;@378 368@;@@;@@;@@;@@;@@;@378 368@;@@;@@;@0,4@;@@;@0,58
"202100000"@;@@;@@;@101 802@;@101 802@;@101 802@;@@;@101 802@;@0@;@@;@0,3@;@@;@
"8110200000"@;@@;@@;@4 035 776@;@4 040 373@;@4 035 776@;@1 799@;@4 035 776@;@4 597@;@@;@0,3@;@@;@
"1510900000"@;@318 649@;@@;@@;@@;@@;@@;@318 649@;@@;@@;@0@;@@;@0,5
"3905210000"@;@1 176 231@;@618 164@;@@;@@;@@;@@;@1 176 231@;@@;@@;@0,3@;@@;@0,56
"7320101100"@;@13 904 955@;@6 276@;@1 429 287@;@1 429 287@;@1 228 324@;@76 309@;@15 251 657@;@0@;@0@;@0,6@;@0@;@0,58
"8425420009"@;@@;@@;@@;@@;@@;@@;@0@;@@;@@;@0,4@;@@;@
"2712209000"@;@1 172 316@;@46 950@;@@;@@;@@;@@;@1 172 316@;@@;@@;@0,7@;@@;@0,64
"8483402109"@;@@;@@;@@;@@;@@;@@;@0@;@@;@@;@0,4@;@@;@
"5607290000"@;@1 976@;@@;@230 607@;@230 607@;@230 607@;@@;@232 583@;@0@;@0@;@0,3@;@0@;@0,06
"2708100000"@;@41 665@;@@;@@;@@;@@;@@;@41 665@;@@;@@;@0@;@@;@0,5
"5407830000"@;@878 113@;@370@;@2 915@;@2 915@;@2 915@;@@;@880 658@;@0@;@0@;@0,6@;@0@;@0,62
"2853003000"@;@@;@@;@7 900@;@7 900@;@7 900@;@790@;@7 900@;@0@;@@;@0,3@;@@;@
"6116109009"@;@3 055@;@@;@45 361@;@45 361@;@45 361@;@@;@48 416@;@0@;@0@;@0,3@;@0@;@0,09
"7208512009"@;@64 216 252@;@@;@13 779@;@107 279@;@13 779@;@@;@64 230 031@;@93 500@;@93 500@;@0,3@;@28 050@;@0,56
"4404100001"@;@215 548@;@@;@@;@@;@@;@@;@215 548@;@@;@@;@0@;@@;@0,5
"2519901000"@;@74 831@;@@;@84 274@;@84 274@;@89 116@;@40 047@;@119 058@;@0@;@0@;@0,7@;@0@;@0,45
"4009420000"@;@962 882@;@28 526@;@2 482 425@;@2 515 788@;@2 405 336@;@79 928@;@3 365 379@;@33 363@;@33 363@;@0,6@;@20 017,8@;@0,27
"7318240009"@;@@;@@;@4 440@;@5 657@;@4 440@;@@;@4 440@;@1 217@;@@;@0,3@;@@;@
"2710124500"@;@90 075 012@;@@;@1 800 795@;@1 800 795@;@1 800 795@;@@;@91 875 807@;@0@;@0@;@0,3@;@0@;@0,55
"8423101000"@;@390 468@;@2 093@;@601 294@;@601 294@;@515 097@;@86 198@;@905 564@;@0@;@0@;@0,6@;@0@;@0,34
"8459310000"@;@164 291@;@@;@308 106@;@308 106@;@308 106@;@@;@472 397@;@0@;@0@;@0,3@;@0@;@0,23
"4813909000"@;@237@;@@;@@;@@;@@;@@;@237@;@@;@@;@0@;@@;@0,5
"5210320000"@;@64 276@;@@;@@;@@;@@;@@;@64 276@;@@;@@;@0@;@@;@0,5
"8472909200"@;@2 302@;@@;@@;@@;@@;@@;@2 302@;@@;@@;@0@;@@;@0,5
"5208121600"@;@102 121@;@16 791 802@;@14 292 357@;@15 290 642@;@13 039 398@;@1 477 757@;@12 916 721@;@998 285@;@102 121@;@1@;@102 121@;@3,14
"9401309000"@;@@;@@;@380 157@;@384 461@;@380 157@;@10 069@;@380 157@;@4 304@;@@;@0,3@;@@;@
"2007999702"@;@167 550@;@430 257@;@@;@@;@@;@@;@167 550@;@@;@@;@0,3@;@@;@0,56
"8504408500"@;@5 582 402@;@407 777@;@9 285@;@9 285@;@9 285@;@@;@5 183 910@;@0@;@0@;@1@;@0@;@0,74
"5606009100"@;@387 978@;@25 863@;@@;@@;@@;@@;@387 978@;@@;@@;@0,3@;@@;@0,56
"4811590001"@;@15 985@;@@;@3 095 488@;@3 095 488@;@3 095 488@;@@;@3 111 473@;@0@;@0@;@0,3@;@0@;@0,06
"8516108000"@;@12 244 329@;@11 480 528@;@50 474 171@;@51 874 444@;@50 520 740@;@2 467 113@;@60 251 387@;@1 400 273@;@1 400 273@;@1@;@1 400 273@;@0,34
"7208390000"@;@425 726 425@;@255 552@;@6 752@;@7 227@;@118 477@;@16 457 892@;@409 019 733@;@475@;@475@;@1@;@475@;@0,72
"2009191908"@;@9 843@;@@;@@;@@;@@;@@;@9 843@;@@;@@;@0@;@@;@0,5
"8528629001"@;@97 199@;@@;@@;@@;@@;@@;@97 199@;@@;@@;@0@;@@;@0,5
"6211324200"@;@1 205@;@@;@@;@@;@@;@@;@1 205@;@@;@@;@0@;@@;@0,5
"9405290032"@;@63 910@;@@;@@;@@;@@;@@;@63 910@;@@;@@;@0@;@@;@0,5
"8504405500"@;@11 426 902@;@31 259@;@127 940@;@167 272@;@129 001@;@3 616@;@11 519 967@;@39 332@;@39 332@;@0,6@;@23 599,2@;@0,62
"5515113000"@;@77 638@;@@;@@;@@;@@;@@;@77 638@;@@;@@;@0@;@@;@0,5
"8430390000"@;@@;@@;@616@;@616@;@616@;@@;@616@;@0@;@@;@0,3@;@@;@
"8516210000"@;@3 200@;@@;@177 957@;@235 575@;@164 812@;@156 668@;@24 489@;@57 618@;@3 200@;@0,3@;@960@;@5,53
"9102120000"@;@517 669@;@2 200@;@@;@@;@@;@@;@517 669@;@@;@@;@0,3@;@@;@0,56
"8450900000"@;@1 985 339@;@4 084@;@24 176@;@33 044@;@24 176@;@@;@2 005 431@;@8 868@;@8 868@;@0,6@;@5 320,8@;@0,62
"1102903000"@;@15 067@;@@;@@;@@;@@;@@;@15 067@;@@;@@;@0@;@@;@0,5
"5407840000"@;@301 657@;@@;@@;@@;@@;@@;@301 657@;@@;@@;@0,4@;@@;@0,58
"3808919000"@;@@;@@;@2 117 333@;@2 334 736@;@1 880 873@;@471 017@;@1 880 873@;@217 403@;@@;@0,3@;@@;@
"4911990009"@;@@;@@;@@;@@;@@;@@;@0@;@@;@@;@0,4@;@@;@
"2309909100"@;@4 093@;@@;@16 256 220@;@16 779 710@;@11 246 904@;@313 480@;@15 946 833@;@523 490@;@4 093@;@0,3@;@1 227,9@;@38,43
"3822900000"@;@18 283 007@;@713 351@;@93 042@;@93 042@;@93 042@;@408@;@17 662 290@;@0@;@0@;@1@;@0@;@0,72
"7222201900"@;@19 735@;@@;@@;@@;@@;@@;@19 735@;@@;@@;@0@;@@;@0,5
"3301249000"@;@2 315@;@@;@@;@@;@@;@@;@2 315@;@@;@@;@0@;@@;@0,5
"8708503000"@;@@;@@;@790@;@8 690@;@790@;@@;@790@;@7 900@;@@;@0,3@;@@;@
"2914130000"@;@4 028@;@@;@@;@@;@@;@@;@4 028@;@@;@@;@0@;@@;@0,5
"1806207000"@;@12 275@;@@;@@;@@;@@;@@;@12 275@;@@;@@;@0@;@@;@0,5
"2915130000"@;@1 638@;@@;@@;@@;@@;@@;@1 638@;@@;@@;@0@;@@;@0,5
"7403220000"@;@102 260@;@@;@134 358@;@134 358@;@134 358@;@@;@236 618@;@0@;@0@;@0,7@;@0@;@0,36
"6203495000"@;@63 352@;@@;@49 793@;@51 792@;@68 609@;@22 896@;@90 249@;@1 999@;@1 999@;@0,7@;@1 399,3@;@0,5
"7010903100"@;@2 486@;@@;@458 528@;@458 528@;@458 528@;@@;@461 014@;@0@;@0@;@0,3@;@0@;@0,06
"2903590000"@;@70@;@@;@@;@@;@@;@@;@70@;@@;@@;@0@;@@;@0,5
"0804209000"@;@52 781@;@1 910 489@;@@;@@;@@;@@;@52 781@;@@;@@;@0,3@;@@;@0,56
"8487905100"@;@237@;@@;@@;@@;@@;@@;@237@;@@;@@;@0@;@@;@0,5
"4818209100"@;@985 209@;@554 594@;@8 893 190@;@18 574 590@;@3 879 235@;@75 768@;@9 802 631@;@9 681 400@;@985 209@;@1@;@985 209@;@3,2
"0307311000"@;@812@;@@;@@;@@;@@;@@;@812@;@@;@@;@0@;@@;@0,5
"8414900000"@;@18 995 511@;@675 704@;@2 444 625@;@2 481 764@;@2 271 873@;@301 012@;@20 463 420@;@37 139@;@37 139@;@1@;@37 139@;@0,66
"5206320006"@;@@;@25 972@;@@;@@;@@;@@;@0@;@@;@@;@0,3@;@@;@
"3104900000"@;@@;@@;@203 841@;@203 841@;@199 891@;@11 235@;@199 891@;@0@;@@;@0,3@;@@;@
"4823908595"@;@1 993@;@@;@27 650@;@@;@27 650@;@@;@29 643@;@@;@@;@0,3@;@@;@0,09
"2007993500"@;@539 623@;@63 717@;@7 470@;@11 205@;@9 708@;@2 730@;@480 646@;@3 735@;@3 735@;@1@;@3 735@;@0,76
"7310299000"@;@1 186 933@;@18 956@;@17 380@;@17 380@;@17 380@;@@;@1 185 357@;@0@;@0@;@0,6@;@0@;@0,62
"8466102000"@;@370 049@;@13 665@;@56 221@;@60 136@;@55 668@;@553@;@412 052@;@3 915@;@3 915@;@1@;@3 915@;@0,65
"0706909002"@;@@;@@;@@;@@;@@;@@;@0@;@@;@@;@0,4@;@@;@
"4115200000"@;@73@;@@;@10 294@;@11 086@;@2 779@;@7 515@;@2 852@;@792@;@73@;@0,3@;@21,9@;@3,33
"8207809000"@;@43 433@;@@;@@;@@;@@;@@;@43 433@;@@;@@;@0@;@@;@0,5
"8528421000"@;@16 741@;@@;@27 266@;@33 638@;@26 872@;@394@;@43 613@;@6 372@;@6 372@;@0,3@;@1 911,6@;@0,37
"0408998000"@;@1 049@;@@;@@;@@;@@;@@;@1 049@;@@;@@;@0@;@@;@0,5
"711201000"@;@@;@@;@2 501 258@;@2 520 583@;@2 348 281@;@152 977@;@2 348 281@;@19 325@;@@;@0,3@;@@;@
"9028901000"@;@11 216 512@;@312@;@@;@@;@@;@@;@11 216 512@;@@;@@;@0,3@;@@;@0,56
"5407920000"@;@156 392@;@@;@4 686@;@4 686@;@4 686@;@@;@161 078@;@0@;@0@;@0,3@;@0@;@0,55
"0602902000"@;@2 120@;@@;@@;@@;@@;@@;@2 120@;@@;@@;@0@;@@;@0,5
"8208900000"@;@2 769 411@;@10 139@;@@;@@;@@;@@;@2 769 411@;@@;@@;@0,7@;@@;@0,64
"2530109000"@;@@;@@;@6 380@;@6 380@;@6 380@;@@;@6 380@;@0@;@@;@0,3@;@@;@
"8466940000"@;@2 642 734@;@47 695@;@@;@@;@@;@@;@2 642 734@;@@;@@;@0,3@;@@;@0,56
"5514120000"@;@193 178@;@4 286@;@8 322@;@8 322@;@8 322@;@@;@197 214@;@0@;@0@;@0,6@;@0@;@0,61
"6202139000"@;@@;@@;@234 086@;@468 172@;@323 872@;@37 270@;@323 872@;@234 086@;@@;@0,3@;@@;@
"6108220000"@;@363 837@;@2 190@;@97 597@;@103 284@;@97 597@;@@;@459 244@;@5 687@;@5 687@;@0,6@;@3 412,2@;@0,52
"4403222000"@;@1 354 006@;@@;@@;@@;@@;@@;@1 354 006@;@@;@@;@0@;@@;@0,5
"2710124130"@;@341 023 053@;@163 947 541@;@@;@@;@@;@@;@341 023 053@;@@;@@;@0,3@;@@;@0,56
"1302120000"@;@3 324@;@38 973 628@;@35 077 359@;@36 303 885@;@31 999 960@;@5 057 142@;@30 023 541@;@1 226 526@;@3 324@;@0,6@;@1 994,4@;@100
"4002110000"@;@6 534 555@;@133 316@;@473 061@;@517 950@;@473 061@;@@;@6 874 300@;@44 889@;@44 889@;@0,6@;@26 933,4@;@0,6
"3916901300"@;@@;@@;@80 235@;@91 176@;@80 235@;@29 765@;@80 235@;@10 941@;@@;@0,3@;@@;@
"1701121009"@;@16 732 698@;@@;@@;@@;@@;@@;@16 732 698@;@@;@@;@0@;@@;@0,5
"7113110000"@;@807 651@;@2 789@;@95 606@;@95 606@;@80 244@;@18 415@;@882 053@;@0@;@0@;@0,6@;@0@;@0,58
"8423819000"@;@264 591@;@387@;@@;@@;@@;@@;@264 591@;@@;@@;@0,3@;@@;@0,56
"3405901090"@;@49 069@;@111@;@@;@@;@@;@@;@49 069@;@@;@@;@0,3@;@@;@0,56
"7615108001"@;@376@;@49@;@@;@@;@@;@@;@376@;@@;@@;@0,3@;@@;@0,56
"5402490000"@;@148 175@;@@;@@;@@;@@;@@;@148 175@;@@;@@;@0@;@@;@0,5
"6211424100"@;@12 596@;@@;@72 662@;@72 662@;@72 662@;@@;@85 258@;@0@;@0@;@0,7@;@0@;@0,21
"4809200000"@;@71 386@;@@;@2 844@;@2 844@;@2 844@;@@;@74 230@;@0@;@0@;@0,3@;@0@;@0,54
"0406900100"@;@146 078@;@@;@@;@@;@@;@@;@146 078@;@@;@@;@0@;@@;@0,5
"2009909400"@;@766@;@@;@@;@@;@@;@@;@766@;@@;@@;@0@;@@;@0,5
"8516609000"@;@864 437@;@5 276 385@;@12 701 648@;@12 918 216@;@13 358 947@;@1 041 966@;@12 524 119@;@216 568@;@216 568@;@1@;@216 568@;@0,31
"0709991000"@;@@;@2 359 558@;@@;@@;@@;@@;@0@;@@;@@;@0,7@;@@;@
"5514303000"@;@38 865@;@6 315@;@@;@@;@@;@@;@38 865@;@@;@@;@0,3@;@@;@0,56
"4503101000"@;@15 405@;@@;@@;@@;@@;@@;@15 405@;@@;@@;@0@;@@;@0,5
"8455303900"@;@@;@@;@9 152@;@9 152@;@9 152@;@@;@9 152@;@0@;@@;@0,3@;@@;@
"7019130009"@;@57 556@;@113 853@;@@;@@;@@;@@;@57 556@;@@;@@;@0,3@;@@;@0,56
"8708406000"@;@@;@@;@790@;@8 690@;@790@;@@;@790@;@7 900@;@@;@0,3@;@@;@
"8483201000"@;@@;@@;@790@;@790@;@790@;@@;@790@;@0@;@@;@0,3@;@@;@
"8471607000"@;@3 847 878@;@318 470@;@3 021 884@;@3 021 884@;@3 021 884@;@52 781@;@6 498 511@;@0@;@0@;@0,6@;@0@;@0,42
"8451400009"@;@15 418 421@;@@;@@;@@;@@;@@;@15 418 421@;@@;@@;@0@;@@;@0,5
"8452900001"@;@93 679@;@873@;@3 227@;@3 227@;@3 227@;@@;@96 033@;@0@;@0@;@1@;@0@;@0,69
"2204213200"@;@2 888@;@@;@@;@@;@@;@@;@2 888@;@@;@@;@0@;@@;@0,5
"8412298901"@;@@;@@;@4 350@;@413 250@;@4 350@;@@;@4 350@;@408 900@;@@;@0,3@;@@;@
"8483502000"@;@1 426 394@;@34 709@;@1 376 896@;@1 377 176@;@1 177 191@;@75 051@;@2 693 530@;@280@;@280@;@0,6@;@168@;@0,38
"7103100000"@;@@;@@;@103 481@;@113 815@;@103 481@;@@;@103 481@;@10 334@;@@;@0,3@;@@;@
"0204410000"@;@1 597 262@;@@;@@;@@;@@;@@;@1 597 262@;@@;@@;@0@;@@;@0,5
"9403700003"@;@4 427@;@@;@7 900@;@15 273@;@7 900@;@@;@12 327@;@7 373@;@4 427@;@0,7@;@3 098,9@;@0,82
"2208609100"@;@71 070@;@@;@@;@@;@@;@@;@71 070@;@@;@@;@0@;@@;@0,5
"7219139000"@;@8 460@;@@;@@;@@;@@;@@;@8 460@;@@;@@;@0@;@@;@0,5
"2523900000"@;@1 287@;@406 936@;@176 110@;@176 110@;@176 110@;@@;@177 397@;@0@;@0@;@0,6@;@0@;@0,12
"1904103000"@;@92 943@;@9 390@;@@;@@;@@;@@;@92 943@;@@;@@;@0,3@;@@;@0,56
"8703241010"@;@96 453@;@@;@@;@@;@@;@@;@96 453@;@@;@@;@0@;@@;@0,5
"9503002100"@;@1 059 557@;@27 764@;@7 627@;@7 627@;@7 627@;@@;@1 039 420@;@0@;@0@;@1@;@0@;@0,71
"9405420039"@;@1 366 222@;@2 518@;@@;@@;@@;@@;@1 366 222@;@@;@@;@0,7@;@@;@0,64
"2007995005"@;@@;@147 584@;@@;@@;@@;@@;@0@;@@;@@;@0,3@;@@;@
"4811100000"@;@@;@97@;@13 215 504@;@14 342 951@;@13 215 504@;@412 682@;@12 802 822@;@1 127 447@;@@;@0,6@;@@;@
"6403991100"@;@271 802@;@3 157@;@@;@@;@@;@@;@271 802@;@@;@@;@0,7@;@@;@0,64
"8536901000"@;@25 435 965@;@38 684@;@1 096 508@;@1 315 304@;@1 096 508@;@@;@26 493 789@;@218 796@;@218 796@;@1@;@218 796@;@0,68
"0703200005"@;@@;@@;@@;@@;@@;@@;@0@;@@;@@;@0,4@;@@;@
"8701921000"@;@5 819 093@;@@;@@;@@;@@;@@;@5 819 093@;@@;@@;@0@;@@;@0,5
"6304930000"@;@827 072@;@64 103@;@547 897@;@570 426@;@547 897@;@@;@1 310 866@;@22 529@;@22 529@;@1@;@22 529@;@0,52
"7315810000"@;@7 424@;@@;@8 790@;@12 966@;@8 237@;@553@;@15 661@;@4 176@;@4 176@;@0,3@;@1 252,8@;@0,47
"7409190000"@;@90 887@;@2 587 695@;@@;@@;@@;@@;@90 887@;@@;@@;@0,3@;@@;@0,56
"8544499109"@;@1 372@;@@;@100 242 541@;@110 547 315@;@93 566 349@;@16 338 249@;@83 905 664@;@10 304 774@;@1 372@;@0,3@;@411,6@;@100
"9503001000"@;@@;@@;@206 912@;@209 541@;@173 562@;@35 993@;@173 562@;@2 629@;@@;@0,3@;@@;@
"3917400000"@;@9 197 751@;@521 382@;@14 184 176@;@18 834 494@;@13 646 030@;@2 455 126@;@20 926 801@;@4 650 318@;@4 650 318@;@1@;@4 650 318@;@0,57
"3207408509"@;@12 491 272@;@992 792@;@@;@@;@@;@@;@12 491 272@;@@;@@;@0,3@;@@;@0,56
"7419910000"@;@@;@@;@13 150@;@13 150@;@13 150@;@@;@13 150@;@0@;@@;@0,3@;@@;@
"0604901900"@;@7 116@;@@;@@;@@;@@;@@;@7 116@;@@;@@;@0@;@@;@0,5
"4002600000"@;@1 247 176@;@@;@@;@@;@@;@@;@1 247 176@;@@;@@;@0@;@@;@0,5
"7019620001"@;@2 337 073@;@@;@@;@@;@@;@@;@2 337 073@;@@;@@;@0@;@@;@0,5
"9701990000"@;@58 325@;@@;@@;@@;@@;@@;@58 325@;@@;@@;@0@;@@;@0,5
"0205008000"@;@646 739@;@@;@@;@@;@@;@@;@646 739@;@@;@@;@0@;@@;@0,5
"3102109000"@;@113 494@;@116 899@;@@;@@;@@;@@;@113 494@;@@;@@;@0,3@;@@;@0,56
"201100000"@;@@;@@;@15 635 149@;@19 444 345@;@15 540 756@;@134 497@;@15 540 756@;@3 809 196@;@@;@0,3@;@@;@
"4408908502"@;@202 974@;@@;@@;@@;@@;@@;@202 974@;@@;@@;@0@;@@;@0,5
"8473502000"@;@18 179@;@@;@@;@@;@@;@@;@18 179@;@@;@@;@0@;@@;@0,5
"9401100000"@;@25 693@;@431 339@;@@;@@;@@;@@;@25 693@;@@;@@;@0,3@;@@;@0,56
"0407191100"@;@200 712@;@@;@@;@@;@@;@@;@200 712@;@@;@@;@0@;@@;@0,5
"6307103000"@;@372 555@;@171 905@;@182 838@;@191 154@;@169 884@;@12 954@;@370 534@;@8 316@;@8 316@;@1@;@8 316@;@0,71
"8543900001"@;@@;@@;@35 474@;@212 844@;@35 474@;@@;@35 474@;@177 370@;@@;@0,3@;@@;@
"8536304000"@;@220 928@;@17 943@;@@;@@;@@;@@;@220 928@;@@;@@;@0,3@;@@;@0,56
"4202918000"@;@72 335@;@14 296@;@260 070@;@365 619@;@256 330@;@861@;@331 544@;@105 549@;@72 335@;@1@;@72 335@;@0,75
"5208290000"@;@74 490@;@18 105 894@;@15 281 570@;@15 319 267@;@15 086 402@;@195 168@;@15 160 892@;@37 697@;@37 697@;@1@;@37 697@;@0,35
"3920610000"@;@625 677@;@554 823@;@2 201 984@;@2 201 984@;@2 041 947@;@160 037@;@2 667 624@;@0@;@0@;@1@;@0@;@0,32
"8505199000"@;@272 124@;@55@;@1 200 822@;@1 200 822@;@1 200 822@;@@;@1 472 946@;@0@;@0@;@0,6@;@0@;@0,21
"8438809100"@;@5 931 851@;@1 637 299@;@@;@@;@@;@@;@5 931 851@;@@;@@;@0,3@;@@;@0,56
"8456500000"@;@151 000@;@@;@@;@@;@@;@@;@151 000@;@@;@@;@0@;@@;@0,5
"2517410000"@;@131 323@;@1 992 576@;@4 994 298@;@5 238 061@;@3 300 386@;@1 723 341@;@3 402 280@;@243 763@;@131 323@;@1@;@131 323@;@0,78
"0703101901"@;@@;@@;@@;@@;@@;@@;@0@;@@;@@;@0,4@;@@;@
"4010190000"@;@1 201 356@;@152@;@400 148@;@424 123@;@400 148@;@@;@1 601 352@;@23 975@;@23 975@;@0,6@;@14 385@;@0,5
"4104491100"@;@@;@@;@113 166@;@113 166@;@113 166@;@@;@113 166@;@0@;@@;@0,3@;@@;@
"0707000502"@;@@;@658 974@;@@;@@;@@;@@;@0@;@@;@@;@0,3@;@@;@
"8462690019"@;@22 112@;@@;@@;@@;@@;@@;@22 112@;@@;@@;@0@;@@;@0,5
"0811908000"@;@171 248@;@194 635@;@@;@@;@@;@@;@171 248@;@@;@@;@0,3@;@@;@0,56
"1601009900"@;@@;@@;@44 185 910@;@53 600 545@;@43 800 730@;@218 186@;@43 800 730@;@9 414 635@;@@;@0,3@;@@;@
"4106920000"@;@@;@@;@2 239 203@;@2 239 203@;@254 256@;@1 984 947@;@254 256@;@0@;@@;@0,3@;@@;@
"7407290000"@;@1 094 531@;@278 204@;@42 341@;@42 341@;@42 341@;@@;@858 668@;@0@;@0@;@1@;@0@;@0,84
"8538901200"@;@182 650@;@4@;@7 143@;@7 143@;@7 143@;@98 464@;@91 325@;@0@;@0@;@0,6@;@0@;@1,12
"9506991000"@;@@;@@;@784 206@;@787 003@;@198 140@;@586 066@;@198 140@;@2 797@;@@;@0,3@;@@;@
"2403910000"@;@1 567 366@;@@;@102 465@;@136 620@;@102 465@;@39 106@;@1 630 725@;@34 155@;@34 155@;@0,3@;@10 246,5@;@0,55
"6403911101"@;@@;@@;@118 519@;@118 519@;@118 519@;@@;@118 519@;@0@;@@;@0,3@;@@;@
"8443133500"@;@1 314 181@;@@;@@;@@;@@;@@;@1 314 181@;@@;@@;@0@;@@;@0,5
"2710196401"@;@646 054@;@47 919@;@@;@@;@@;@@;@646 054@;@@;@@;@0,3@;@@;@0,56
"2833293000"@;@98 254@;@@;@@;@@;@@;@@;@98 254@;@@;@@;@0@;@@;@0,5
"8523809900"@;@21 140@;@@;@@;@@;@@;@@;@21 140@;@@;@@;@0@;@@;@0,5
"0805501009"@;@@;@@;@@;@@;@@;@@;@0@;@@;@@;@0,4@;@@;@
"5516320000"@;@@;@@;@1 930@;@1 930@;@1 930@;@@;@1 930@;@0@;@@;@0,3@;@@;@
"2710195509"@;@@;@@;@1 841@;@1 841@;@1 841@;@@;@1 841@;@0@;@@;@0,3@;@@;@
"7201509000"@;@@;@@;@2 522 272@;@2 609 629@;@234 070@;@2 288 685@;@234 070@;@87 357@;@@;@0,3@;@@;@
"9401990001"@;@174 693@;@@;@239 161@;@243 659@;@239 161@;@@;@413 854@;@4 498@;@4 498@;@0,3@;@1 349,4@;@0,28
"7306508000"@;@1 242 402@;@16 937@;@1 525 550@;@1 871 840@;@1 521 923@;@3 627@;@2 764 325@;@346 290@;@346 290@;@0,6@;@207 774@;@0,43
"0402991000"@;@1 912 866@;@187 157@;@@;@@;@@;@@;@1 912 866@;@@;@@;@0,7@;@@;@0,64
"6005230000"@;@@;@1 600@;@@;@@;@@;@@;@0@;@@;@@;@0,3@;@@;@
"2009901100"@;@@;@@;@2 650 373@;@2 653 719@;@2 633 876@;@876 823@;@2 633 876@;@3 346@;@@;@0,3@;@@;@
"210994100"@;@@;@@;@161 724@;@161 724@;@161 724@;@@;@161 724@;@0@;@@;@0,3@;@@;@
"8406909000"@;@5 495 690@;@@;@@;@@;@@;@@;@5 495 690@;@@;@@;@0@;@@;@0,5
"9026108100"@;@726 730@;@548 349@;@@;@@;@@;@@;@726 730@;@@;@@;@0,3@;@@;@0,56
"2903510000"@;@5 177@;@@;@@;@@;@@;@@;@5 177@;@@;@@;@0@;@@;@0,5
"8472100000"@;@39 050@;@@;@195 663@;@240 991@;@195 663@;@@;@234 713@;@45 328@;@39 050@;@0,3@;@11 715@;@0,49
"5603119000"@;@12 495 076@;@40 241@;@1 161 722@;@1 448 531@;@985 087@;@246 661@;@13 369 896@;@286 809@;@286 809@;@0,6@;@172 085,4@;@0,59
"2829110000"@;@305 304@;@8 501 344@;@11 551 744@;@20 791 972@;@8 479 775@;@689 190@;@11 167 858@;@9 240 228@;@305 304@;@0,6@;@183 182,4@;@9,21
"5903101000"@;@14 928@;@@;@@;@@;@@;@@;@14 928@;@@;@@;@0@;@@;@0,5
"8407219100"@;@12 359@;@@;@@;@@;@@;@@;@12 359@;@@;@@;@0@;@@;@0,5
"2008994900"@;@542 536@;@19 322@;@@;@@;@@;@@;@542 536@;@@;@@;@0,3@;@@;@0,56
"1806906000"@;@5 589 292@;@804 081@;@10 077 171@;@11 981 346@;@10 049 136@;@235 148@;@15 431 315@;@1 904 175@;@1 904 175@;@0,6@;@1 142 505@;@0,4
"4016999109"@;@@;@@;@@;@@;@@;@@;@0@;@@;@@;@0,4@;@@;@
"5101210000"@;@36 853@;@1 007 125@;@849 990@;@948 515@;@758 016@;@134 065@;@752 778@;@98 525@;@36 853@;@0,6@;@22 111,8@;@0,95
"4820409000"@;@@;@@;@148 782@;@151 247@;@148 782@;@@;@148 782@;@2 465@;@@;@0,3@;@@;@
"7410120000"@;@1 852@;@1 135 674@;@@;@@;@@;@@;@1 852@;@@;@@;@0,3@;@@;@0,56
"8451210009"@;@306 836@;@25 187@;@@;@@;@@;@@;@306 836@;@@;@@;@0,3@;@@;@0,56
"9015809100"@;@79 878@;@@;@@;@@;@@;@@;@79 878@;@@;@@;@0@;@@;@0,5
"3824992500"@;@83@;@@;@@;@@;@@;@@;@83@;@@;@@;@0@;@@;@0,5
"3909200000"@;@2 285 690@;@2 060@;@35 976@;@44 163@;@34 490@;@1 486@;@2 318 120@;@8 187@;@8 187@;@0,6@;@4 912,2@;@0,61
"6110129009"@;@195 676@;@9 735@;@@;@@;@@;@@;@195 676@;@@;@@;@0,3@;@@;@0,56
"2929100009"@;@2 244 741@;@@;@@;@@;@@;@@;@2 244 741@;@@;@@;@0@;@@;@0,5
"9405410012"@;@224 153@;@12 658@;@5 719@;@5 719@;@5 719@;@@;@217 214@;@0@;@0@;@1@;@0@;@0,72
"7306191000"@;@762 185@;@@;@11 267 602@;@25 014 087@;@10 939 219@;@652 405@;@11 377 382@;@13 746 485@;@762 185@;@0,3@;@228 655,5@;@5,5
"1401100000"@;@15 201@;@@;@@;@@;@@;@@;@15 201@;@@;@@;@0@;@@;@0,5
"1702901000"@;@3 135@;@@;@@;@@;@@;@@;@3 135@;@@;@@;@0@;@@;@0,5
"2933520000"@;@365@;@@;@@;@@;@@;@@;@365@;@@;@@;@0@;@@;@0,5
"0802119000"@;@3 611 531@;@777 833@;@@;@@;@@;@@;@3 611 531@;@@;@@;@0,3@;@@;@0,56
"3003490000"@;@23 132@;@@;@28 694@;@43 041@;@28 694@;@@;@51 826@;@14 347@;@14 347@;@0,3@;@4 304,1@;@0,47
"2930904000"@;@271@;@@;@@;@@;@@;@@;@271@;@@;@@;@0@;@@;@0,5
"2940000000"@;@619 578@;@@;@256 487@;@256 487@;@256 487@;@@;@876 065@;@0@;@0@;@0,3@;@0@;@0,41
"6406906000"@;@5 268@;@@;@469 628@;@491 807@;@394 455@;@154 174@;@320 722@;@22 179@;@5 268@;@0,3@;@1 580,4@;@1,33
"8455303109"@;@1 160 087@;@@;@@;@@;@@;@@;@1 160 087@;@@;@@;@0@;@@;@0,5
"5408221000"@;@87 462@;@@;@@;@@;@@;@@;@87 462@;@@;@@;@0@;@@;@0,5
"8529901090"@;@10 372@;@@;@@;@@;@@;@@;@10 372@;@@;@@;@0@;@@;@0,5
"2918994000"@;@53@;@@;@@;@@;@@;@@;@53@;@@;@@;@0@;@@;@0,5
"8432291000"@;@1 675 499@;@173 272@;@2 974 177@;@2 974 215@;@1 925 151@;@1 146 593@;@3 503 083@;@38@;@38@;@0,6@;@22,8@;@0,36
"3905910000"@;@165 919@;@9 636@;@19 871@;@39 742@;@19 871@;@@;@176 154@;@19 871@;@19 871@;@0,6@;@11 922,6@;@0,63
"8706001909"@;@199 457@;@@;@4 051 706@;@4 051 706@;@4 051 706@;@@;@4 251 163@;@0@;@0@;@0,3@;@0@;@0,08
"8408904300"@;@3 741@;@@;@@;@@;@@;@@;@3 741@;@@;@@;@0@;@@;@0,5
"7216509100"@;@246@;@@;@@;@@;@@;@@;@246@;@@;@@;@0@;@@;@0,5
"6810111000"@;@690@;@3 047 660@;@64 747 731@;@68 633 265@;@54 418 529@;@12 490 130@;@52 258 291@;@3 885 534@;@690@;@1@;@690@;@100
"0908310000"@;@5 914@;@@;@@;@@;@@;@@;@5 914@;@@;@@;@0@;@@;@0,5
"4802620000"@;@318 228@;@@;@@;@@;@@;@@;@318 228@;@@;@@;@0@;@@;@0,5
"6805100000"@;@1 485 496@;@473@;@@;@@;@@;@@;@1 485 496@;@@;@@;@0,3@;@@;@0,56
"5505107000"@;@1 850@;@@;@@;@@;@@;@@;@1 850@;@@;@@;@0@;@@;@0,5
"8528724000"@;@255 974@;@1 357 974@;@37 949 793@;@46 312 460@;@33 341 162@;@17 957 462@;@20 248 305@;@8 362 667@;@255 974@;@1@;@255 974@;@10,01
"8547200009"@;@449 589@;@2 337@;@914 350@;@914 350@;@914 350@;@@;@1 363 939@;@0@;@0@;@1@;@0@;@0,36
"7408290000"@;@77 857@;@98 215@;@199 698@;@199 698@;@@;@199 698@;@77 857@;@0@;@0@;@0,6@;@0@;@0,62
"8704101022"@;@136 242 026@;@@;@76 753 022@;@76 753 022@;@76 753 022@;@@;@212 995 048@;@0@;@0@;@0,3@;@0@;@0,38
"813501500"@;@@;@@;@756 066@;@790 038@;@756 066@;@@;@756 066@;@33 972@;@@;@0,3@;@@;@
"4403219200"@;@184 934@;@@;@@;@@;@@;@@;@184 934@;@@;@@;@0@;@@;@0,5
"3506100000"@;@15 575 306@;@563 652@;@5 362 692@;@6 607 148@;@5 079 316@;@432 467@;@19 941 879@;@1 244 456@;@1 244 456@;@1@;@1 244 456@;@0,61
"2915704000"@;@1 192@;@@;@@;@@;@@;@@;@1 192@;@@;@@;@0@;@@;@0,5
"3926905000"@;@62 279@;@@;@206 955@;@206 955@;@206 955@;@@;@269 234@;@0@;@0@;@0,3@;@0@;@0,18
"7216611000"@;@1 331 855@;@194 363@;@5 935 539@;@6 162 291@;@6 476 559@;@455 375@;@6 812 019@;@226 752@;@226 752@;@1@;@226 752@;@0,35
"7212200000"@;@630 068@;@@;@@;@@;@@;@@;@630 068@;@@;@@;@0@;@@;@0,5
"6907239009"@;@192 660@;@@;@@;@@;@@;@@;@192 660@;@@;@@;@0@;@@;@0,5
"406108000"@;@@;@@;@1 350 391@;@1 371 844@;@1 350 391@;@27 137@;@1 350 391@;@21 453@;@@;@0,3@;@@;@
"5507000000"@;@@;@@;@6 947 578@;@7 302 500@;@6 661 214@;@612 970@;@6 661 214@;@354 922@;@@;@0,3@;@@;@
"6203299000"@;@2 003@;@@;@391 083@;@408 460@;@386 280@;@45 562@;@347 524@;@17 377@;@2 003@;@0,7@;@1 402,1@;@2,75
"0403903300"@;@@;@4 446@;@@;@@;@@;@@;@0@;@@;@@;@0,3@;@@;@
"8705400001"@;@3 222 271@;@@;@@;@@;@@;@@;@3 222 271@;@@;@@;@0@;@@;@0,5
"9026808000"@;@1 045 408@;@2 774 265@;@256 429@;@270 210@;@256 429@;@@;@1 301 837@;@13 781@;@13 781@;@0,6@;@8 268,6@;@0,53
"3925908001"@;@323 360@;@9 140@;@100 067@;@113 713@;@74 271@;@11 762@;@402 525@;@13 646@;@13 646@;@0,6@;@8 187,6@;@0,53
"8207909100"@;@275 242@;@4 003@;@@;@@;@@;@@;@275 242@;@@;@@;@0,3@;@@;@0,56
"7317007000"@;@970 581@;@13 771@;@22 407@;@25 905@;@22 407@;@@;@979 217@;@3 498@;@3 498@;@1@;@3 498@;@0,7
"712330000"@;@@;@@;@16 748@;@16 748@;@5 583@;@11 166@;@5 583@;@0@;@@;@0,3@;@@;@
"4601229000"@;@31@;@@;@@;@@;@@;@@;@31@;@@;@@;@0@;@@;@0,5
"5402610000"@;@52 593@;@@;@8 288 933@;@8 288 933@;@7 961 500@;@457 187@;@7 884 339@;@0@;@0@;@0,3@;@0@;@0,06
"2104109000"@;@@;@@;@46 782@;@46 782@;@34 394@;@12 387@;@34 394@;@0@;@@;@0,3@;@@;@
"8462610096"@;@64 887@;@697@;@@;@@;@@;@@;@64 887@;@@;@@;@0,3@;@@;@0,56
"8482101001"@;@9 356@;@@;@129 125@;@161 406@;@129 125@;@@;@138 481@;@32 281@;@9 356@;@0,3@;@2 806,8@;@1,13
"3501105000"@;@4 947@;@@;@@;@@;@@;@@;@4 947@;@@;@@;@0@;@@;@0,5
"2202999100"@;@22 230@;@@;@319 840 077@;@510 149 702@;@304 295 026@;@33 761 275@;@286 101 032@;@190 309 625@;@22 230@;@0,3@;@6 669@;@100
"9612101000"@;@4 583 174@;@162 208@;@1 435 993@;@1 559 379@;@1 419 269@;@16 723@;@5 840 236@;@123 386@;@123 386@;@0,6@;@74 031,6@;@0,52
"5205330004"@;@623@;@1 654@;@@;@@;@@;@@;@623@;@@;@@;@0,3@;@@;@0,56
"2302409000"@;@32 751@;@@;@2 464 279@;@3 163 590@;@2 049 910@;@957 450@;@1 539 580@;@699 311@;@32 751@;@0,3@;@9 825,3@;@6,48
"8414108900"@;@2 814 234@;@26 771@;@2 832@;@2 832@;@2 287@;@545@;@2 789 750@;@0@;@0@;@0,6@;@0@;@0,62
"403101300"@;@@;@@;@644 771@;@658 998@;@644 771@;@@;@644 771@;@14 227@;@@;@0,3@;@@;@
"4410190008"@;@3 768@;@@;@@;@@;@@;@@;@3 768@;@@;@@;@0@;@@;@0,5
"0706100006"@;@@;@@;@@;@@;@@;@@;@0@;@@;@@;@0,4@;@@;@
"4407296000"@;@@;@@;@20 625@;@20 625@;@20 625@;@@;@20 625@;@0@;@@;@0,3@;@@;@
"9025900001"@;@14 909@;@@;@@;@@;@@;@@;@14 909@;@@;@@;@0@;@@;@0,5
"2202991100"@;@122 885@;@147@;@24 055 120@;@24 056 230@;@24 951 929@;@293 871@;@23 884 134@;@1 110@;@1 110@;@0,6@;@666@;@0,13
"6203231000"@;@1 103 264@;@9 654 718@;@7 028 334@;@7 197 769@;@6 980 400@;@120 494@;@8 011 104@;@169 435@;@169 435@;@1@;@169 435@;@0,31
"2930901300"@;@8 344@;@10@;@@;@@;@@;@@;@8 344@;@@;@@;@0,3@;@@;@0,56
"0406907900"@;@412@;@@;@@;@@;@@;@@;@412@;@@;@@;@0@;@@;@0,5
"8533290000"@;@792 729@;@7 161@;@@;@@;@@;@@;@792 729@;@@;@@;@0,3@;@@;@0,56
"6811820000"@;@258 870@;@@;@@;@@;@@;@@;@258 870@;@@;@@;@0@;@@;@0,5
"9006690009"@;@8 618@;@@;@@;@@;@@;@@;@8 618@;@@;@@;@0@;@@;@0,5
"3808992000"@;@533 266@;@@;@@;@@;@@;@@;@533 266@;@@;@@;@0@;@@;@0,5
"6104690009"@;@53 374@;@1 172 935@;@@;@@;@@;@@;@53 374@;@@;@@;@0,7@;@@;@0,64
"8506900000"@;@72 769@;@@;@27 650@;@27 650@;@27 650@;@@;@100 419@;@0@;@0@;@0,3@;@0@;@0,42
"7226200000"@;@@;@@;@156 634@;@156 634@;@152 157@;@4 477@;@152 157@;@0@;@@;@0,3@;@@;@
"8426120000"@;@@;@@;@24@;@24@;@24@;@@;@24@;@0@;@@;@0,3@;@@;@
"3805901000"@;@580@;@@;@@;@@;@@;@@;@580@;@@;@@;@0@;@@;@0,5
"6401101000"@;@@;@@;@25 890@;@25 890@;@25 890@;@@;@25 890@;@0@;@@;@0,3@;@@;@
"4806200000"@;@1 974 777@;@21@;@@;@@;@@;@@;@1 974 777@;@@;@@;@0,3@;@@;@0,56
"7317008008"@;@382 217@;@447 666@;@14 969@;@17 805@;@14 969@;@@;@397 186@;@2 836@;@2 836@;@1@;@2 836@;@0,68
"2824900001"@;@22 063@;@@;@13 526@;@20 289@;@31 794@;@1 586@;@34 003@;@6 763@;@6 763@;@0,3@;@2 028,9@;@0,48
"0802920000"@;@15 180@;@@;@@;@@;@@;@@;@15 180@;@@;@@;@0@;@@;@0,5
"0305542000"@;@71 006@;@@;@@;@@;@@;@@;@71 006@;@@;@@;@0@;@@;@0,5
"7228800000"@;@55 920@;@@;@790@;@790@;@790@;@@;@56 710@;@0@;@0@;@0,3@;@0@;@0,55
"406105009"@;@@;@@;@354 752@;@421 161@;@354 752@;@@;@354 752@;@66 409@;@@;@0,3@;@@;@
"3916100000"@;@319 308@;@39 628@;@115 293 219@;@115 833 711@;@97 213 624@;@40 571 516@;@75 041 011@;@540 492@;@319 308@;@0,6@;@191 584,8@;@0,63
"8515210000"@;@14 591 469@;@15 091@;@8 266@;@8 323@;@7 148@;@1 118@;@14 583 526@;@57@;@57@;@0,6@;@34,2@;@0,62
"8716395001"@;@264 414@;@@;@@;@@;@@;@@;@264 414@;@@;@@;@0@;@@;@0,5
"3909501000"@;@215 262@;@@;@134 724@;@139 277@;@134 724@;@@;@349 986@;@4 553@;@4 553@;@0,3@;@1 365,9@;@0,37
"5202910000"@;@@;@270 789@;@38 587 846@;@42 535 267@;@35 989 929@;@4 554 970@;@34 032 876@;@3 947 421@;@@;@0,6@;@@;@
"4407999001"@;@12 417@;@63 573@;@@;@@;@@;@@;@12 417@;@@;@@;@0,3@;@@;@0,56
"5207900000"@;@@;@@;@67 787 531@;@68 079 433@;@40 649 916@;@10 064 229@;@40 649 916@;@291 902@;@@;@0,3@;@@;@
"2508300000"@;@330 457@;@1 624@;@742 166@;@752 468@;@649 076@;@88 742@;@983 881@;@10 302@;@10 302@;@1@;@10 302@;@0,38
"0401503900"@;@45 560@;@@;@@;@@;@@;@@;@45 560@;@@;@@;@0@;@@;@0,5
"8433520000"@;@167 762@;@@;@537@;@767@;@537@;@@;@168 299@;@230@;@230@;@0,3@;@69@;@0,56
"1504209000"@;@98 107@;@@;@@;@@;@@;@@;@98 107@;@@;@@;@0@;@@;@0,5
"2710193500"@;@2 576@;@@;@508 160 330@;@1 092 587 224@;@423 130 169@;@79 329 215@;@428 833 691@;@584 426 894@;@2 576@;@0,3@;@772,8@;@100
"2816100000"@;@20 811@;@@;@@;@@;@@;@@;@20 811@;@@;@@;@0@;@@;@0,5
"402915900"@;@@;@@;@144 336@;@144 336@;@144 336@;@@;@144 336@;@0@;@@;@0,3@;@@;@
"1204009000"@;@4 111 632@;@1 047 909@;@@;@@;@@;@@;@4 111 632@;@@;@@;@0,3@;@@;@0,56
"6304110000"@;@119 824@;@@;@4 117 110@;@4 141 073@;@3 953 737@;@236 812@;@4 000 122@;@23 963@;@23 963@;@0,7@;@16 774,1@;@0,21
"3004320001"@;@1 943 666@;@@;@849 794@;@880 045@;@715 841@;@138 016@;@2 655 444@;@30 251@;@30 251@;@0,7@;@21 175,7@;@0,51
"9405190019"@;@95 452@;@4 312@;@@;@@;@@;@@;@95 452@;@@;@@;@0,3@;@@;@0,56
"8545909000"@;@46 488@;@@;@1 424 563@;@1 424 563@;@1 424 563@;@869 016@;@602 035@;@0@;@0@;@0,7@;@0@;@0,18
"0811905000"@;@7 397@;@@;@@;@@;@@;@@;@7 397@;@@;@@;@0@;@@;@0,5
"3808949000"@;@@;@@;@3 904 219@;@4 032 661@;@3 985 947@;@196 071@;@3 985 947@;@128 442@;@@;@0,3@;@@;@
"8501720000"@;@421 098@;@150@;@80 158@;@80 158@;@79 236@;@922@;@500 184@;@0@;@0@;@1@;@0@;@0,62
"7612902000"@;@57 056@;@@;@@;@@;@@;@@;@57 056@;@@;@@;@0@;@@;@0,5
"5212231000"@;@1 000@;@@;@@;@@;@@;@@;@1 000@;@@;@@;@0@;@@;@0,5
"8215102000"@;@3 042@;@@;@29 863@;@31 435@;@29 863@;@@;@32 905@;@1 572@;@1 572@;@0,3@;@471,6@;@0,26
"8214100000"@;@257 011@;@142@;@@;@@;@@;@@;@257 011@;@@;@@;@0,7@;@@;@0,64
"7319400000"@;@49 521@;@@;@@;@@;@@;@@;@49 521@;@@;@@;@0@;@@;@0,5
"8514390009"@;@@;@@;@@;@@;@@;@@;@0@;@@;@@;@0,4@;@@;@
"8474809010"@;@35 823@;@@;@@;@@;@@;@@;@35 823@;@@;@@;@0@;@@;@0,5
"5501190000"@;@33 552@;@@;@@;@@;@@;@@;@33 552@;@@;@@;@0@;@@;@0,5
"1103195000"@;@@;@@;@6 383@;@6 383@;@6 383@;@@;@6 383@;@0@;@@;@0,3@;@@;@
"8443197000"@;@4 396 771@;@666 422@;@@;@@;@@;@@;@4 396 771@;@@;@@;@0,3@;@@;@0,56
"6210109800"@;@1 226 699@;@193 963@;@405 063@;@405 063@;@352 938@;@54 969@;@1 382 830@;@0@;@0@;@1@;@0@;@0,64
"8413502000"@;@884 029@;@3 766@;@@;@@;@@;@@;@884 029@;@@;@@;@0,3@;@@;@0,56
"2505900000"@;@196 206@;@191 361@;@8 879 707@;@9 457 297@;@7 741 603@;@1 721 669@;@7 354 244@;@577 590@;@196 206@;@1@;@196 206@;@1,1
"2008995100"@;@419@;@@;@@;@@;@@;@@;@419@;@@;@@;@0@;@@;@0,5
"8445120000"@;@8 612 950@;@@;@@;@@;@@;@@;@8 612 950@;@@;@@;@0@;@@;@0,5
"4010310000"@;@615 077@;@12 264@;@7 786@;@7 786@;@7 786@;@@;@610 599@;@0@;@0@;@1@;@0@;@0,7
"5209520000"@;@@;@25 483@;@@;@@;@@;@@;@0@;@@;@@;@0,3@;@@;@
"8459410009"@;@444 048@;@@;@@;@@;@@;@@;@444 048@;@@;@@;@0@;@@;@0,5
"8424890001"@;@483 689@;@64 500@;@3 252@;@3 252@;@3 252@;@@;@422 441@;@0@;@0@;@0,6@;@0@;@0,69
"8801009009"@;@3 012@;@@;@@;@@;@@;@@;@3 012@;@@;@@;@0@;@@;@0,5
"7318190009"@;@@;@@;@1 742 351@;@1 797 060@;@1 542 093@;@75 604@;@1 542 093@;@54 709@;@@;@0,3@;@@;@
"2006009100"@;@18 192@;@@;@@;@@;@@;@@;@18 192@;@@;@@;@0@;@@;@0,5
"4804299000"@;@72 269@;@2 542@;@17 549@;@20 364@;@17 549@;@@;@87 276@;@2 815@;@2 815@;@0,6@;@1 689@;@0,55
"7005213000"@;@981 470@;@148 726@;@5 405 994@;@15 850 796@;@7 352 096@;@5 474 181@;@913 283@;@10 444 802@;@981 470@;@0,6@;@588 882@;@3,85
"0206210000"@;@5 246 610@;@@;@@;@@;@@;@@;@5 246 610@;@@;@@;@0@;@@;@0,5
"8302419000"@;@3 456 615@;@84 474@;@2 457@;@2 457@;@2 457@;@@;@3 374 598@;@0@;@0@;@1@;@0@;@0,71
"8408908509"@;@@;@@;@@;@@;@@;@@;@0@;@@;@@;@0,4@;@@;@
"8459691000"@;@26 474@;@@;@@;@@;@@;@@;@26 474@;@@;@@;@0@;@@;@0,5
"7317006000"@;@@;@@;@1 088 845@;@1 129 960@;@1 203 859@;@39 287@;@1 203 859@;@41 115@;@@;@0,3@;@@;@
"8502310000"@;@219 434 758@;@1 483 442@;@41 263@;@41 263@;@41 263@;@@;@217 992 579@;@0@;@0@;@0,6@;@0@;@0,62
"6806100008"@;@5 698 606@;@30 521 125@;@14 510 111@;@14 567 360@;@8 360 263@;@27 431@;@20 181 286@;@57 249@;@57 249@;@1@;@57 249@;@0,34
"3906909000"@;@44 553 100@;@5 855 576@;@4 752 423@;@8 527 225@;@4 436 218@;@317 785@;@43 132 162@;@3 774 802@;@3 774 802@;@1@;@3 774 802@;@0,74
"8412292009"@;@697 174@;@10 903@;@37 175@;@446 075@;@107 918@;@11 211@;@712 235@;@408 900@;@408 900@;@0,6@;@245 340@;@0,79
"5513112000"@;@15 356@;@@;@@;@@;@@;@@;@15 356@;@@;@@;@0@;@@;@0,5
"5513210000"@;@505 163@;@275@;@@;@@;@@;@@;@505 163@;@@;@@;@0,3@;@@;@0,56
"4420110000"@;@3 987@;@213@;@@;@@;@@;@@;@3 987@;@@;@@;@0,3@;@@;@0,56
"8535302000"@;@1 017 981@;@172 582@;@20 540@;@20 540@;@20 540@;@@;@865 939@;@0@;@0@;@1@;@0@;@0,79
"2829901000"@;@3 405@;@@;@@;@@;@@;@@;@3 405@;@@;@@;@0@;@@;@0,5
"0603120000"@;@14 114@;@220 555@;@@;@@;@@;@@;@14 114@;@@;@@;@0,3@;@@;@0,56
"8459490000"@;@434 326@;@@;@@;@@;@@;@@;@434 326@;@@;@@;@0@;@@;@0,5
"4016999701"@;@4 447@;@@;@219 419@;@219 419@;@209 479@;@80 560@;@143 306@;@0@;@0@;@0,7@;@0@;@0,16
"8412218002"@;@@;@@;@4 350@;@6 525@;@4 350@;@@;@4 350@;@2 175@;@@;@0,3@;@@;@
"7318290002"@;@1 964@;@@;@8 090@;@9 915@;@8 090@;@@;@10 054@;@1 825@;@1 825@;@0,3@;@547,5@;@0,44
"3401300000"@;@9 721 420@;@642 121@;@5 610 601@;@5 714 446@;@5 579 555@;@124 362@;@14 565 538@;@103 845@;@103 845@;@1@;@103 845@;@0,54
"8537109801"@;@@;@@;@@;@@;@@;@@;@0@;@@;@@;@0,4@;@@;@
"6302310009"@;@506 970@;@3 876 090@;@484 444@;@516 181@;@484 444@;@@;@991 414@;@31 737@;@31 737@;@1@;@31 737@;@0,47
"0202301000"@;@124 141@;@@;@@;@@;@@;@@;@124 141@;@@;@@;@0@;@@;@0,5
"5212139000"@;@@;@@;@814 577@;@2 797 949@;@753 687@;@303 818@;@753 687@;@1 983 372@;@@;@0,3@;@@;@
"9401610000"@;@6 867 779@;@1 192 510@;@5 048 500@;@5 476 669@;@4 901 461@;@329 354@;@10 394 415@;@428 169@;@428 169@;@1@;@428 169@;@0,55
"8432800000"@;@19 968 718@;@36 155@;@5 188 624@;@5 188 624@;@4 358 777@;@979 221@;@24 141 966@;@0@;@0@;@1@;@0@;@0,61
"3923210000"@;@3 444 257@;@189 248@;@48 629 006@;@52 146 700@;@37 784 953@;@14 067 475@;@38 005 788@;@3 517 694@;@3 444 257@;@1@;@3 444 257@;@0,55
"4002200000"@;@1 771 027@;@@;@@;@@;@@;@@;@1 771 027@;@@;@@;@0@;@@;@0,5
"5505101000"@;@21 658@;@@;@7 121@;@7 121@;@@;@@;@28 779@;@0@;@0@;@0,3@;@0@;@0,44
"8402110000"@;@34 506@;@@;@175 897@;@175 897@;@175 897@;@@;@210 403@;@0@;@0@;@0,3@;@0@;@0,14
"1509400000"@;@410@;@@;@@;@@;@@;@@;@410@;@@;@@;@0@;@@;@0,5
"0906200000"@;@20 159@;@5 983@;@@;@@;@@;@@;@20 159@;@@;@@;@0,3@;@@;@0,56
"5911329000"@;@74 588@;@@;@@;@@;@@;@@;@74 588@;@@;@@;@0@;@@;@0,5
"8704229809"@;@@;@23 690@;@@;@@;@@;@@;@0@;@@;@@;@0,3@;@@;@
"4401409000"@;@@;@@;@58 844@;@58 844@;@58 844@;@@;@58 844@;@0@;@@;@0,3@;@@;@
"3004100008"@;@10 203 821@;@337@;@@;@@;@@;@@;@10 203 821@;@@;@@;@0,7@;@@;@0,64
"7312900009"@;@@;@@;@@;@@;@@;@@;@0@;@@;@@;@0,4@;@@;@
"8701959000"@;@522 790@;@@;@@;@@;@@;@@;@522 790@;@@;@@;@0@;@@;@0,5
"6310100000"@;@@;@@;@44 408@;@44 408@;@44 408@;@@;@44 408@;@0@;@@;@0,3@;@@;@
"6001920000"@;@59 954 459@;@1 707 771@;@206 392@;@206 392@;@183 171@;@23 220@;@58 429 860@;@0@;@0@;@0,6@;@0@;@0,63
"8517701900"@;@@;@@;@44 438@;@44 438@;@44 438@;@@;@44 438@;@0@;@@;@0,3@;@@;@
"6103330000"@;@138 004@;@878 921@;@28 440@;@28 440@;@28 440@;@@;@166 444@;@0@;@0@;@1@;@0@;@0,61
"8533390000"@;@56 306@;@@;@@;@@;@@;@@;@56 306@;@@;@@;@0@;@@;@0,5
"2617100000"@;@73@;@@;@@;@@;@@;@@;@73@;@@;@@;@0@;@@;@0,5
"8708809101"@;@2 268 359@;@400@;@@;@@;@@;@@;@2 268 359@;@@;@@;@0,3@;@@;@0,56
"2009819900"@;@72 299@;@@;@@;@@;@@;@@;@72 299@;@@;@@;@0@;@@;@0,5
"2508500000"@;@770@;@@;@@;@@;@@;@@;@770@;@@;@@;@0@;@@;@0,5
"5514290000"@;@171 727@;@@;@1 421@;@1 421@;@1 421@;@@;@173 148@;@0@;@0@;@0,7@;@0@;@0,64
"4810190009"@;@2 326 669@;@64 234@;@@;@@;@@;@@;@2 326 669@;@@;@@;@0,3@;@@;@0,56
"9405410031"@;@320@;@@;@@;@@;@@;@@;@320@;@@;@@;@0@;@@;@0,5
"8481309902"@;@187 992@;@@;@@;@@;@@;@@;@187 992@;@@;@@;@0@;@@;@0,5
"8539410000"@;@22 462@;@10 989@;@@;@@;@@;@@;@22 462@;@@;@@;@0,3@;@@;@0,56
"8708931000"@;@377 087@;@@;@2 264@;@2 264@;@2 264@;@@;@379 351@;@0@;@0@;@0,3@;@0@;@0,56
"2827410000"@;@279@;@@;@@;@@;@@;@@;@279@;@@;@@;@0@;@@;@0,5
"3804000000"@;@2 494 550@;@@;@26 070@;@32 588@;@26 070@;@@;@2 520 620@;@6 518@;@6 518@;@0,3@;@1 955,4@;@0,56
"7408110000"@;@6 507 937@;@15 785 021@;@47 510 575@;@47 662 802@;@47 432 546@;@78 029@;@53 940 483@;@152 227@;@152 227@;@1@;@152 227@;@0,27
"7325100000"@;@304 003@;@54 830@;@3 698 845@;@4 804 730@;@3 610 706@;@355 426@;@3 647 422@;@1 105 885@;@304 003@;@1@;@304 003@;@1,33
"406907400"@;@@;@@;@528 592@;@528 592@;@528 592@;@19 750@;@528 592@;@0@;@@;@0,3@;@@;@
"2517490000"@;@3 941@;@19 543@;@4 767 692@;@4 868 230@;@4 187 914@;@695 263@;@4 076 370@;@100 538@;@3 941@;@1@;@3 941@;@7,85
"0406907800"@;@1 161 070@;@@;@@;@@;@@;@@;@1 161 070@;@@;@@;@0,4@;@@;@0,58
"4804419100"@;@@;@@;@158@;@158@;@158@;@@;@158@;@0@;@@;@0,3@;@@;@
"6813200000"@;@393 575@;@15 425@;@4 784@;@4 784@;@4 784@;@@;@382 934@;@0@;@0@;@0,6@;@0@;@0,63
"8429519900"@;@35 983 644@;@326 497@;@4 772 722@;@4 772 722@;@24 631 981@;@1 053 973@;@39 375 896@;@0@;@0@;@0,6@;@0@;@0,58
"8455220001"@;@11 776@;@1 600@;@19 039@;@19 829@;@19 039@;@@;@30 815@;@790@;@790@;@0,6@;@474@;@0,33
"8413506100"@;@5 850 995@;@29 903@;@1 455 515@;@1 455 515@;@1 241 379@;@91 765@;@7 184 842@;@0@;@0@;@0,6@;@0@;@0,53
"6107190000"@;@32 620@;@239 867@;@8 241 317@;@8 356 363@;@6 411 609@;@2 354 439@;@5 919 498@;@115 046@;@32 620@;@1@;@32 620@;@1,26
"8466202000"@;@352 757@;@461@;@2 175 667@;@2 175 667@;@1 394 502@;@656 511@;@1 871 913@;@0@;@0@;@0,6@;@0@;@0,21
"2905450009"@;@1 666 825@;@1 726@;@@;@@;@@;@@;@1 666 825@;@@;@@;@0,7@;@@;@0,64
"2811220000"@;@1 786 794@;@12 350@;@89 607@;@94 008@;@89 607@;@@;@1 864 051@;@4 401@;@4 401@;@1@;@4 401@;@0,68
"8424829100"@;@8 542@;@20 066@;@@;@@;@@;@@;@8 542@;@@;@@;@0,7@;@@;@0,64
"1506000000"@;@@;@@;@1 833 840@;@1 833 840@;@1 719 952@;@662 303@;@1 719 952@;@0@;@@;@0,3@;@@;@
"7218991900"@;@1 300@;@@;@418 840@;@418 840@;@418 840@;@@;@420 140@;@0@;@0@;@0,3@;@0@;@0,06
"8426190000"@;@5 825 501@;@268 342@;@84 141@;@84 141@;@84 141@;@@;@5 641 300@;@0@;@0@;@1@;@0@;@0,72
"3208101000"@;@1 135 292@;@21 995@;@1 895 478@;@1 915 477@;@2 058 922@;@99 397@;@2 931 373@;@19 999@;@19 999@;@1@;@19 999@;@0,4
"0102211000"@;@6 870 110@;@@;@@;@@;@@;@@;@6 870 110@;@@;@@;@0@;@@;@0,5
"0907200000"@;@53@;@@;@@;@@;@@;@@;@53@;@@;@@;@0@;@@;@0,5
"8541401000"@;@@;@@;@1 410 647@;@1 414 621@;@1 410 647@;@@;@1 410 647@;@3 974@;@@;@0,3@;@@;@
"8504909800"@;@1 178 368@;@76 694@;@28 440@;@28 440@;@28 440@;@@;@1 130 114@;@0@;@0@;@0,6@;@0@;@0,64
"5902101000"@;@@;@@;@881 923@;@928 340@;@881 923@;@@;@881 923@;@46 417@;@@;@0,3@;@@;@
"8716903000"@;@44 929@;@2 000@;@13 288@;@13 288@;@13 288@;@4 182@;@52 035@;@0@;@0@;@0,6@;@0@;@0,55
"2837110000"@;@227 550@;@@;@112 432 672@;@112 432 672@;@108 776 920@;@251 441@;@112 408 781@;@0@;@0@;@0,3@;@0@;@0,06
"203111000"@;@@;@@;@6 799@;@6 799@;@6 799@;@@;@6 799@;@0@;@@;@0,3@;@@;@
"7103100009"@;@@;@@;@22 572@;@31 569@;@22 572@;@@;@22 572@;@8 997@;@@;@0,3@;@@;@
"8903939900"@;@560 819@;@41 295@;@@;@@;@@;@@;@560 819@;@@;@@;@0,3@;@@;@0,56
"9018311001"@;@808 830@;@@;@1 676 003@;@2 039 098@;@931 391@;@909 961@;@1 574 872@;@363 095@;@363 095@;@0,7@;@254 166,5@;@0,53
"8462620014"@;@10 664@;@@;@@;@@;@@;@@;@10 664@;@@;@@;@0@;@@;@0,5
"7312108901"@;@3 924 145@;@@;@74 409@;@94 968@;@74 409@;@@;@3 998 554@;@20 559@;@20 559@;@0,3@;@6 167,7@;@0,55
"8455303901"@;@13 462@;@@;@@;@@;@@;@@;@13 462@;@@;@@;@0@;@@;@0,5
"2603000000"@;@237 248 794@;@166 130@;@@;@@;@@;@@;@237 248 794@;@@;@@;@0,3@;@@;@0,56
"2937120000"@;@750 680@;@@;@@;@@;@@;@@;@750 680@;@@;@@;@0@;@@;@0,5
"7304230001"@;@1 155 496@;@@;@@;@@;@@;@@;@1 155 496@;@@;@@;@0,4@;@@;@0,58
"210910000"@;@@;@@;@248 279@;@296 134@;@243 934@;@4 345@;@243 934@;@47 855@;@@;@0,3@;@@;@
"1904209500"@;@8 069@;@@;@@;@@;@@;@@;@8 069@;@@;@@;@0@;@@;@0,5
"0807200000"@;@1 644@;@@;@@;@@;@@;@@;@1 644@;@@;@@;@0@;@@;@0,5
"910910500"@;@@;@@;@17 700@;@19 913@;@17 700@;@@;@17 700@;@2 213@;@@;@0,3@;@@;@
"3811290000"@;@194 476@;@471 325@;@3 440 383@;@3 691 398@;@463 008@;@2 977 375@;@657 484@;@251 015@;@194 476@;@0,6@;@116 685,6@;@0,66
"3901209000"@;@45 041 578@;@197 099 390@;@18 166@;@18 166@;@18 166@;@@;@45 059 744@;@0@;@0@;@0,6@;@0@;@0,62
"7326110000"@;@2 445 291@;@690 799@;@193 090 137@;@193 379 210@;@195 457 946@;@44 256@;@195 491 172@;@289 073@;@289 073@;@1@;@289 073@;@0,24
"8708409909"@;@8 122 694@;@47 028@;@1 157 088@;@1 164 988@;@1 154 549@;@77 591@;@9 155 163@;@7 900@;@7 900@;@0,6@;@4 740@;@0,56
"0910110000"@;@282 621@;@36@;@@;@@;@@;@@;@282 621@;@@;@@;@0,3@;@@;@0,56
"7010906109"@;@971@;@31@;@@;@@;@@;@@;@971@;@@;@@;@0,3@;@@;@0,56
"8301409000"@;@1 285 176@;@1 040@;@121 188@;@145 560@;@121 188@;@@;@1 405 324@;@24 372@;@24 372@;@1@;@24 372@;@0,66
"3404200000"@;@8 655@;@66 669@;@5 824 128@;@5 832 460@;@5 824 128@;@192 699@;@5 640 084@;@8 332@;@8 332@;@0,6@;@4 999,2@;@0,41
"8536700006"@;@@;@@;@@;@@;@@;@@;@0@;@@;@@;@0,4@;@@;@
"6117808001"@;@427@;@1 666@;@1 014 228@;@1 027 195@;@179 065@;@835 163@;@179 492@;@12 967@;@427@;@0,6@;@256,2@;@9,23
"9503004900"@;@997 390@;@12 073@;@32 673@;@39 148@;@32 673@;@@;@1 017 990@;@6 475@;@6 475@;@0,6@;@3 885@;@0,61
"0901210002"@;@672 413@;@13 979@;@@;@@;@@;@@;@672 413@;@@;@@;@0,3@;@@;@0,56
"5515119009"@;@4 415 090@;@78 568@;@@;@@;@@;@@;@4 415 090@;@@;@@;@0,3@;@@;@0,56
"8483102101"@;@7 399 886@;@@;@15 601@;@16 240@;@15 601@;@3 418@;@7 412 069@;@639@;@639@;@0,3@;@191,7@;@0,56
"2710197500"@;@162@;@@;@@;@@;@@;@@;@162@;@@;@@;@0@;@@;@0,5
"1503001100"@;@@;@@;@208 581@;@209 284@;@208 581@;@@;@208 581@;@703@;@@;@0,3@;@@;@
"9205901000"@;@166@;@@;@@;@@;@@;@@;@166@;@@;@@;@0@;@@;@0,5
"6402911000"@;@2 020@;@9 123@;@177 504@;@183 395@;@177 504@;@@;@179 524@;@5 891@;@2 020@;@1@;@2 020@;@1,08
"8201100000"@;@1 582 197@;@100 988@;@1 446 385@;@1 452 722@;@1 242 319@;@128 166@;@2 799 428@;@6 337@;@6 337@;@1@;@6 337@;@0,48
"404908900"@;@@;@@;@9 744 219@;@11 055 454@;@9 592 243@;@156 183@;@9 592 243@;@1 311 235@;@@;@0,3@;@@;@
"8412908000"@;@763 115@;@4 893@;@13 486@;@50 461@;@13 486@;@@;@771 708@;@36 975@;@36 975@;@0,6@;@22 185@;@0,63
"8479309000"@;@1 044 003@;@@;@@;@@;@@;@@;@1 044 003@;@@;@@;@0@;@@;@0,5
"2806100000"@;@65 727@;@64 699@;@869 769@;@2 173 834@;@894 170@;@26 209@;@909 287@;@1 304 065@;@65 727@;@1@;@65 727@;@6,19
"7002100000"@;@10 200@;@@;@@;@@;@@;@@;@10 200@;@@;@@;@0@;@@;@0,5
"404908300"@;@@;@@;@27 484@;@41 642@;@27 484@;@@;@27 484@;@14 158@;@@;@0,3@;@@;@
"3917310000"@;@@;@@;@63 323 556@;@79 083 811@;@64 847 602@;@6 267 686@;@64 847 602@;@15 760 255@;@@;@0,3@;@@;@
"7304240003"@;@@;@@;@@;@@;@@;@@;@0@;@@;@@;@0,4@;@@;@
"8536900100"@;@3 461 089@;@162@;@1 580@;@1 580@;@1 580@;@@;@3 462 507@;@0@;@0@;@0,6@;@0@;@0,62
"8481109902"@;@3 769 659@;@467@;@2 759@;@2 759@;@2 365@;@394@;@3 771 557@;@0@;@0@;@0,6@;@0@;@0,62
"9008500000"@;@9 109@;@@;@@;@@;@@;@@;@9 109@;@@;@@;@0@;@@;@0,5
"1207999600"@;@221 464@;@@;@@;@@;@@;@@;@221 464@;@@;@@;@0@;@@;@0,5
"7208360000"@;@4 830 889@;@@;@8 179 734@;@8 216 390@;@8 179 734@;@@;@13 010 623@;@36 656@;@36 656@;@0,3@;@10 996,8@;@0,25
"3102800000"@;@14 770@;@@;@181 428@;@181 428@;@212 287@;@67 721@;@128 477@;@0@;@0@;@0,3@;@0@;@0,12
"9028100000"@;@1 025 909@;@67 251@;@18 435 802@;@19 044 349@;@18 435 802@;@1 391 603@;@18 070 108@;@608 547@;@608 547@;@1@;@608 547@;@0,41
"8703331910"@;@@;@@;@730 058@;@973 411@;@730 058@;@@;@730 058@;@243 353@;@@;@0,3@;@@;@
"8402900000"@;@4 086 223@;@@;@84 287@;@84 287@;@84 287@;@@;@4 170 510@;@0@;@0@;@0,7@;@0@;@0,63
"3402390000"@;@14 348 033@;@508 724@;@@;@@;@@;@@;@14 348 033@;@@;@@;@0,7@;@@;@0,64
"0201205000"@;@20 825 166@;@@;@@;@@;@@;@@;@20 825 166@;@@;@@;@0@;@@;@0,5
"2008507900"@;@3 110@;@518@;@@;@@;@@;@@;@3 110@;@@;@@;@0,3@;@@;@0,56
"6810199000"@;@@;@@;@6 331@;@6 331@;@6 331@;@44@;@6 331@;@0@;@@;@0,3@;@@;@
"0701905009"@;@@;@@;@@;@@;@@;@@;@0@;@@;@@;@0,4@;@@;@
"7019130001"@;@289 944@;@48@;@@;@@;@@;@@;@289 944@;@@;@@;@0,3@;@@;@0,56
"6204490000"@;@@;@@;@1 672 053@;@1 709 124@;@1 565 754@;@111 088@;@1 565 754@;@37 071@;@@;@0,3@;@@;@
"3920731000"@;@@;@@;@58 126@;@58 126@;@58 126@;@@;@58 126@;@0@;@@;@0,3@;@@;@
"5301210000"@;@@;@@;@2 047@;@2 047@;@2 047@;@@;@2 047@;@0@;@@;@0,3@;@@;@
"8427209000"@;@949 410@;@@;@513 434@;@513 434@;@529 801@;@190 463@;@1 272 381@;@0@;@0@;@0,3@;@0@;@0,43
"0306939900"@;@2 738@;@@;@@;@@;@@;@@;@2 738@;@@;@@;@0@;@@;@0,5
"8435100000"@;@4 359 899@;@1 461@;@@;@@;@@;@@;@4 359 899@;@@;@@;@0,3@;@@;@0,56
"6506999080"@;@2 440@;@738@;@80 543@;@118 930@;@80 543@;@@;@82 983@;@38 387@;@2 440@;@0,6@;@1 464@;@4,85
"9202101000"@;@142 120@;@@;@24 043@;@24 566@;@24 043@;@@;@166 163@;@523@;@523@;@0,7@;@366,1@;@0,57
"8539511093"@;@705@;@@;@@;@@;@@;@@;@705@;@@;@@;@0@;@@;@0,5
"7606122009"@;@@;@@;@3 976 888@;@5 578 801@;@3 951 192@;@748 299@;@3 951 192@;@1 601 913@;@@;@0,3@;@@;@
"4107121900"@;@824@;@10 746@;@@;@@;@@;@@;@824@;@@;@@;@0,3@;@@;@0,56
"7217304100"@;@627 476@;@@;@@;@@;@@;@@;@627 476@;@@;@@;@0@;@@;@0,5
"3201902000"@;@119 987@;@@;@@;@@;@@;@@;@119 987@;@@;@@;@0@;@@;@0,5
"5206340004"@;@4 655@;@@;@@;@@;@@;@@;@4 655@;@@;@@;@0@;@@;@0,5
"8541290000"@;@915 848@;@@;@9 311@;@13 967@;@9 311@;@@;@925 159@;@4 656@;@4 656@;@0,3@;@1 396,8@;@0,56
"8501510009"@;@536 774@;@29 337@;@30 779@;@30 779@;@30 779@;@@;@538 216@;@0@;@0@;@1@;@0@;@0,7
"7308200000"@;@35 312 608@;@199 098@;@8 983 146@;@9 185 258@;@8 192 549@;@2 428 984@;@41 667 672@;@202 112@;@202 112@;@1@;@202 112@;@0,63
"9107000000"@;@675 563@;@1 643@;@@;@@;@@;@@;@675 563@;@@;@@;@0,3@;@@;@0,56
"5515911000"@;@@;@@;@998@;@998@;@998@;@@;@998@;@0@;@@;@0,3@;@@;@
"1522009100"@;@115 944@;@2 637@;@230 976@;@2 965 732@;@@;@@;@346 920@;@2 734 756@;@115 944@;@0,6@;@69 566,4@;@7,36
"5607499000"@;@75 721@;@433@;@@;@@;@@;@@;@75 721@;@@;@@;@0,7@;@@;@0,64
"9615190000"@;@185 832@;@5@;@@;@@;@@;@@;@185 832@;@@;@@;@0,3@;@@;@0,56
"8708999301"@;@3 474 049@;@13 041@;@2 708 351@;@2 886 273@;@2 708 351@;@60 587@;@6 108 772@;@177 922@;@177 922@;@0,6@;@106 753,2@;@0,42
"1001190000"@;@166 840@;@@;@@;@@;@@;@@;@166 840@;@@;@@;@0@;@@;@0,5
"7013331900"@;@3 323@;@@;@@;@@;@@;@@;@3 323@;@@;@@;@0@;@@;@0,5
"8711309000"@;@160 958@;@@;@@;@@;@@;@@;@160 958@;@@;@@;@0@;@@;@0,5
"2710196801"@;@84 911 404@;@@;@@;@@;@@;@@;@84 911 404@;@@;@@;@0@;@@;@0,5
"8481807391"@;@554 027@;@@;@6 709@;@6 709@;@6 315@;@5 055@;@555 681@;@0@;@0@;@0,3@;@0@;@0,56
"0307229009"@;@82 419@;@@;@@;@@;@@;@@;@82 419@;@@;@@;@0@;@@;@0,5
"8458118000"@;@2 163 341@;@465 736@;@@;@@;@@;@@;@2 163 341@;@@;@@;@0,3@;@@;@0,56
"6310100001"@;@330@;@@;@@;@@;@@;@@;@330@;@@;@@;@0@;@@;@0,5
"2905392000"@;@33 175@;@@;@@;@@;@@;@@;@33 175@;@@;@@;@0@;@@;@0,5
"2608000000"@;@73 536 448@;@@;@2 446@;@2 446@;@2 446@;@@;@73 538 894@;@0@;@0@;@0,3@;@0@;@0,56
"3921904100"@;@1 293 078@;@4 198 683@;@338 093@;@359 673@;@338 093@;@@;@1 631 171@;@21 580@;@21 580@;@1@;@21 580@;@0,6
"8504340000"@;@6 727 386@;@8 000@;@1 158 715@;@1 216 732@;@1 117 432@;@41 283@;@7 836 818@;@58 017@;@58 017@;@1@;@58 017@;@0,63
"7612908008"@;@135 376@;@10@;@84 096@;@93 440@;@84 096@;@@;@219 462@;@9 344@;@9 344@;@0,6@;@5 606,4@;@0,45
"6802290000"@;@@;@@;@1 064 743@;@1 068 890@;@1 059 552@;@5 232@;@1 059 552@;@4 147@;@@;@0,3@;@@;@
"9616101000"@;@716 566@;@68@;@@;@@;@@;@@;@716 566@;@@;@@;@0,3@;@@;@0,56
"5603139000"@;@5 013 371@;@114 888@;@479 235@;@497 337@;@585 255@;@30 353@;@5 347 365@;@18 102@;@18 102@;@1@;@18 102@;@0,67
"1702907500"@;@16@;@@;@53 602@;@63 174@;@53 602@;@@;@53 618@;@9 572@;@16@;@0,3@;@4,8@;@100
"904120000"@;@@;@@;@76 178@;@76 178@;@76 178@;@@;@76 178@;@0@;@@;@0,3@;@@;@
"8462620091"@;@90 395@;@@;@@;@@;@@;@@;@90 395@;@@;@@;@0@;@@;@0,5
"8504318003"@;@@;@17@;@361 787@;@361 787@;@361 787@;@@;@361 787@;@0@;@@;@0,6@;@@;@
"8524120071"@;@605@;@@;@@;@@;@@;@@;@605@;@@;@@;@0@;@@;@0,5
"1103191000"@;@@;@@;@9 003@;@9 003@;@9 003@;@@;@9 003@;@0@;@@;@0,3@;@@;@
"8708220001"@;@1 530 604@;@110@;@119@;@119@;@119@;@@;@1 530 613@;@0@;@0@;@0,6@;@0@;@0,62
"2852100001"@;@12 276@;@@;@@;@@;@@;@@;@12 276@;@@;@@;@0@;@@;@0,5
"9209920000"@;@87 681@;@@;@1 608@;@3 216@;@804@;@804@;@88 485@;@1 608@;@1 608@;@0,3@;@482,4@;@0,56
"6110191001"@;@465@;@@;@9 875@;@9 875@;@9 875@;@@;@10 340@;@0@;@0@;@0,3@;@0@;@0,08
"9021101000"@;@720 217@;@114 285@;@1 978 405@;@2 043 841@;@1 007 579@;@970 826@;@1 727 796@;@65 436@;@65 436@;@0,6@;@39 261,6@;@0,36
"1008900000"@;@946@;@@;@@;@@;@@;@@;@946@;@@;@@;@0@;@@;@0,5
"8455303909"@;@463 060@;@@;@40@;@440@;@40@;@@;@463 100@;@400@;@400@;@0,3@;@120@;@0,56
"8432210000"@;@3 908 475@;@17 965@;@209 142@;@289 714@;@111 855 510@;@93 759@;@4 005 893@;@80 572@;@80 572@;@0,6@;@48 343,2@;@0,61
"8525833000"@;@343 758@;@@;@@;@@;@@;@@;@343 758@;@@;@@;@0@;@@;@0,5
"3205000000"@;@36 062@;@@;@1 089 472@;@1 089 472@;@710 181@;@379 291@;@746 243@;@0@;@0@;@0,3@;@0@;@0,08
"7205290000"@;@1 037 609@;@@;@206 016@;@210 772@;@206 016@;@@;@1 243 625@;@4 756@;@4 756@;@0,7@;@3 329,2@;@0,56
"8708309909"@;@8 014 937@;@170 969@;@@;@@;@@;@@;@8 014 937@;@@;@@;@0,7@;@@;@0,64
"8302100009"@;@@;@@;@362 395@;@362 395@;@362 395@;@152 980@;@362 395@;@0@;@@;@0,7@;@@;@
"6103420000"@;@@;@@;@1 431 843@;@1 433 363@;@1 558 108@;@151 420@;@1 558 108@;@1 520@;@@;@0,3@;@@;@
"6406909000"@;@808 225@;@120 887@;@889 338@;@890 275@;@752 903@;@155 019@;@1 542 544@;@937@;@937@;@1@;@937@;@0,46
"5204190000"@;@161@;@969@;@@;@@;@@;@@;@161@;@@;@@;@0,3@;@@;@0,56
"8716310000"@;@4 757 913@;@88 680@;@2 422 824@;@2 558 514@;@2 263 430@;@175 194@;@6 916 863@;@135 690@;@135 690@;@1@;@135 690@;@0,55
"8481808508"@;@5 727 097@;@505@;@120 311@;@120 311@;@119 917@;@74 968@;@5 771 935@;@0@;@0@;@1@;@0@;@0,7
"2818101100"@;@208 199@;@@;@47 401@;@47 401@;@47 401@;@@;@255 600@;@0@;@0@;@0,3@;@0@;@0,47
"0207131000"@;@15 479@;@@;@@;@@;@@;@@;@15 479@;@@;@@;@0@;@@;@0,5
"8716398006"@;@27 331 655@;@21 079@;@@;@@;@@;@@;@27 331 655@;@@;@@;@0,3@;@@;@0,56
"8541300001"@;@35 507@;@@;@@;@@;@@;@@;@35 507@;@@;@@;@0@;@@;@0,5
"6402999600"@;@1 326 937@;@725 561@;@425 722@;@425 722@;@311 591@;@114 131@;@912 967@;@0@;@0@;@1@;@0@;@0,93
"6902209900"@;@3 611 874@;@3 362@;@517 916@;@518 878@;@483 456@;@24 508@;@4 101 920@;@962@;@962@;@1@;@962@;@0,64
"7016908000"@;@@;@@;@30 764@;@33 924@;@30 764@;@@;@30 764@;@3 160@;@@;@0,3@;@@;@
"6810990000"@;@2 018 178@;@2 179 017@;@75 769 290@;@192 307 795@;@58 861 039@;@19 719 070@;@58 068 398@;@116 538 505@;@2 018 178@;@1@;@2 018 178@;@17,54
"3206497000"@;@8 438 336@;@84 978@;@108 493@;@108 493@;@107 672@;@10 480@;@8 451 371@;@0@;@0@;@1@;@0@;@0,7
"2914698000"@;@150 149@;@@;@@;@@;@@;@@;@150 149@;@@;@@;@0@;@@;@0,5
"8308100000"@;@2 248 478@;@491@;@144 931@;@265 707@;@144 931@;@@;@2 392 918@;@120 776@;@120 776@;@0,6@;@72 465,6@;@0,61
"5402190009"@;@91 557@;@@;@@;@@;@@;@@;@91 557@;@@;@@;@0@;@@;@0,5
"1507901000"@;@12 785@;@@;@4 998 018@;@5 697 563@;@4 998 018@;@@;@5 010 803@;@699 545@;@12 785@;@0,3@;@3 835,5@;@16,48
"3925908009"@;@7 593 304@;@9 667 449@;@14 961 566@;@15 361 070@;@14 792 551@;@287 597@;@22 267 273@;@399 504@;@399 504@;@1@;@399 504@;@0,39
"8461401900"@;@210 881@;@@;@@;@@;@@;@@;@210 881@;@@;@@;@0@;@@;@0,5
"2710198400"@;@8 036 582@;@1 316 111@;@4 602 487@;@4 602 487@;@4 549 853@;@123 198@;@11 199 760@;@0@;@0@;@1@;@0@;@0,56
"6211329000"@;@45 281@;@213 979@;@969 455@;@1 001 607@;@883 859@;@250 754@;@763 982@;@32 152@;@32 152@;@1@;@32 152@;@0,44
"7307111000"@;@311 490@;@@;@815 173@;@827 228@;@822 602@;@@;@1 126 663@;@12 055@;@12 055@;@0,7@;@8 438,5@;@0,29
"6211423100"@;@570@;@@;@@;@@;@@;@@;@570@;@@;@@;@0@;@@;@0,5
"2941300002"@;@13 220@;@@;@@;@@;@@;@@;@13 220@;@@;@@;@0@;@@;@0,5
"2710123100"@;@32 092@;@24 658@;@@;@@;@@;@@;@32 092@;@@;@@;@0,3@;@@;@0,56
"0706909006"@;@@;@@;@@;@@;@@;@@;@0@;@@;@@;@0,4@;@@;@
"6905100000"@;@102 085@;@@;@954 614@;@1 626 648@;@952 613@;@2 002@;@1 054 697@;@672 034@;@102 085@;@0,3@;@30 625,5@;@2,08
"1904908000"@;@132 678@;@124 047@;@2 831 208@;@3 504 374@;@2 732 057@;@99 811@;@2 864 075@;@673 166@;@132 678@;@0,6@;@79 606,8@;@1,67
"802905000"@;@@;@@;@221 776@;@221 776@;@221 776@;@@;@221 776@;@0@;@@;@0,3@;@@;@
"6813810009"@;@@;@@;@@;@@;@@;@@;@0@;@@;@@;@0,4@;@@;@
"8407901000"@;@33 270@;@@;@@;@@;@@;@@;@33 270@;@@;@@;@0@;@@;@0,5
"2922310000"@;@493@;@@;@@;@@;@@;@@;@493@;@@;@@;@0@;@@;@0,5
"3917390001"@;@131 275@;@938@;@63 283@;@63 283@;@63 283@;@10 811@;@182 809@;@0@;@0@;@1@;@0@;@0,56
"9620000007"@;@12 844@;@@;@@;@@;@@;@@;@12 844@;@@;@@;@0@;@@;@0,5
"2710196209"@;@4 083 129@;@@;@@;@@;@@;@@;@4 083 129@;@@;@@;@0@;@@;@0,5
"8311100009"@;@4 238 633@;@4 315@;@36 338@;@2 022 210@;@36 338@;@@;@4 270 656@;@1 985 872@;@1 985 872@;@1@;@1 985 872@;@0,84
"8716109800"@;@148 627@;@91 495@;@214 186@;@214 186@;@214 186@;@@;@362 813@;@0@;@0@;@1@;@0@;@0,4
"8542319090"@;@8 365 836@;@11 072@;@@;@@;@@;@@;@8 365 836@;@@;@@;@0,3@;@@;@0,56
"7203100000"@;@24 858 406@;@@;@60 157 746@;@60 157 746@;@55 085 926@;@11 414@;@85 004 738@;@0@;@0@;@0,3@;@0@;@0,21
"2101110098"@;@5 245@;@@;@@;@@;@@;@@;@5 245@;@@;@@;@0@;@@;@0,5
"7305190000"@;@2 650 565@;@60 204@;@15 817 186@;@40 736 415@;@16 632 976@;@1 188 248@;@17 279 503@;@24 919 229@;@2 650 565@;@0,6@;@1 590 339@;@3,02
"5607210000"@;@5@;@@;@1 146 439@;@1 194 322@;@287 131@;@849 743@;@296 701@;@47 883@;@5@;@0,3@;@1,5@;@100
"5703210001"@;@21 183@;@@;@@;@@;@@;@@;@21 183@;@@;@@;@0@;@@;@0,5
"4802570000"@;@109 144@;@282 070@;@9 313@;@9 313@;@9 313@;@@;@118 457@;@0@;@0@;@0,6@;@0@;@0,58
"0305498080"@;@40 565@;@1 786@;@@;@@;@@;@@;@40 565@;@@;@@;@0,3@;@@;@0,56
"8703249093"@;@32 000@;@@;@@;@@;@@;@@;@32 000@;@@;@@;@0@;@@;@0,5
"6815999000"@;@@;@@;@557 781@;@558 014@;@557 781@;@@;@557 781@;@233@;@@;@0,3@;@@;@
"1604110000"@;@12 910@;@@;@213 780@;@253 377@;@213 780@;@@;@226 690@;@39 597@;@12 910@;@0,3@;@3 873@;@1,01
"8703231988"@;@13 029 726@;@68 000@;@@;@@;@@;@@;@13 029 726@;@@;@@;@0,3@;@@;@0,56
"7306304909"@;@@;@@;@@;@@;@@;@@;@0@;@@;@@;@0,4@;@@;@
"2932190000"@;@102 930@;@@;@@;@@;@@;@@;@102 930@;@@;@@;@0@;@@;@0,5
"6906000000"@;@11 489@;@@;@2 797 452@;@2 797 452@;@2 797 452@;@21 384@;@2 787 557@;@0@;@0@;@0,3@;@0@;@0,06
"8215108000"@;@@;@34@;@@;@@;@@;@@;@0@;@@;@@;@0,3@;@@;@
"4803003900"@;@35 196@;@771@;@4 784 107@;@15 862 774@;@4 625 613@;@79 493@;@4 739 810@;@11 078 667@;@35 196@;@1@;@35 196@;@94,63
"1404900008"@;@96 587@;@22 019@;@@;@@;@@;@@;@96 587@;@@;@@;@0,3@;@@;@0,56
"1904300000"@;@167 122@;@1 114@;@9 853@;@9 853@;@9 593@;@271@;@175 590@;@0@;@0@;@0,6@;@0@;@0,6
"6302392001"@;@931@;@@;@@;@@;@@;@@;@931@;@@;@@;@0,4@;@@;@0,58
"5205230000"@;@@;@@;@114 436 805@;@115 096 801@;@90 540 660@;@33 978 856@;@90 540 660@;@659 996@;@@;@0,3@;@@;@
"7315120000"@;@1 029 960@;@16 426@;@57 577@;@74 672@;@66 808@;@1 447@;@1 069 664@;@17 095@;@17 095@;@0,6@;@10 257@;@0,61
"0106130090"@;@24 875@;@9 382@;@@;@@;@@;@@;@24 875@;@@;@@;@0,3@;@@;@0,56
"804500009"@;@@;@@;@1 636@;@1 636@;@1 636@;@@;@1 636@;@0@;@@;@0,3@;@@;@
"1104195000"@;@164@;@@;@@;@@;@@;@@;@164@;@@;@@;@0@;@@;@0,5
"7217105000"@;@31 520@;@@;@2 961 089@;@3 514 992@;@2 961 089@;@98 938@;@2 893 671@;@553 903@;@31 520@;@0,7@;@22 064@;@5,42
"1006306700"@;@71 641@;@137 097@;@@;@@;@@;@@;@71 641@;@@;@@;@0,3@;@@;@0,56
"3907100000"@;@803 246@;@@;@1 700 541@;@6 497 247@;@748 510@;@1 151 464@;@1 352 323@;@4 796 706@;@803 246@;@0,3@;@240 973,8@;@2,15
"3917320001"@;@301 586@;@10 085@;@4 337 319@;@4 377 034@;@2 614 584@;@1 750 962@;@2 887 943@;@39 715@;@39 715@;@1@;@39 715@;@0,29
"6912008900"@;@74 816@;@199 085@;@@;@@;@@;@@;@74 816@;@@;@@;@0,3@;@@;@0,56
"2008509800"@;@@;@@;@180 965@;@180 965@;@180 965@;@@;@180 965@;@0@;@@;@0,3@;@@;@
"3920621909"@;@244 189@;@@;@@;@@;@@;@@;@244 189@;@@;@@;@0@;@@;@0,5
"9026900000"@;@2 752 763@;@407 791@;@@;@@;@@;@@;@2 752 763@;@@;@@;@0,7@;@@;@0,64
"8420101000"@;@418 655@;@12 157@;@38 908@;@38 908@;@38 908@;@@;@445 406@;@0@;@0@;@1@;@0@;@0,67
"8516310001"@;@6 373@;@@;@@;@@;@@;@@;@6 373@;@@;@@;@0@;@@;@0,5
"7209150000"@;@399 700@;@@;@11 594 878@;@12 669 725@;@11 594 878@;@@;@11 994 578@;@1 074 847@;@399 700@;@0,3@;@119 910@;@0,88
"3004390008"@;@1 840 525@;@@;@@;@@;@@;@@;@1 840 525@;@@;@@;@0@;@@;@0,5
"6105100000"@;@1 460 259@;@16 279 287@;@11 027 570@;@11 795 407@;@10 159 856@;@2 021 285@;@10 466 544@;@767 837@;@767 837@;@1@;@767 837@;@0,43
"9703900000"@;@13 173@;@@;@@;@@;@@;@@;@13 173@;@@;@@;@0,4@;@@;@0,58
"6907309009"@;@30 798@;@@;@@;@@;@@;@@;@30 798@;@@;@@;@0@;@@;@0,5
"402915100"@;@@;@@;@22 283@;@23 012@;@22 622@;@@;@22 622@;@729@;@@;@0,3@;@@;@
"7212506900"@;@2 229@;@@;@@;@@;@@;@@;@2 229@;@@;@@;@0@;@@;@0,5
"3926909701"@;@20 198@;@@;@69 913@;@69 913@;@69 913@;@@;@90 111@;@0@;@0@;@0,3@;@0@;@0,17
"8481801100"@;@11 840 290@;@4 740 423@;@4 146 248@;@4 170 719@;@4 145 854@;@3 490 156@;@7 755 959@;@24 471@;@24 471@;@1@;@24 471@;@0,96
"7308300000"@;@18 257 863@;@450 340@;@24 269 176@;@25 285 917@;@19 809 935@;@5 015 921@;@37 511 118@;@1 016 741@;@1 016 741@;@1@;@1 016 741@;@0,46
"9405210022"@;@173 497@;@@;@@;@@;@@;@@;@173 497@;@@;@@;@0@;@@;@0,5
"9403301900"@;@3 049 379@;@53 242@;@9 075 412@;@10 323 898@;@8 813 739@;@338 245@;@11 786 546@;@1 248 486@;@1 248 486@;@1@;@1 248 486@;@0,45
"8525819900"@;@1 106 836@;@2 528@;@2 379@;@2 379@;@2 379@;@@;@1 106 687@;@0@;@0@;@0,6@;@0@;@0,62
"8708705001"@;@5 795 119@;@@;@@;@@;@@;@@;@5 795 119@;@@;@@;@0@;@@;@0,5
"8501330008"@;@993 273@;@@;@516 298@;@921 011@;@516 298@;@@;@1 509 571@;@404 713@;@404 713@;@0,7@;@283 299,1@;@0,59
"8443318000"@;@4 219 212@;@45 700@;@@;@@;@@;@@;@4 219 212@;@@;@@;@0,3@;@@;@0,56
"0206299100"@;@6 313@;@@;@@;@@;@@;@@;@6 313@;@@;@@;@0@;@@;@0,5
"7013281000"@;@21 909@;@@;@@;@@;@@;@@;@21 909@;@@;@@;@0@;@@;@0,5
"8532900000"@;@2 973@;@@;@@;@@;@@;@@;@2 973@;@@;@@;@0@;@@;@0,5
"2008705900"@;@800@;@@;@@;@@;@@;@@;@800@;@@;@@;@0@;@@;@0,5
"8704239801"@;@351 661@;@17 915@;@@;@@;@@;@@;@351 661@;@@;@@;@0,3@;@@;@0,56
"7225110000"@;@6 392 015@;@@;@@;@@;@@;@@;@6 392 015@;@@;@@;@0@;@@;@0,5
"8705100090"@;@@;@@;@708 998@;@708 998@;@695 801@;@289 702@;@695 801@;@0@;@@;@0,3@;@@;@
"8529902008"@;@9 526@;@@;@@;@@;@@;@@;@9 526@;@@;@@;@0@;@@;@0,5
"8309909000"@;@9 095 870@;@1 372 396@;@9 654 656@;@11 635 654@;@8 783 451@;@1 067 838@;@17 682 688@;@1 980 998@;@1 980 998@;@1@;@1 980 998@;@0,52
"4802589000"@;@406 507@;@@;@@;@@;@@;@@;@406 507@;@@;@@;@0@;@@;@0,5
"8431310000"@;@12 671 723@;@11 656@;@310 047@;@313 962@;@309 494@;@553@;@12 969 561@;@3 915@;@3 915@;@1@;@3 915@;@0,69
"5402190001"@;@@;@@;@328 161@;@356 697@;@328 161@;@247 840@;@328 161@;@28 536@;@@;@0,3@;@@;@
"2938901000"@;@31@;@@;@@;@@;@@;@@;@31@;@@;@@;@0@;@@;@0,5
"5705008000"@;@51 963@;@@;@2 968@;@2 968@;@2 968@;@@;@54 931@;@0@;@0@;@0,3@;@0@;@0,53
"8474200005"@;@1 707 476@;@@;@@;@@;@@;@@;@1 707 476@;@@;@@;@0@;@@;@0,5
"8412801000"@;@@;@@;@1 355 274@;@1 764 174@;@1 155 569@;@75 051@;@1 155 569@;@408 900@;@@;@0,3@;@@;@
"1006309200"@;@914 676@;@@;@@;@@;@@;@@;@914 676@;@@;@@;@0@;@@;@0,5
"8703231940"@;@38 508 394@;@@;@82 909@;@138 182@;@105 890@;@42 161@;@38 549 142@;@55 273@;@55 273@;@0,3@;@16 581,9@;@0,56
"4418911000"@;@@;@@;@1 948 839@;@2 006 624@;@1 335 324@;@624 575@;@1 335 324@;@57 785@;@@;@0,3@;@@;@
"3920940000"@;@8 475@;@@;@@;@@;@@;@@;@8 475@;@@;@@;@0@;@@;@0,5
"0710290000"@;@22 364@;@7 254@;@@;@@;@@;@@;@22 364@;@@;@@;@0,3@;@@;@0,56
"8536501906"@;@713 570@;@26 662@;@@;@@;@@;@@;@713 570@;@@;@@;@0,3@;@@;@0,56
"3827610000"@;@219 891@;@@;@@;@@;@@;@@;@219 891@;@@;@@;@0@;@@;@0,5
"2934998000"@;@2 272 810@;@@;@@;@@;@@;@@;@2 272 810@;@@;@@;@0@;@@;@0,5
"8531908400"@;@1 552 733@;@119 175@;@@;@@;@@;@@;@1 552 733@;@@;@@;@0,3@;@@;@0,56
"3808620003"@;@12 340@;@@;@@;@@;@@;@@;@12 340@;@@;@@;@0@;@@;@0,5
"1704906100"@;@@;@@;@160 144@;@165 610@;@160 144@;@15 208@;@160 144@;@5 466@;@@;@0,3@;@@;@
"5504900000"@;@84 175@;@@;@@;@@;@@;@@;@84 175@;@@;@@;@0@;@@;@0,5
"2815120000"@;@85 060@;@2 507@;@363 784@;@410 414@;@301 613@;@87 845@;@360 999@;@46 630@;@46 630@;@1@;@46 630@;@0,48
"6108190000"@;@1 819@;@20 534@;@78 408 543@;@81 189 952@;@13 438 551@;@64 969 914@;@13 440 448@;@2 781 409@;@1 819@;@0,6@;@1 091,4@;@100
"8525893000"@;@1 293 449@;@48 372@;@@;@@;@@;@@;@1 293 449@;@@;@@;@0,7@;@@;@0,64
"9404400009"@;@227 008@;@42 155@;@167 580@;@224 351@;@162 753@;@5 835@;@346 598@;@56 771@;@56 771@;@1@;@56 771@;@0,6
"9021400000"@;@9 620 330@;@2 858 872@;@231 316@;@379 207@;@211 850@;@50 940@;@6 941 834@;@147 891@;@147 891@;@0,6@;@88 734,6@;@0,82
"2008199500"@;@479 477@;@48 200@;@@;@@;@@;@@;@479 477@;@@;@@;@0,3@;@@;@0,56
"4820101000"@;@5 342@;@1 000@;@11 906 072@;@850 121 953@;@11 504 161@;@969 383@;@10 942 031@;@838 215 881@;@5 342@;@1@;@5 342@;@100
"8413506909"@;@@;@@;@@;@@;@@;@@;@0@;@@;@@;@0,4@;@@;@
"5402510000"@;@85 465@;@@;@@;@@;@@;@@;@85 465@;@@;@@;@0@;@@;@0,5
"2825901100"@;@367@;@@;@@;@@;@@;@@;@367@;@@;@@;@0@;@@;@0,5
"4302197090"@;@@;@23 617@;@62 736@;@69 707@;@61 966@;@770@;@61 966@;@6 971@;@@;@0,6@;@@;@
"8528529000"@;@898 279@;@24@;@1 059@;@1 059@;@1 059@;@@;@899 314@;@0@;@0@;@1@;@0@;@0,7
"406903200"@;@@;@@;@498 317@;@498 317@;@467 516@;@30 801@;@467 516@;@0@;@@;@0,3@;@@;@
"2935903000"@;@5 918@;@@;@@;@@;@@;@@;@5 918@;@@;@@;@0@;@@;@0,5
"8108909008"@;@73 465@;@182 994@;@@;@@;@@;@@;@73 465@;@@;@@;@0,3@;@@;@0,56
"2906139000"@;@85 685@;@@;@@;@@;@@;@@;@85 685@;@@;@@;@0@;@@;@0,5
"2009611001"@;@@;@@;@78 874@;@117 722@;@78 874@;@@;@78 874@;@38 848@;@@;@0,3@;@@;@
"8418690003"@;@4 156 035@;@1 375@;@1 458@;@1 458@;@@;@1 458@;@4 154 660@;@0@;@0@;@1@;@0@;@0,7
"0707000504"@;@@;@1 636 170@;@@;@@;@@;@@;@0@;@@;@@;@0,3@;@@;@
"8418501900"@;@32 083 425@;@5 311 733@;@13 096 398@;@13 799 742@;@12 802 638@;@1 469 824@;@38 398 266@;@703 344@;@703 344@;@1@;@703 344@;@0,62
"5911901000"@;@937 176@;@650@;@7 363@;@7 363@;@7 363@;@@;@943 889@;@0@;@0@;@1@;@0@;@0,7
"8701951009"@;@19 503 479@;@151 455@;@18 749 921@;@18 749 921@;@17 408 992@;@6 701 256@;@31 400 689@;@0@;@0@;@0,6@;@0@;@0,43
"9405401009"@;@@;@@;@461 227@;@656 858@;@461 227@;@9 896@;@461 227@;@195 631@;@@;@0,3@;@@;@
"2829908000"@;@387 134@;@@;@@;@@;@@;@@;@387 134@;@@;@@;@0@;@@;@0,5
"1502109000"@;@@;@@;@26 920@;@46 414@;@26 920@;@@;@26 920@;@19 494@;@@;@0,3@;@@;@
"8207309000"@;@1 128 747@;@5 813@;@253 903@;@253 903@;@253 903@;@@;@1 376 837@;@0@;@0@;@0,6@;@0@;@0,53
"4806100000"@;@369 398@;@@;@@;@@;@@;@@;@369 398@;@@;@@;@0@;@@;@0,5
"1209918000"@;@16 524 484@;@750 320@;@@;@@;@@;@@;@16 524 484@;@@;@@;@0,3@;@@;@0,56
"3917390009"@;@@;@@;@703 973@;@854 612@;@702 445@;@9 905@;@702 445@;@150 639@;@@;@0,3@;@@;@
"1006101000"@;@@;@48 312@;@@;@@;@@;@@;@0@;@@;@@;@0,3@;@@;@
"0210121100"@;@555@;@@;@@;@@;@@;@@;@555@;@@;@@;@0@;@@;@0,5
"8708509109"@;@91 346@;@362@;@790@;@8 690@;@790@;@@;@91 774@;@7 900@;@7 900@;@0,6@;@4 740@;@0,64
"7209269000"@;@15 712 582@;@209 895@;@@;@@;@@;@@;@15 712 582@;@@;@@;@0,7@;@@;@0,64
"2832100000"@;@633 078@;@51 893@;@@;@@;@@;@@;@633 078@;@@;@@;@0,7@;@@;@0,64
"4810998000"@;@888 957@;@@;@@;@@;@@;@@;@888 957@;@@;@@;@0@;@@;@0,5
"6201200000"@;@958 047@;@1 160 060@;@778 638@;@778 638@;@778 638@;@@;@1 736 685@;@0@;@0@;@0,6@;@0@;@0,4
"4006900000"@;@42 993@;@3 018@;@1 047 807@;@1 286 304@;@1 099 037@;@19 645@;@1 071 155@;@238 497@;@42 993@;@1@;@42 993@;@1,88
"8424309000"@;@6 901 482@;@1 077@;@5 970@;@5 970@;@5 970@;@@;@6 906 375@;@0@;@0@;@0,6@;@0@;@0,62
"6807100000"@;@@;@@;@2 514 280@;@3 026 206@;@2 402 936@;@115 436@;@2 402 936@;@511 926@;@@;@0,3@;@@;@
"3815909000"@;@7 892 869@;@575 225@;@@;@@;@@;@@;@7 892 869@;@@;@@;@0,7@;@@;@0,64
"7314209000"@;@2 552@;@8 400@;@1 337 037@;@1 397 740@;@1 321 062@;@21 239@;@1 318 350@;@60 703@;@2 552@;@1@;@2 552@;@7,34
"2839900000"@;@1 098 474@;@3 846@;@241 010@;@241 010@;@241 010@;@4 217@;@1 331 421@;@0@;@0@;@0,6@;@0@;@0,53
"5205470004"@;@195@;@@;@@;@@;@@;@@;@195@;@@;@@;@0@;@@;@0,5
"6302510009"@;@53 002@;@2 619 038@;@13 667@;@13 667@;@13 667@;@@;@66 669@;@0@;@0@;@1@;@0@;@0,6
"1702309001"@;@4 085 866@;@192 708@;@1 100 221@;@1 100 221@;@1 051 205@;@106 275@;@4 887 104@;@0@;@0@;@0,6@;@0@;@0,54
"8418991009"@;@1 928 707@;@10 544@;@@;@@;@@;@@;@1 928 707@;@@;@@;@0,3@;@@;@0,56
"3502209100"@;@192 026@;@@;@@;@@;@@;@@;@192 026@;@@;@@;@0@;@@;@0,5
"8454200000"@;@82 384@;@@;@4 196@;@4 356@;@4 196@;@@;@86 580@;@160@;@160@;@0,7@;@112@;@0,62
"3824400000"@;@14 755 573@;@1 363 764@;@4 879 170@;@6 178 113@;@4 876 577@;@45 254@;@18 225 725@;@1 298 943@;@1 298 943@;@1@;@1 298 943@;@0,63
"8473508000"@;@482 435@;@577@;@@;@@;@@;@@;@482 435@;@@;@@;@0,3@;@@;@0,56
"6208990000"@;@791 098@;@3 328 728@;@625 940@;@630 678@;@625 940@;@40 764@;@1 376 274@;@4 738@;@4 738@;@0,6@;@2 842,8@;@0,41
"9609909000"@;@122 439@;@2@;@@;@@;@@;@@;@122 439@;@@;@@;@0,7@;@@;@0,64
"8471900000"@;@6 744 421@;@1 268 253@;@@;@@;@@;@@;@6 744 421@;@@;@@;@0,3@;@@;@0,56
"6110129001"@;@2 496@;@@;@@;@@;@@;@@;@2 496@;@@;@@;@0@;@@;@0,5
"8529906500"@;@1 677 331@;@34 085@;@14 035@;@14 035@;@14 035@;@@;@1 657 281@;@0@;@0@;@1@;@0@;@0,71
"2907210000"@;@46 209@;@@;@@;@@;@@;@@;@46 209@;@@;@@;@0@;@@;@0,5
"8544190009"@;@13 855@;@24 971@;@4 483 687@;@4 483 687@;@3 659 044@;@45 914@;@4 451 628@;@0@;@0@;@1@;@0@;@0,2
"8466103100"@;@367 710@;@16 317@;@64 250@;@64 250@;@64 250@;@@;@415 643@;@0@;@0@;@0,6@;@0@;@0,56
"0302118000"@;@27 796@;@@;@@;@@;@@;@@;@27 796@;@@;@@;@0@;@@;@0,5
"5401209000"@;@15 298@;@@;@433 181@;@542 110@;@431 204@;@16 940@;@431 539@;@108 929@;@15 298@;@0,3@;@4 589,4@;@2,21
"8425490000"@;@1 061 341@;@120 037@;@279 544@;@279 544@;@279 544@;@@;@1 220 848@;@0@;@0@;@0,6@;@0@;@0,55
"7804200000"@;@20@;@@;@@;@@;@@;@@;@20@;@@;@@;@0@;@@;@0,5
"2710122100"@;@514 001@;@@;@@;@@;@@;@@;@514 001@;@@;@@;@0@;@@;@0,5
"1602495000"@;@1 968@;@@;@1 340 855@;@2 349 207@;@1 345 177@;@35 133@;@1 307 690@;@1 008 352@;@1 968@;@0,3@;@590,4@;@100
"8427900009"@;@1 524 803@;@20 660@;@@;@@;@@;@@;@1 524 803@;@@;@@;@0,3@;@@;@0,56
"2530900009"@;@6 850 130@;@27 664@;@18 454@;@18 454@;@13 334@;@6 354@;@6 834 566@;@0@;@0@;@0,6@;@0@;@0,62
"1702305000"@;@954 554@;@9 776@;@19 943@;@31 161@;@19 943@;@@;@964 721@;@11 218@;@11 218@;@0,6@;@6 730,8@;@0,62
"2941208001"@;@17 592@;@@;@@;@@;@@;@@;@17 592@;@@;@@;@0@;@@;@0,5
"1513199902"@;@60 877@;@72 530@;@@;@@;@@;@@;@60 877@;@@;@@;@0,3@;@@;@0,56
"7318220009"@;@@;@@;@74 354@;@101 959@;@74 528@;@174@;@74 528@;@27 605@;@@;@0,3@;@@;@
"6006430000"@;@55 283@;@@;@2 888 711@;@5 688 928@;@2 888 711@;@@;@2 943 994@;@2 800 217@;@55 283@;@0,3@;@16 584,9@;@15,27
"6110209100"@;@2 852 650@;@35 963 961@;@41 932 133@;@43 656 235@;@42 274 004@;@456 102@;@44 328 681@;@1 724 102@;@1 724 102@;@1@;@1 724 102@;@0,41
"1806103000"@;@209@;@@;@@;@@;@@;@@;@209@;@@;@@;@0@;@@;@0,5
"7211233000"@;@962 724@;@@;@@;@@;@@;@@;@962 724@;@@;@@;@0@;@@;@0,5
"8523494500"@;@2 448 012@;@7 042@;@@;@@;@@;@@;@2 448 012@;@@;@@;@0,3@;@@;@0,56
"7307939900"@;@1 691 177@;@2 805@;@334 961@;@352 016@;@334 961@;@@;@2 023 333@;@17 055@;@17 055@;@1@;@17 055@;@0,62
"2006003100"@;@7 534@;@@;@@;@@;@@;@@;@7 534@;@@;@@;@0@;@@;@0,5
"9620000009"@;@222 283@;@@;@@;@@;@@;@@;@222 283@;@@;@@;@0@;@@;@0,5
"402991100"@;@@;@@;@3 483@;@5 225@;@3 483@;@@;@3 483@;@1 742@;@@;@0,3@;@@;@
"9617000001"@;@3 155 747@;@9 199@;@@;@@;@@;@@;@3 155 747@;@@;@@;@0,7@;@@;@0,64
"6302229000"@;@45 285@;@3 399 584@;@4 104 891@;@4 105 781@;@3 981 455@;@283 799@;@3 866 377@;@890@;@890@;@1@;@890@;@0,21
"2204211800"@;@16 967@;@@;@@;@@;@@;@@;@16 967@;@@;@@;@0@;@@;@0,5
"0403905302"@;@@;@@;@@;@@;@@;@@;@0@;@@;@@;@0,4@;@@;@
"8483109500"@;@16 849 606@;@495 893@;@1 960 141@;@1 964 897@;@1 746 659@;@288 842@;@18 025 012@;@4 756@;@4 756@;@1@;@4 756@;@0,67
"6815190000"@;@952 606@;@@;@15 835@;@15 835@;@15 835@;@@;@968 441@;@0@;@0@;@0,7@;@0@;@0,63
"2914390000"@;@108 851@;@@;@@;@@;@@;@@;@108 851@;@@;@@;@0@;@@;@0,5
"0804400000"@;@510 818@;@@;@@;@@;@@;@@;@510 818@;@@;@@;@0@;@@;@0,5
"8607300000"@;@3 887 179@;@237@;@502 319@;@502 319@;@499 255@;@3 063@;@4 386 198@;@0@;@0@;@1@;@0@;@0,64
"3210001000"@;@129 469@;@45 012@;@8 655 061@;@9 450 996@;@7 395 351@;@1 595 501@;@7 189 029@;@795 935@;@129 469@;@1@;@129 469@;@2,05
"7019900011"@;@2 032@;@@;@@;@@;@@;@@;@2 032@;@@;@@;@0@;@@;@0,5
"8714921000"@;@409 121@;@@;@@;@@;@@;@@;@409 121@;@@;@@;@0@;@@;@0,5
"0307210001"@;@98@;@@;@@;@@;@@;@@;@98@;@@;@@;@0@;@@;@0,5
"8501522000"@;@@;@@;@5 488 337@;@5 592 751@;@4 081 026@;@137 345@;@4 081 026@;@104 414@;@@;@0,3@;@@;@
"2833250000"@;@12 272@;@24 282 401@;@@;@@;@@;@@;@12 272@;@@;@@;@0,3@;@@;@0,56
"6103230000"@;@15 902@;@232 172@;@323 555@;@332 655@;@323 428@;@126@;@339 331@;@9 100@;@9 100@;@1@;@9 100@;@0,4
"8418610090"@;@387 748@;@@;@@;@@;@@;@@;@387 748@;@@;@@;@0@;@@;@0,5
"9405209101"@;@@;@@;@16 590@;@16 590@;@16 590@;@@;@16 590@;@0@;@@;@0,3@;@@;@
"3817008000"@;@24 187@;@@;@@;@@;@@;@@;@24 187@;@@;@@;@0@;@@;@0,5
"7215501100"@;@61 350@;@@;@19 199@;@19 199@;@19 199@;@@;@80 549@;@0@;@0@;@0,3@;@0@;@0,44
"2825200000"@;@284 562@;@@;@1 580@;@1 580@;@1 580@;@@;@286 142@;@0@;@0@;@0,3@;@0@;@0,56
"2008307900"@;@3 325@;@@;@@;@@;@@;@@;@3 325@;@@;@@;@0@;@@;@0,5
"3207300000"@;@869 047@;@@;@168 773@;@168 773@;@168 773@;@@;@1 037 820@;@0@;@0@;@0,3@;@0@;@0,48
"9401490000"@;@464 041@;@55 117@;@157 992@;@178 975@;@139 045@;@18 889@;@548 027@;@20 983@;@20 983@;@1@;@20 983@;@0,64
"2105009900"@;@9 062 835@;@113 630@;@12 357 577@;@18 938 467@;@12 031 143@;@647 474@;@20 772 938@;@6 580 890@;@6 580 890@;@0,6@;@3 948 534@;@0,56
"0807110000"@;@@;@17 280 123@;@@;@@;@@;@@;@0@;@@;@@;@0,3@;@@;@
"6204631100"@;@78@;@57 036@;@21 240@;@21 240@;@21 240@;@@;@21 318@;@0@;@0@;@1@;@0@;@0,2
"6104130000"@;@18 484@;@16 815@;@1 613 763@;@1 652 087@;@1 479 717@;@269 506@;@1 362 741@;@38 324@;@18 484@;@1@;@18 484@;@0,83
"6804300000"@;@78 382@;@@;@@;@@;@@;@@;@78 382@;@@;@@;@0@;@@;@0,5
"9602000009"@;@676 444@;@@;@@;@@;@@;@@;@676 444@;@@;@@;@0@;@@;@0,5
"6505903000"@;@@;@@;@244 912@;@244 912@;@244 912@;@@;@244 912@;@0@;@@;@0,3@;@@;@
"4101203000"@;@1 950@;@@;@@;@@;@@;@@;@1 950@;@@;@@;@0@;@@;@0,5
"3923401009"@;@23 812@;@@;@47 859@;@58 258@;@45 947@;@1 912@;@69 759@;@10 399@;@10 399@;@0,3@;@3 119,7@;@0,36
"0808101000"@;@@;@16 949@;@@;@@;@@;@@;@0@;@@;@@;@0,7@;@@;@
"8703231941"@;@@;@@;@@;@@;@@;@@;@0@;@@;@@;@0,4@;@@;@
"7225404000"@;@24 955 941@;@15 823@;@@;@@;@@;@@;@24 955 941@;@@;@@;@0,3@;@@;@0,56
"1209210000"@;@1 636 392@;@123 362@;@@;@@;@@;@@;@1 636 392@;@@;@@;@0,3@;@@;@0,56
"6207190000"@;@69@;@11 934@;@16 431@;@16 431@;@16 431@;@@;@16 500@;@0@;@0@;@0,6@;@0@;@0,12
"8442301000"@;@243 035@;@@;@@;@@;@@;@@;@243 035@;@@;@@;@0@;@@;@0,5
"6103430009"@;@183 618@;@210 718@;@533 260@;@533 260@;@515 484@;@17 775@;@699 103@;@0@;@0@;@1@;@0@;@0,33
"3603100000"@;@577@;@@;@@;@@;@@;@@;@577@;@@;@@;@0@;@@;@0,5
"806203000"@;@@;@@;@3 550 122@;@4 320 463@;@3 544 948@;@5 174@;@3 544 948@;@770 341@;@@;@0,3@;@@;@
"9506400009"@;@165 987@;@360@;@21 167@;@21 562@;@21 483@;@964@;@185 830@;@395@;@395@;@1@;@395@;@0,65
"0702000004"@;@@;@5 638 370@;@@;@@;@@;@@;@0@;@@;@@;@0,3@;@@;@
"8203100000"@;@220 011@;@32@;@2 686@;@2 686@;@2 686@;@@;@222 665@;@0@;@0@;@0,6@;@0@;@0,61
"7210903000"@;@5 310 699@;@@;@@;@@;@@;@@;@5 310 699@;@@;@@;@0@;@@;@0,5
"9404211000"@;@16 479@;@@;@2 595 915@;@2 921 926@;@2 581 683@;@27 977@;@2 584 417@;@326 011@;@16 479@;@0,3@;@4 943,7@;@6
"9405209909"@;@@;@@;@68 274@;@68 274@;@68 274@;@13 655@;@68 274@;@0@;@@;@0,3@;@@;@
"2404910009"@;@1 194 889@;@165@;@@;@@;@@;@@;@1 194 889@;@@;@@;@0,3@;@@;@0,56
"5402340000"@;@205 764@;@909 036@;@@;@@;@@;@@;@205 764@;@@;@@;@0,3@;@@;@0,56
"2520209000"@;@@;@@;@1 054 443@;@1 190 936@;@963 359@;@46 585@;@963 359@;@136 493@;@@;@0,3@;@@;@
"0711590000"@;@184 134@;@@;@@;@@;@@;@@;@184 134@;@@;@@;@0@;@@;@0,5
"1905901000"@;@16 592@;@@;@393 388@;@394 238@;@391 968@;@31 503@;@378 477@;@850@;@850@;@0,3@;@255@;@0,1
"4410110009"@;@@;@@;@7 028 689@;@7 028 689@;@6 104 497@;@924 192@;@6 104 497@;@0@;@@;@0,3@;@@;@
"7207208000"@;@240@;@@;@3 144 094@;@3 144 094@;@2 975 550@;@220 497@;@2 923 837@;@0@;@0@;@0,3@;@0@;@0,06
"8451803001"@;@429 357@;@@;@@;@@;@@;@@;@429 357@;@@;@@;@0@;@@;@0,5
"7312108308"@;@1 203 660@;@1 980@;@@;@@;@@;@@;@1 203 660@;@@;@@;@0,3@;@@;@0,56
"6112190000"@;@108 189@;@110 402@;@292 398@;@324 841@;@265 651@;@10 947@;@389 640@;@32 443@;@32 443@;@1@;@32 443@;@0,43
"9607110000"@;@594 710@;@8 418@;@604 569@;@661 215@;@556 323@;@383 694@;@815 585@;@56 646@;@56 646@;@0,6@;@33 987,6@;@0,51
"8532210000"@;@11 170@;@@;@8 872@;@8 872@;@8 872@;@@;@20 042@;@0@;@0@;@0,3@;@0@;@0,34
"7105100000"@;@3 519@;@@;@@;@@;@@;@@;@3 519@;@@;@@;@0@;@@;@0,5
"2933698000"@;@924 402@;@@;@@;@@;@@;@@;@924 402@;@@;@@;@0@;@@;@0,5
"7318149900"@;@2 390 873@;@1 293 320@;@2 904 267@;@4 011 353@;@4 388 641@;@408 845@;@4 886 295@;@1 107 086@;@1 107 086@;@1@;@1 107 086@;@0,58
"8522100000"@;@82@;@@;@@;@@;@@;@@;@82@;@@;@@;@0@;@@;@0,5
"6913909800"@;@176 928@;@82 923@;@121 434@;@121 434@;@121 434@;@@;@298 362@;@0@;@0@;@0,6@;@0@;@0,42
"5205210006"@;@@;@32 679@;@@;@@;@@;@@;@0@;@@;@@;@0,3@;@@;@
"8307100000"@;@3 008 702@;@29 127@;@188 556@;@228 278@;@188 556@;@@;@3 168 131@;@39 722@;@39 722@;@0,6@;@23 833,2@;@0,6
"6301209001"@;@1 645@;@@;@156 226@;@228 423@;@156 226@;@@;@157 871@;@72 197@;@1 645@;@0,3@;@493,5@;@13,23
"7019590000"@;@@;@@;@287 754@;@288 574@;@249 612@;@38 143@;@249 612@;@820@;@@;@0,3@;@@;@
"5006009000"@;@@;@@;@711 582@;@711 582@;@711 582@;@19 835@;@711 582@;@0@;@@;@0,3@;@@;@
"0405109000"@;@18 085@;@@;@@;@@;@@;@@;@18 085@;@@;@@;@0@;@@;@0,5
"8537109100"@;@40 094 813@;@4 983 646@;@1 330 214@;@1 338 509@;@991 726@;@404 957@;@36 036 424@;@8 295@;@8 295@;@1@;@8 295@;@0,76
"2847000000"@;@6 194 994@;@2 196 627@;@4 737 591@;@4 827 026@;@3 730 412@;@1 044 789@;@9 887 796@;@89 435@;@89 435@;@1@;@89 435@;@0,52
"8511300003"@;@12 643@;@1 055@;@@;@@;@@;@@;@12 643@;@@;@@;@0,3@;@@;@0,56
"6810911000"@;@@;@@;@1 643 383@;@1 874 798@;@1 623 823@;@79 992@;@1 623 823@;@231 415@;@@;@0,3@;@@;@
"2917350000"@;@2 329 672@;@26 047@;@@;@@;@@;@@;@2 329 672@;@@;@@;@0,3@;@@;@0,56
"6215100000"@;@77 054@;@@;@23 780@;@23 780@;@23 780@;@@;@100 834@;@0@;@0@;@0,3@;@0@;@0,44
"9608990000"@;@@;@@;@790@;@790@;@474@;@316@;@474@;@0@;@@;@0,3@;@@;@
"9401410000"@;@885 516@;@6 839@;@577 299@;@616 005@;@551 328@;@25 970@;@1 430 006@;@38 706@;@38 706@;@1@;@38 706@;@0,52
"403906100"@;@@;@@;@5 786 397@;@5 786 397@;@5 743 829@;@42 568@;@5 743 829@;@0@;@@;@0,3@;@@;@
"3707901900"@;@@;@@;@485 737@;@522 298@;@481 088@;@67 376@;@481 088@;@36 561@;@@;@0,3@;@@;@
"9507300000"@;@21 168@;@@;@@;@@;@@;@@;@21 168@;@@;@@;@0@;@@;@0,5
"8544700000"@;@14 138 938@;@11 678@;@25 299 621@;@25 913 049@;@25 373 233@;@3 169 369@;@36 269 190@;@613 428@;@613 428@;@1@;@613 428@;@0,41
"0602905000"@;@121 402@;@41 106@;@@;@@;@@;@@;@121 402@;@@;@@;@0,7@;@@;@0,64
"6912002100"@;@71 221@;@621 976@;@168 902@;@168 902@;@89 901@;@79 001@;@161 122@;@0@;@0@;@0,6@;@0@;@0,34
"8540208000"@;@43 078@;@@;@@;@@;@@;@@;@43 078@;@@;@@;@0@;@@;@0,5
"8601200000"@;@@;@@;@18 960@;@18 960@;@18 960@;@@;@18 960@;@0@;@@;@0,3@;@@;@
"4802540008"@;@317 302@;@@;@@;@@;@@;@@;@317 302@;@@;@@;@0@;@@;@0,5
"8607199000"@;@693 324@;@20 630@;@3 237 477@;@3 237 477@;@3 364 615@;@871 463@;@3 059 338@;@0@;@0@;@1@;@0@;@0,31
"8527911100"@;@2 513@;@@;@@;@@;@@;@@;@2 513@;@@;@@;@0@;@@;@0,5
"3808931300"@;@121 677@;@7 316@;@69 203@;@266 926@;@69 203@;@@;@183 564@;@197 723@;@121 677@;@0,6@;@73 006,2@;@0,94
"6108910000"@;@38 988@;@12 401 426@;@3 348 378@;@4 406 478@;@3 344 145@;@101 284@;@3 286 082@;@1 058 100@;@38 988@;@1@;@38 988@;@8,35
"2827600000"@;@395 983@;@@;@@;@@;@@;@@;@395 983@;@@;@@;@0,4@;@@;@0,58
"8503009800"@;@6 413 615@;@40 390@;@6 275 904@;@7 005 269@;@6 275 904@;@3 876@;@12 645 253@;@729 365@;@729 365@;@1@;@729 365@;@0,49
"8481201001"@;@22 639@;@@;@46 433@;@46 651@;@46 433@;@@;@69 072@;@218@;@218@;@0,3@;@65,4@;@0,23
"3301903000"@;@158 014@;@@;@@;@@;@@;@@;@158 014@;@@;@@;@0@;@@;@0,5
"6909120000"@;@1 139 506@;@195 704@;@@;@@;@@;@@;@1 139 506@;@@;@@;@0,3@;@@;@0,56
"8416300000"@;@221 630@;@5 236@;@@;@@;@@;@@;@221 630@;@@;@@;@0,3@;@@;@0,56
"7318161000"@;@@;@@;@6 734@;@8 715@;@6 734@;@@;@6 734@;@1 981@;@@;@0,3@;@@;@
"8479820000"@;@32 788 054@;@543 421@;@8 937@;@8 937@;@8 937@;@@;@32 253 570@;@0@;@0@;@1@;@0@;@0,71
"8426300001"@;@34 200@;@@;@@;@@;@@;@@;@34 200@;@@;@@;@0@;@@;@0,5
"8516299900"@;@816 494@;@777 482@;@724 118@;@772 499@;@696 553@;@136 592@;@1 404 020@;@48 381@;@48 381@;@1@;@48 381@;@0,51
"1512119101"@;@232 117@;@14 398 423@;@1 422 524@;@1 422 524@;@1 422 524@;@@;@1 654 641@;@0@;@0@;@0,6@;@0@;@0,19
"7607209000"@;@520 142@;@85 176@;@@;@@;@@;@@;@520 142@;@@;@@;@0,7@;@@;@0,64
"3904220000"@;@18 007 742@;@860 196@;@2 204 495@;@2 588 505@;@2 165 137@;@116 121@;@19 235 920@;@384 010@;@384 010@;@0,6@;@230 406@;@0,59
"8477200000"@;@42 063 350@;@177 715@;@119@;@119@;@@;@119@;@41 885 635@;@0@;@0@;@0,6@;@0@;@0,62
"4114109000"@;@13 033@;@@;@462 326@;@462 326@;@462 326@;@@;@475 359@;@0@;@0@;@0,3@;@0@;@0,07
"5513310000"@;@17 399@;@@;@2 071@;@2 071@;@1 646@;@366@;@19 104@;@0@;@0@;@0,3@;@0@;@0,52
"5205330006"@;@@;@49 196@;@@;@@;@@;@@;@0@;@@;@@;@0,3@;@@;@
"5509310000"@;@339 528@;@140 054@;@@;@@;@@;@@;@339 528@;@@;@@;@0,3@;@@;@0,56
"8714963000"@;@40 114@;@@;@@;@@;@@;@@;@40 114@;@@;@@;@0@;@@;@0,5
"6802999000"@;@327 970@;@4 638@;@231 127@;@241 303@;@239 944@;@41 027@;@513 432@;@10 176@;@10 176@;@1@;@10 176@;@0,53
"7601202001"@;@@;@@;@14 290 766@;@14 296 768@;@13 711 813@;@594 459@;@13 711 813@;@6 002@;@@;@0,3@;@@;@
"8532290000"@;@1 369 728@;@@;@127 160@;@136 643@;@127 160@;@@;@1 496 888@;@9 483@;@9 483@;@0,3@;@2 844,9@;@0,52
"9506701000"@;@79 900@;@@;@@;@@;@@;@@;@79 900@;@@;@@;@0@;@@;@0,5
"3305300000"@;@1 224 943@;@6 034@;@@;@@;@@;@@;@1 224 943@;@@;@@;@0,3@;@@;@0,56
"3808931700"@;@@;@@;@2 455 703@;@10 269 634@;@1 680 830@;@808 495@;@1 680 830@;@7 813 931@;@@;@0,3@;@@;@
"7207201900"@;@2 547@;@@;@@;@@;@@;@@;@2 547@;@@;@@;@0@;@@;@0,5
"7010909909"@;@387 210@;@@;@@;@@;@@;@@;@387 210@;@@;@@;@0@;@@;@0,5
"8544499309"@;@814 636@;@@;@653 704@;@1 273 761@;@692 060@;@456 206@;@1 012 134@;@620 057@;@620 057@;@0,3@;@186 017,1@;@0,69
"3903190009"@;@21 997 340@;@678 619@;@@;@@;@@;@@;@21 997 340@;@@;@@;@0,3@;@@;@0,56
"8546201000"@;@@;@@;@17 521@;@19 227@;@17 521@;@@;@17 521@;@1 706@;@@;@0,3@;@@;@
"4804219000"@;@6 558@;@@;@153 779@;@153 779@;@151 248@;@2 532@;@157 805@;@0@;@0@;@0,3@;@0@;@0,08
"7216401000"@;@2 599 228@;@@;@@;@@;@@;@@;@2 599 228@;@@;@@;@0@;@@;@0,5
"2846100000"@;@55 526@;@@;@@;@@;@@;@@;@55 526@;@@;@@;@0@;@@;@0,5
"4911910000"@;@1 710 814@;@11 849@;@@;@@;@@;@@;@1 710 814@;@@;@@;@0,7@;@@;@0,64
"3920738000"@;@36 161@;@@;@@;@@;@@;@@;@36 161@;@@;@@;@0@;@@;@0,5
"8465990000"@;@2 785 258@;@49 594@;@@;@@;@@;@@;@2 785 258@;@@;@@;@0,3@;@@;@0,56
"7201101900"@;@16 144@;@@;@190 762@;@196 035@;@190 762@;@263 536@;@190 762@;@5 273@;@5 273@;@0,7@;@3 691,1@;@0,28
"8703231930"@;@144 245@;@@;@@;@@;@@;@@;@144 245@;@@;@@;@0@;@@;@0,5
"8462900097"@;@1 901 411@;@@;@@;@@;@@;@@;@1 901 411@;@@;@@;@0,4@;@@;@0,58
"8802110009"@;@5 420@;@@;@@;@@;@@;@@;@5 420@;@@;@@;@0@;@@;@0,5
"3004200001"@;@14 067 571@;@106@;@5 939 590@;@6 201 497@;@6 371 040@;@2 083 791@;@17 923 264@;@261 907@;@261 907@;@1@;@261 907@;@0,6
"8704219809"@;@49 228@;@@;@@;@@;@@;@@;@49 228@;@@;@@;@0@;@@;@0,5
"0303541000"@;@1 968 261@;@@;@@;@@;@@;@@;@1 968 261@;@@;@@;@0@;@@;@0,5
"8413606100"@;@75 180@;@451@;@1 495 055@;@1 495 055@;@1 295 350@;@75 051@;@1 495 184@;@0@;@0@;@0,6@;@0@;@0,15
"9616109000"@;@632 874@;@6 934@;@@;@@;@@;@@;@632 874@;@@;@@;@0,3@;@@;@0,56
"0702000005"@;@@;@14 605 697@;@@;@@;@@;@@;@0@;@@;@@;@0,3@;@@;@
"7411101100"@;@@;@@;@61 848 012@;@62 491 582@;@62 122 549@;@389 249@;@62 122 549@;@643 570@;@@;@0,3@;@@;@
"8428208009"@;@1 925 138@;@@;@103 070@;@103 070@;@103 070@;@@;@2 028 208@;@0@;@0@;@0,3@;@0@;@0,53
"6106100000"@;@243 614@;@3 248 513@;@28 310 144@;@29 220 936@;@24 732 586@;@9 711 528@;@18 842 230@;@910 792@;@243 614@;@1@;@243 614@;@1,33
"1803200000"@;@@;@@;@28 700@;@34 400@;@28 700@;@7 775@;@28 700@;@5 700@;@@;@0,3@;@@;@
"0104103000"@;@1 320 397@;@@;@@;@@;@@;@@;@1 320 397@;@@;@@;@0@;@@;@0,5
"8708409901"@;@455 038@;@@;@790@;@8 690@;@790@;@@;@455 828@;@7 900@;@7 900@;@0,3@;@2 370@;@0,56
"8538909100"@;@@;@@;@128 562@;@140 229@;@128 562@;@@;@128 562@;@11 667@;@@;@0,3@;@@;@
"7307999009"@;@@;@@;@12 852@;@16 000@;@12 852@;@@;@12 852@;@3 148@;@@;@0,3@;@@;@
"3306900000"@;@1 488 721@;@2 698@;@19 766@;@19 766@;@19 766@;@@;@1 505 789@;@0@;@0@;@0,6@;@0@;@0,61
"5602101100"@;@@;@@;@28 002@;@29 246@;@27 449@;@3 813@;@27 449@;@1 244@;@@;@0,3@;@@;@
"401409000"@;@@;@@;@2 791 847@;@3 028 027@;@2 787 405@;@4 444@;@2 787 405@;@236 180@;@@;@0,3@;@@;@
"2105001000"@;@558 079@;@207 152@;@24 135 705@;@25 578 906@;@21 387 108@;@2 586 505@;@22 107 279@;@1 443 201@;@558 079@;@0,6@;@334 847,4@;@0,91
"9031809100"@;@2 596 162@;@239 904@;@@;@@;@@;@@;@2 596 162@;@@;@@;@0,7@;@@;@0,64
"5601229000"@;@9 781@;@5 561@;@@;@@;@@;@@;@9 781@;@@;@@;@0,3@;@@;@0,56
"8714929000"@;@229 096@;@@;@@;@@;@@;@@;@229 096@;@@;@@;@0@;@@;@0,5
"8474200008"@;@167 927 777@;@315 707@;@766@;@766@;@766@;@@;@167 612 836@;@0@;@0@;@1@;@0@;@0,7
"1901100000"@;@102 735 751@;@1 594 876@;@280 307@;@298 647@;@280 307@;@1 079@;@101 420 103@;@18 340@;@18 340@;@0,6@;@11 004@;@0,63
"2204218300"@;@14 851@;@@;@@;@@;@@;@@;@14 851@;@@;@@;@0@;@@;@0,5
"9619005001"@;@2 349@;@146@;@718 207@;@737 180@;@718 207@;@358 545@;@362 011@;@18 973@;@2 349@;@0,6@;@1 409,4@;@2,55
"5810919000"@;@129@;@15@;@@;@@;@@;@@;@129@;@@;@@;@0,3@;@@;@0,56
"9405110033"@;@594 992@;@18@;@6 419@;@6 419@;@6 419@;@@;@601 393@;@0@;@0@;@1@;@0@;@0,69
"5516410000"@;@27 077@;@@;@2 052@;@2 052@;@2 052@;@@;@29 129@;@0@;@0@;@0,3@;@0@;@0,52
"6914100000"@;@10 017@;@@;@1 685 922@;@1 728 986@;@1 480 519@;@205 403@;@1 490 536@;@43 064@;@10 017@;@0,3@;@3 005,1@;@1,35
"3808991000"@;@@;@@;@479 797@;@490 223@;@479 797@;@73 537@;@479 797@;@10 426@;@@;@0,3@;@@;@
"2921519001"@;@26@;@@;@@;@@;@@;@@;@26@;@@;@@;@0@;@@;@0,5
"2309901000"@;@125 578@;@10 300@;@3 647 568@;@3 659 883@;@3 623 931@;@52 712@;@3 720 434@;@12 315@;@12 315@;@0,6@;@7 389@;@0,17
"1515299000"@;@160 627@;@@;@@;@@;@@;@@;@160 627@;@@;@@;@0@;@@;@0,5
"2826908000"@;@67 765@;@@;@@;@@;@@;@@;@67 765@;@@;@@;@0,4@;@@;@0,58
"1521100000"@;@26 965@;@@;@20 967@;@26 209@;@20 967@;@@;@47 932@;@5 242@;@5 242@;@0,3@;@1 572,6@;@0,4
"6506999050"@;@1 000@;@16 255@;@76 773@;@153 546@;@76 773@;@@;@77 773@;@76 773@;@1 000@;@0,6@;@600@;@23,16
"5206340002"@;@@;@1 448 283@;@@;@@;@@;@@;@0@;@@;@@;@0,7@;@@;@
"2932910000"@;@40@;@@;@@;@@;@@;@@;@40@;@@;@@;@0@;@@;@0,5
"8414592009"@;@@;@@;@@;@@;@@;@@;@0@;@@;@@;@0,4@;@@;@
"6802290001"@;@101 825@;@@;@936 055@;@936 055@;@703 566@;@232 490@;@805 390@;@0@;@0@;@0,3@;@0@;@0,12
"8518500000"@;@1 088 712@;@@;@@;@@;@@;@@;@1 088 712@;@@;@@;@0,4@;@@;@0,58
"3917399009"@;@@;@@;@4 504@;@6 756@;@4 504@;@@;@4 504@;@2 252@;@@;@0,3@;@@;@
"0604909900"@;@32 897@;@@;@@;@@;@@;@@;@32 897@;@@;@@;@0@;@@;@0,5
"0410900000"@;@9 962@;@@;@@;@@;@@;@@;@9 962@;@@;@@;@0@;@@;@0,5
"8501529002"@;@641 422@;@@;@596 204@;@1 081 807@;@587 796@;@8 408@;@1 229 218@;@485 603@;@485 603@;@0,7@;@339 922,1@;@0,63
"7304199002"@;@@;@@;@1 350 924@;@1 350 924@;@1 151 219@;@75 051@;@1 151 219@;@0@;@@;@0,3@;@@;@
"8541100001"@;@6 336@;@@;@1 642 972@;@1 642 972@;@758 855@;@1 080 274@;@569 034@;@0@;@0@;@0,3@;@0@;@0,07
"8443170000"@;@8 642 060@;@32 230@;@@;@@;@@;@@;@8 642 060@;@@;@@;@0,3@;@@;@0,56
"9603100000"@;@84 836@;@5 785 420@;@5 139 529@;@5 143 959@;@5 129 626@;@10 196@;@5 214 169@;@4 430@;@4 430@;@1@;@4 430@;@0,22
"8708709901"@;@1 147 234@;@292 916@;@@;@@;@@;@@;@1 147 234@;@@;@@;@0,3@;@@;@0,56
"2922498500"@;@4 704 670@;@89 139@;@@;@@;@@;@@;@4 704 670@;@@;@@;@0,7@;@@;@0,64
"401301900"@;@@;@@;@69 990@;@96 538@;@69 990@;@@;@69 990@;@26 548@;@@;@0,3@;@@;@
"8479810000"@;@24 730 799@;@6 123@;@@;@@;@@;@@;@24 730 799@;@@;@@;@0,3@;@@;@0,56
"8519891500"@;@734@;@@;@@;@@;@@;@@;@734@;@@;@@;@0@;@@;@0,5
"5510900000"@;@1 843 147@;@76 521@;@@;@@;@@;@@;@1 843 147@;@@;@@;@0,3@;@@;@0,56
"1102209000"@;@19 526@;@@;@15 205@;@29 284@;@15 205@;@@;@34 731@;@14 079@;@14 079@;@0,3@;@4 223,7@;@0,56
"8607911000"@;@106 513@;@@;@@;@@;@@;@@;@106 513@;@@;@@;@0@;@@;@0,5
"8473401700"@;@11 590@;@@;@@;@@;@@;@@;@11 590@;@@;@@;@0@;@@;@0,5
"8308200000"@;@509 184@;@1 456@;@@;@@;@@;@@;@509 184@;@@;@@;@0,3@;@@;@0,56
"2925110000"@;@329 172@;@@;@@;@@;@@;@@;@329 172@;@@;@@;@0@;@@;@0,5
"0407110000"@;@26 562@;@20 889 602@;@@;@@;@@;@@;@26 562@;@@;@@;@0,3@;@@;@0,56
"2907220000"@;@3 393@;@@;@@;@@;@@;@@;@3 393@;@@;@@;@0@;@@;@0,5
"2903998000"@;@168 846@;@@;@22 416@;@22 416@;@22 416@;@@;@191 262@;@0@;@0@;@0,3@;@0@;@0,5
"2915390000"@;@1 906 345@;@914@;@@;@@;@@;@@;@1 906 345@;@@;@@;@0,3@;@@;@0,56
"9506911000"@;@9 434 487@;@120 493@;@5 602 875@;@5 651 907@;@5 601 219@;@82 685@;@14 834 184@;@49 032@;@49 032@;@1@;@49 032@;@0,52
"2914191000"@;@47@;@@;@@;@@;@@;@@;@47@;@@;@@;@0@;@@;@0,5
"8705100010"@;@970 693@;@@;@90 852@;@90 852@;@90 852@;@@;@1 061 545@;@0@;@0@;@0,3@;@0@;@0,52
"2816400000"@;@21@;@@;@@;@@;@@;@@;@21@;@@;@@;@0@;@@;@0,5
"8474310009"@;@20 220 786@;@1 455 168@;@@;@@;@@;@@;@20 220 786@;@@;@@;@0,7@;@@;@0,64
"8438109000"@;@805 810@;@86 300@;@@;@@;@@;@@;@805 810@;@@;@@;@0,3@;@@;@0,56
"3204130000"@;@412 551@;@22 803@;@1 992 247@;@2 640 116@;@1 992 247@;@352 863@;@2 051 935@;@647 869@;@412 551@;@1@;@412 551@;@0,77
"2924291000"@;@46 809@;@@;@@;@@;@@;@@;@46 809@;@@;@@;@0@;@@;@0,5
"8509400000"@;@8 967 179@;@28 005@;@14 438@;@14 438@;@@;@14 438@;@8 939 174@;@0@;@0@;@0,6@;@0@;@0,62
"2825901900"@;@10 868@;@@;@34 588@;@34 588@;@34 588@;@@;@45 456@;@0@;@0@;@0,3@;@0@;@0,18
"1214100000"@;@134 850@;@@;@14 913@;@14 913@;@14 913@;@@;@149 763@;@0@;@0@;@0,3@;@0@;@0,51
"6308000000"@;@21 284@;@@;@34 187@;@38 507@;@34 187@;@@;@55 471@;@4 320@;@4 320@;@0,3@;@1 296@;@0,31
"8422400001"@;@1 202 392@;@@;@@;@@;@@;@@;@1 202 392@;@@;@@;@0@;@@;@0,5
"8211910009"@;@869 013@;@12 035@;@@;@@;@@;@@;@869 013@;@@;@@;@0,3@;@@;@0,56
"8462490001"@;@128 375@;@@;@@;@@;@@;@@;@128 375@;@@;@@;@0@;@@;@0,5
"3917290000"@;@3 569 091@;@83 848@;@10 085 838@;@10 719 219@;@10 033 037@;@130 857@;@13 524 072@;@633 381@;@633 381@;@0,6@;@380 028,6@;@0,31
"2508700000"@;@6 681@;@@;@239 457@;@246 402@;@239 457@;@@;@246 138@;@6 945@;@6 681@;@0,7@;@4 676,7@;@0,47
"8535290000"@;@5 680 080@;@@;@9 163 346@;@9 163 346@;@9 163 346@;@3 862@;@14 839 564@;@0@;@0@;@0,3@;@0@;@0,25
"8536500400"@;@135 769@;@@;@@;@@;@@;@@;@135 769@;@@;@@;@0@;@@;@0,5
"5806200000"@;@1 370 249@;@32 066@;@361 526@;@525 699@;@359 680@;@11 751@;@1 687 958@;@164 173@;@164 173@;@0,6@;@98 503,8@;@0,56
"8487905900"@;@424 833@;@7 085@;@17 308@;@17 308@;@17 308@;@@;@435 056@;@0@;@0@;@0,6@;@0@;@0,61
"3905290000"@;@3 695 131@;@106 705@;@@;@@;@@;@@;@3 695 131@;@@;@@;@0,3@;@@;@0,56
"5806321000"@;@857 287@;@23 075@;@19 068@;@19 068@;@23 009@;@55@;@853 225@;@0@;@0@;@1@;@0@;@0,7
"2925290000"@;@2 074 809@;@10@;@@;@@;@@;@@;@2 074 809@;@@;@@;@0,7@;@@;@0,64
"8480100000"@;@4 399@;@150@;@21 101@;@21 101@;@21 101@;@@;@25 500@;@0@;@0@;@0,6@;@0@;@0,21
"2921195000"@;@565@;@@;@@;@@;@@;@@;@565@;@@;@@;@0@;@@;@0,5
"2009791901"@;@@;@@;@30 861 896@;@30 962 756@;@21 484 017@;@10 930 739@;@21 484 017@;@100 860@;@@;@0,3@;@@;@
"2827499000"@;@87 804@;@@;@@;@@;@@;@@;@87 804@;@@;@@;@0@;@@;@0,5
"4819500000"@;@300 044@;@29 468@;@5 295@;@6 683@;@5 295@;@@;@275 871@;@1 388@;@1 388@;@0,6@;@832,8@;@0,67
"6402991000"@;@45 041@;@360 052@;@1 885 406@;@1 885 406@;@1 277 212@;@1 157 492@;@772 955@;@0@;@0@;@1@;@0@;@0,23
"4602191000"@;@103@;@@;@@;@@;@@;@@;@103@;@@;@@;@0@;@@;@0,5
"7319909000"@;@13 425@;@1 905@;@@;@@;@@;@@;@13 425@;@@;@@;@0,3@;@@;@0,56
"2309101100"@;@4 040 783@;@3 245@;@1 702 897@;@2 103 972@;@715 855@;@987 041@;@4 753 394@;@401 075@;@401 075@;@0,6@;@240 645@;@0,57
"8428399009"@;@11 868 280@;@28 803@;@5 192@;@5 192@;@5 192@;@@;@11 844 669@;@0@;@0@;@1@;@0@;@0,7
"7312106100"@;@1 700 050@;@@;@2 370@;@2 370@;@2 370@;@@;@1 702 420@;@0@;@0@;@0,3@;@0@;@0,56
"7226997000"@;@2 348 058@;@@;@536 033@;@908 531@;@536 033@;@@;@2 884 091@;@372 498@;@372 498@;@0,3@;@111 749,4@;@0,51
"0402211100"@;@51@;@@;@@;@@;@@;@@;@51@;@@;@@;@0@;@@;@0,5
"2009619000"@;@1 369@;@9@;@22 910@;@23 604@;@22 910@;@@;@24 279@;@694@;@694@;@0,6@;@416,4@;@0,3
"8467211000"@;@7 738 917@;@376 781@;@@;@@;@@;@@;@7 738 917@;@@;@@;@0,3@;@@;@0,56
"7304230009"@;@19 760 893@;@325 344@;@1 354 052@;@1 354 052@;@1 154 347@;@75 051@;@20 714 550@;@0@;@0@;@1@;@0@;@0,68
"8510300000"@;@167 595@;@814@;@@;@@;@@;@@;@167 595@;@@;@@;@0,3@;@@;@0,56
"8481100500"@;@946 668@;@@;@1 969@;@1 969@;@1 575@;@394@;@948 243@;@0@;@0@;@0,3@;@0@;@0,56
"8535400000"@;@2 007 261@;@981@;@226 626@;@359 349@;@226 626@;@@;@2 232 906@;@132 723@;@132 723@;@0,6@;@79 633,8@;@0,59
"2930200000"@;@146 305@;@@;@@;@@;@@;@@;@146 305@;@@;@@;@0,4@;@@;@0,58
"2209009100"@;@441 902@;@18 350@;@53 868@;@62 925@;@55 900@;@1 061@;@476 359@;@9 057@;@9 057@;@0,6@;@5 434,2@;@0,59
"6802920000"@;@3 464 947@;@226 444@;@871 033@;@871 033@;@870 682@;@351@;@4 109 185@;@0@;@0@;@0,6@;@0@;@0,54
"7318220001"@;@1 021 237@;@254@;@545 461@;@550 649@;@544 908@;@553@;@1 565 891@;@5 188@;@5 188@;@0,6@;@3 112,8@;@0,45
"5206220006"@;@@;@3 966@;@@;@@;@@;@@;@0@;@@;@@;@0,3@;@@;@
"8481809902"@;@1 101@;@@;@1 993@;@1 993@;@1 599@;@394@;@2 700@;@0@;@0@;@0,3@;@0@;@0,26
"5515229100"@;@@;@@;@1 999@;@1 999@;@1 999@;@@;@1 999@;@0@;@@;@0,3@;@@;@
"4407961000"@;@17 216@;@@;@@;@@;@@;@@;@17 216@;@@;@@;@0@;@@;@0,5
"6206400000"@;@1 097 801@;@14 712@;@@;@@;@@;@@;@1 097 801@;@@;@@;@0,3@;@@;@0,56
"0601102000"@;@2 949@;@@;@@;@@;@@;@@;@2 949@;@@;@@;@0@;@@;@0,5
"8708999701"@;@129 779 215@;@443 555@;@15 632 057@;@18 619 717@;@15 409 398@;@708 881@;@144 258 836@;@2 987 660@;@2 987 660@;@1@;@2 987 660@;@0,66
"8465920000"@;@3 903 096@;@45 040@;@15 452@;@15 452@;@15 452@;@@;@3 873 508@;@0@;@0@;@0,6@;@0@;@0,62
"8802300002"@;@7 330 399@;@@;@@;@@;@@;@@;@7 330 399@;@@;@@;@0@;@@;@0,5
"8443312000"@;@8 187 582@;@335 471@;@@;@@;@@;@@;@8 187 582@;@@;@@;@0,3@;@@;@0,56
"8516808000"@;@2 934 044@;@23 779@;@13 419@;@80 199@;@13 419@;@@;@2 923 684@;@66 780@;@66 780@;@0,6@;@40 068@;@0,63
"7216619000"@;@80 077@;@331 301@;@8 875 438@;@9 052 963@;@8 927 983@;@410 506@;@8 545 009@;@177 525@;@80 077@;@1@;@80 077@;@0,87
"3808932100"@;@1 570 513@;@43 736@;@197 684@;@395 368@;@176 305@;@1 773@;@1 722 688@;@197 684@;@197 684@;@0,6@;@118 610,4@;@0,61
"2009905107"@;@3 557@;@2 880@;@@;@@;@@;@@;@3 557@;@@;@@;@0,3@;@@;@0,56
"9018907500"@;@30 352@;@@;@@;@@;@@;@@;@30 352@;@@;@@;@0,4@;@@;@0,58
"1104239800"@;@1 112@;@5@;@@;@@;@@;@@;@1 112@;@@;@@;@0,3@;@@;@0,56
"1103199009"@;@328 851@;@17@;@@;@@;@@;@@;@328 851@;@@;@@;@0,3@;@@;@0,56
"5210590000"@;@43@;@@;@@;@@;@@;@@;@43@;@@;@@;@0@;@@;@0,5
"8407905000"@;@3 950@;@@;@1 350 924@;@1 350 924@;@1 151 219@;@75 051@;@1 279 823@;@0@;@0@;@0,3@;@0@;@0,06
"2204217800"@;@89 834@;@@;@@;@@;@@;@@;@89 834@;@@;@@;@0@;@@;@0,5
"2836300000"@;@4 583 374@;@579 444@;@1 777 117@;@2 190 950@;@1 089 799@;@546 162@;@5 234 885@;@413 833@;@413 833@;@0,6@;@248 299,8@;@0,58
"1905311100"@;@3 342 475@;@2 546 971@;@23 105 150@;@25 946 915@;@21 489 255@;@1 022 101@;@25 425 524@;@2 841 765@;@2 841 765@;@0,6@;@1 705 059@;@0,44
"8408904100"@;@146 114@;@@;@@;@@;@@;@@;@146 114@;@@;@@;@0@;@@;@0,5
"402993100"@;@@;@@;@142 754@;@153 437@;@142 754@;@@;@142 754@;@10 683@;@@;@0,3@;@@;@
"3403999000"@;@@;@@;@59 251@;@67 151@;@59 251@;@@;@59 251@;@7 900@;@@;@0,3@;@@;@
"8462610013"@;@592 822@;@@;@@;@@;@@;@@;@592 822@;@@;@@;@0@;@@;@0,5
"7321900000"@;@9 123 570@;@88 715@;@7 502@;@7 502@;@7 502@;@@;@9 042 357@;@0@;@0@;@1@;@0@;@0,7
"8413302009"@;@@;@@;@790@;@8 690@;@790@;@@;@790@;@7 900@;@@;@0,3@;@@;@
"8462610099"@;@818 576@;@1 310@;@@;@@;@@;@@;@818 576@;@@;@@;@0,3@;@@;@0,56
"7229200000"@;@3 963 231@;@18 117@;@1 822 420@;@2 470 567@;@1 823 693@;@66 644@;@5 700 890@;@648 147@;@648 147@;@1@;@648 147@;@0,6
"4011400000"@;@769 943@;@76@;@@;@@;@@;@@;@769 943@;@@;@@;@0,3@;@@;@0,56
"2101129209"@;@48 046@;@@;@@;@@;@@;@@;@48 046@;@@;@@;@0@;@@;@0,5
"1806201000"@;@1 795 286@;@118 688@;@8 224 360@;@8 235 957@;@7 845 944@;@435 407@;@9 584 239@;@11 597@;@11 597@;@0,6@;@6 958,2@;@0,22
"2825800000"@;@528 203@;@@;@@;@@;@@;@@;@528 203@;@@;@@;@0@;@@;@0,5
"6106200000"@;@758 537@;@10 022@;@525 346@;@525 346@;@525 346@;@26@;@1 273 835@;@0@;@0@;@0,6@;@0@;@0,42
"5516130000"@;@15 274@;@@;@1 128@;@1 128@;@1 128@;@@;@16 402@;@0@;@0@;@0,3@;@0@;@0,53
"7307229000"@;@350 212@;@351@;@1 350 924@;@1 350 924@;@1 151 219@;@75 051@;@1 626 085@;@0@;@0@;@1@;@0@;@0,31
"4421999900"@;@@;@@;@2 963@;@2 963@;@2 963@;@@;@2 963@;@0@;@@;@0,3@;@@;@
"2804300000"@;@115 923@;@6 395@;@790 786@;@108 334 043@;@734 048@;@9 478@;@897 231@;@107 543 257@;@115 923@;@1@;@115 923@;@100
"2101209200"@;@1 113 825@;@504@;@26 091@;@31 355@;@26 091@;@@;@1 139 412@;@5 264@;@5 264@;@0,6@;@3 158,4@;@0,61
"2204216600"@;@118 245@;@@;@@;@@;@@;@@;@118 245@;@@;@@;@0@;@@;@0,5
"7222305109"@;@1 222@;@@;@@;@@;@@;@@;@1 222@;@@;@@;@0@;@@;@0,5
"2914220000"@;@1 400 335@;@1 340@;@@;@@;@@;@@;@1 400 335@;@@;@@;@0,3@;@@;@0,56
"9506112100"@;@22 815@;@@;@@;@@;@@;@@;@22 815@;@@;@@;@0@;@@;@0,5
"8465940000"@;@2 094 178@;@@;@@;@@;@@;@@;@2 094 178@;@@;@@;@0@;@@;@0,5
"8415900009"@;@25 622 810@;@111 070@;@2 803 792@;@2 803 792@;@2 803 792@;@@;@28 315 532@;@0@;@0@;@0,6@;@0@;@0,57
"8481808190"@;@37 745 326@;@83 333@;@4 255 258@;@4 345 540@;@4 041 713@;@680 748@;@41 236 503@;@90 282@;@90 282@;@1@;@90 282@;@0,66
"9206000000"@;@104 423@;@2 612@;@21 172@;@21 172@;@21 172@;@@;@122 983@;@0@;@0@;@1@;@0@;@0,62
"7212101000"@;@@;@@;@57 652@;@57 652@;@57 652@;@@;@57 652@;@0@;@@;@0,3@;@@;@
"2615100000"@;@642 237@;@@;@@;@@;@@;@@;@642 237@;@@;@@;@0@;@@;@0,5
"8419330001"@;@8 473@;@@;@@;@@;@@;@@;@8 473@;@@;@@;@0@;@@;@0,5
"0505109000"@;@158 292@;@@;@@;@@;@@;@@;@158 292@;@@;@@;@0@;@@;@0,5
"401301100"@;@@;@@;@342 062@;@426 997@;@177 993@;@164 303@;@177 993@;@84 935@;@@;@0,3@;@@;@
"0709939001"@;@@;@@;@@;@@;@@;@@;@0@;@@;@@;@0,4@;@@;@
"6804230000"@;@33 060@;@9 799@;@102 702@;@102 702@;@102 702@;@@;@135 762@;@0@;@0@;@0,6@;@0@;@0,24
"8473302008"@;@3 779 250@;@10 407@;@@;@@;@@;@@;@3 779 250@;@@;@@;@0,7@;@@;@0,64
"7312108508"@;@400 558@;@@;@@;@@;@@;@@;@400 558@;@@;@@;@0@;@@;@0,5
"2811198000"@;@143 036@;@@;@@;@@;@@;@@;@143 036@;@@;@@;@0,4@;@@;@0,58
"8448320000"@;@1 653 074@;@37 098@;@@;@@;@@;@@;@1 653 074@;@@;@@;@0,3@;@@;@0,56
"8467990001"@;@221 538@;@@;@@;@@;@@;@@;@221 538@;@@;@@;@0@;@@;@0,5
"2403991000"@;@56 716@;@1 183@;@@;@@;@@;@@;@56 716@;@@;@@;@0,3@;@@;@0,56
"8483405109"@;@3 570 735@;@19 482@;@145 662@;@146 452@;@140 656@;@5 006@;@3 691 909@;@790@;@790@;@1@;@790@;@0,68
"4418205000"@;@@;@@;@3 426 413@;@3 763 241@;@2 426 789@;@1 026 280@;@2 426 789@;@336 828@;@@;@0,3@;@@;@
"6117801009"@;@145 554@;@13 342@;@28 440@;@28 440@;@28 440@;@@;@160 652@;@0@;@0@;@1@;@0@;@0,65
"2101110016"@;@163 332@;@@;@@;@@;@@;@@;@163 332@;@@;@@;@0@;@@;@0,5
"0909610002"@;@294 578@;@27 561@;@@;@@;@@;@@;@294 578@;@@;@@;@0,3@;@@;@0,56
"6202110000"@;@@;@@;@125 534@;@125 534@;@125 534@;@@;@125 534@;@0@;@@;@0,3@;@@;@
"8608001000"@;@@;@@;@10 349@;@10 349@;@10 349@;@@;@10 349@;@0@;@@;@0,3@;@@;@
"8430490001"@;@16 440 048@;@1 820 699@;@2 421 269@;@2 421 269@;@2 421 269@;@@;@17 040 618@;@0@;@0@;@1@;@0@;@0,68
"8439910000"@;@162 518@;@@;@@;@@;@@;@@;@162 518@;@@;@@;@0@;@@;@0,5
"9032200000"@;@208 229@;@18@;@@;@@;@@;@@;@208 229@;@@;@@;@0,3@;@@;@0,56
"8516320000"@;@923 112@;@1 003@;@@;@@;@@;@@;@923 112@;@@;@@;@0,3@;@@;@0,56
"8802300007"@;@45 554 188@;@@;@@;@@;@@;@@;@45 554 188@;@@;@@;@0@;@@;@0,5
"6302310000"@;@@;@@;@4 522 334@;@4 550 088@;@4 391 951@;@252 656@;@4 391 951@;@27 754@;@@;@0,3@;@@;@
"8476210000"@;@343 385@;@@;@@;@@;@@;@@;@343 385@;@@;@@;@0@;@@;@0,5
"0511919090"@;@149 800@;@17 844 131@;@@;@@;@@;@@;@149 800@;@@;@@;@0,3@;@@;@0,56
"5003000000"@;@@;@11 274 570@;@17 643 212@;@47 941 144@;@7 908 206@;@2 232 864@;@15 410 348@;@30 297 932@;@@;@0,6@;@@;@
"4810130009"@;@5 851 424@;@@;@@;@@;@@;@@;@5 851 424@;@@;@@;@0@;@@;@0,5
"8477909000"@;@4 664 523@;@753 753@;@1 751@;@1 751@;@1 751@;@@;@3 912 521@;@0@;@0@;@0,6@;@0@;@0,72
"3923909000"@;@@;@@;@6 506 502@;@7 391 178@;@5 053 287@;@199 877@;@5 053 287@;@884 676@;@@;@0,3@;@@;@
"5308909000"@;@224 762@;@338 884@;@11 631 113@;@11 631 113@;@11 148 303@;@482 810@;@11 373 065@;@0@;@0@;@0,6@;@0@;@0,13
"2008601100"@;@@;@@;@194 649@;@233 097@;@194 649@;@@;@194 649@;@38 448@;@@;@0,3@;@@;@
"8419899810"@;@1 777 286@;@@;@@;@@;@@;@@;@1 777 286@;@@;@@;@0@;@@;@0,5
"7412100000"@;@39 467@;@255 496@;@41 058 703@;@41 058 703@;@41 058 703@;@@;@41 098 170@;@0@;@0@;@0,6@;@0@;@0,12
"8302100000"@;@12 357 091@;@1 085 791@;@6 989 561@;@6 997 062@;@7 337 688@;@672 371@;@17 588 490@;@7 501@;@7 501@;@0,6@;@4 500,6@;@0,47
"2933919000"@;@16 609@;@@;@@;@@;@@;@@;@16 609@;@@;@@;@0@;@@;@0,5
"9018902000"@;@22 331 465@;@28 400@;@@;@@;@@;@@;@22 331 465@;@@;@@;@0,3@;@@;@0,56
"8414202000"@;@375 630@;@80@;@356@;@356@;@356@;@@;@375 906@;@0@;@0@;@0,6@;@0@;@0,62
"6505009000"@;@1 035 640@;@964 308@;@436 534@;@478 014@;@386 173@;@241 543@;@1 230 631@;@41 480@;@41 480@;@1@;@41 480@;@0,63
"6115109002"@;@@;@@;@3 651@;@4 381@;@3 651@;@@;@3 651@;@730@;@@;@0,3@;@@;@
"3505101000"@;@130 239@;@@;@34 621@;@34 621@;@34 621@;@@;@164 860@;@0@;@0@;@0,3@;@0@;@0,45
"3501909000"@;@150 571@;@@;@@;@@;@@;@@;@150 571@;@@;@@;@0@;@@;@0,5
"5501900000"@;@71@;@@;@@;@@;@@;@@;@71@;@@;@@;@0@;@@;@0,5
"2713909000"@;@114 006@;@@;@1 698 531@;@1 698 531@;@1 697 173@;@41 958@;@1 770 579@;@0@;@0@;@0,3@;@0@;@0,09
"0813503900"@;@@;@753@;@@;@@;@@;@@;@0@;@@;@@;@0,3@;@@;@
"7304240005"@;@396 661@;@@;@@;@@;@@;@@;@396 661@;@@;@@;@0@;@@;@0,5
"401201900"@;@@;@@;@262 507@;@272 314@;@262 507@;@@;@262 507@;@9 807@;@@;@0,3@;@@;@
"7225401201"@;@102 308@;@@;@@;@@;@@;@@;@102 308@;@@;@@;@0@;@@;@0,5
"6812999001"@;@794 658@;@1 900@;@@;@@;@@;@@;@794 658@;@@;@@;@0,7@;@@;@0,64
"8529909200"@;@1 626 416@;@16 131@;@@;@@;@@;@@;@1 626 416@;@@;@@;@0,3@;@@;@0,56
"2009791909"@;@@;@@;@982 464@;@982 464@;@419 438@;@1 387 656@;@419 438@;@0@;@@;@0,3@;@@;@
"8413200000"@;@1 203 232@;@74 743@;@1 398 994@;@1 399 099@;@1 199 289@;@75 051@;@2 527 175@;@105@;@105@;@0,6@;@63@;@0,36
"0604204000"@;@@;@@;@@;@@;@@;@@;@0@;@@;@@;@0,4@;@@;@
"8421120000"@;@3 280@;@11 726@;@101 348@;@101 440@;@117 148@;@23 700@;@80 928@;@92@;@92@;@1@;@92@;@0,23
"0801220000"@;@520@;@@;@@;@@;@@;@@;@520@;@@;@@;@0@;@@;@0,5
"8481809907"@;@25 805 756@;@31 242@;@1 641 478@;@1 647 479@;@1 441 379@;@141 056@;@27 274 936@;@6 001@;@6 001@;@0,6@;@3 600,6@;@0,59
"5515221100"@;@@;@@;@1 963@;@1 963@;@1 963@;@@;@1 963@;@0@;@@;@0,3@;@@;@
"3907610000"@;@117 202 441@;@52 830@;@@;@@;@@;@@;@117 202 441@;@@;@@;@0,3@;@@;@0,56
"2204212600"@;@13 746@;@@;@@;@@;@@;@@;@13 746@;@@;@@;@0@;@@;@0,5
"7013339900"@;@27 592@;@92@;@@;@@;@@;@@;@27 592@;@@;@@;@0,3@;@@;@0,56
"6203238000"@;@15 549@;@274 473@;@4 949 709@;@5 416 744@;@4 965 866@;@763 287@;@4 201 971@;@467 035@;@15 549@;@1@;@15 549@;@9,21
"2825906000"@;@6 283@;@@;@@;@@;@@;@@;@6 283@;@@;@@;@0@;@@;@0,5
"8542326900"@;@2 958@;@@;@@;@@;@@;@@;@2 958@;@@;@@;@0@;@@;@0,5
"8428102000"@;@@;@@;@1 791 480@;@2 035 268@;@1 233 848@;@557 632@;@1 233 848@;@243 788@;@@;@0,3@;@@;@
"8541410008"@;@159 593@;@26 140@;@@;@@;@@;@@;@159 593@;@@;@@;@0,3@;@@;@0,56
"7317006900"@;@@;@@;@790@;@790@;@790@;@@;@790@;@0@;@@;@0,3@;@@;@
"2929100001"@;@11 087 108@;@@;@@;@@;@@;@@;@11 087 108@;@@;@@;@0@;@@;@0,5
"2007995001"@;@@;@31 993@;@@;@@;@@;@@;@0@;@@;@@;@0,3@;@@;@
"5701109000"@;@40 178@;@3 605@;@18 338@;@18 338@;@18 338@;@@;@54 911@;@0@;@0@;@0,6@;@0@;@0,49
"2804610000"@;@314 978@;@@;@709@;@709@;@709@;@@;@315 687@;@0@;@0@;@0,7@;@0@;@0,64
"6815101000"@;@@;@@;@79 603@;@80 078@;@79 603@;@@;@79 603@;@475@;@@;@0,3@;@@;@
"6214400000"@;@15 728@;@@;@67 289@;@67 289@;@67 289@;@@;@83 017@;@0@;@0@;@0,3@;@0@;@0,15
"8465930000"@;@1 061 781@;@5 562@;@144 178@;@144 178@;@55 301@;@88 877@;@1 111 520@;@0@;@0@;@0,6@;@0@;@0,6
"9405410022"@;@247 750@;@11 370@;@4 395@;@4 395@;@4 395@;@@;@240 775@;@0@;@0@;@1@;@0@;@0,71
"8708309101"@;@12 598 539@;@72 377@;@@;@@;@@;@@;@12 598 539@;@@;@@;@0,3@;@@;@0,56
"8708409101"@;@531@;@@;@790@;@8 690@;@790@;@@;@1 321@;@7 900@;@531@;@0,3@;@159,3@;@4,72
"7304599900"@;@40 814@;@@;@@;@@;@@;@@;@40 814@;@@;@@;@0@;@@;@0,5
"5703210009"@;@6 817@;@6 175@;@@;@@;@@;@@;@6 817@;@@;@@;@0,3@;@@;@0,56
"8418610010"@;@@;@@;@1 350 924@;@1 350 924@;@1 151 219@;@75 051@;@1 151 219@;@0@;@@;@0,3@;@@;@
"8483402100"@;@1 716 860@;@@;@3 267 406@;@3 413 298@;@3 065 203@;@81 624@;@4 902 642@;@145 892@;@145 892@;@0,7@;@102 124,4@;@0,34
"6102209000"@;@311 144@;@2 995 133@;@531 866@;@597 463@;@532 224@;@653@;@842 357@;@65 597@;@65 597@;@1@;@65 597@;@0,45
"3915300000"@;@10 276@;@@;@@;@@;@@;@@;@10 276@;@@;@@;@0@;@@;@0,5
"2817000000"@;@1 044 866@;@537 113@;@1 249 614@;@6 306 643@;@1 467 958@;@308 710@;@1 985 770@;@5 057 029@;@1 044 866@;@1@;@1 044 866@;@1,92
"4403260000"@;@1 745@;@@;@@;@@;@@;@@;@1 745@;@@;@@;@0@;@@;@0,5
"9405920008"@;@240 497@;@19 971@;@@;@@;@@;@@;@240 497@;@@;@@;@0,7@;@@;@0,64
"5112190000"@;@209 287@;@@;@@;@@;@@;@@;@209 287@;@@;@@;@0@;@@;@0,5
"8501109300"@;@4 072 391@;@8 904@;@16 807@;@16 807@;@14 933@;@1 874@;@4 078 420@;@0@;@0@;@0,6@;@0@;@0,62
"7117190000"@;@835 606@;@1 344@;@@;@@;@@;@@;@835 606@;@@;@@;@0,3@;@@;@0,56
"9205903000"@;@243@;@@;@@;@@;@@;@@;@243@;@@;@@;@0,4@;@@;@0,58
"9401400000"@;@@;@@;@2 510 937@;@2 901 772@;@1 945 638@;@590 488@;@1 945 638@;@390 835@;@@;@0,3@;@@;@
"711510000"@;@@;@@;@28 875@;@28 875@;@28 875@;@@;@28 875@;@0@;@@;@0,3@;@@;@
"8309901000"@;@9 706 819@;@145 873@;@701 593@;@716 038@;@644 005@;@70 982@;@10 191 557@;@14 445@;@14 445@;@1@;@14 445@;@0,68
"8481101901"@;@@;@@;@5 524@;@5 524@;@5 130@;@394@;@5 130@;@0@;@@;@0,3@;@@;@
"8458114101"@;@@;@@;@1 350 940@;@1 351 100@;@1 151 235@;@1 540 528@;@1 151 235@;@160@;@@;@0,3@;@@;@
"9007910000"@;@191 538@;@@;@@;@@;@@;@@;@191 538@;@@;@@;@0@;@@;@0,5
"8408205108"@;@13 641@;@@;@@;@@;@@;@@;@13 641@;@@;@@;@0@;@@;@0,5
"8701955000"@;@@;@18 000@;@@;@@;@@;@@;@0@;@@;@@;@0,3@;@@;@
"8704213200"@;@8 886 046@;@350 505@;@13 299 157@;@17 980 027@;@8 726 656@;@4 572 501@;@17 612 702@;@4 680 870@;@4 680 870@;@1@;@4 680 870@;@0,61
"0401101000"@;@1 034@;@15 187@;@@;@@;@@;@@;@1 034@;@@;@@;@0,7@;@@;@0,64
"8467890000"@;@4 713 694@;@432 533@;@16 622@;@16 622@;@16 622@;@@;@4 297 783@;@0@;@0@;@1@;@0@;@0,75
"9209940000"@;@23 673@;@@;@@;@@;@@;@@;@23 673@;@@;@@;@0@;@@;@0,5
"1005101500"@;@13 514 565@;@174 962@;@@;@@;@@;@@;@13 514 565@;@@;@@;@0,3@;@@;@0,56
"403905102"@;@@;@@;@2 629 500@;@2 965 052@;@2 545 990@;@83 655@;@2 545 990@;@335 552@;@@;@0,3@;@@;@
"3004410000"@;@35 370@;@@;@636 856@;@656 282@;@606 733@;@30 125@;@642 101@;@19 426@;@19 426@;@0,3@;@5 827,8@;@0,25
"0809100000"@;@4 000@;@62 243 427@;@@;@@;@@;@@;@4 000@;@@;@@;@0,3@;@@;@0,56
"9111900000"@;@561@;@@;@@;@@;@@;@@;@561@;@@;@@;@0@;@@;@0,5
"8419908501"@;@20 676@;@@;@@;@@;@@;@@;@20 676@;@@;@@;@0@;@@;@0,5
"9015309000"@;@573 216@;@22 566@;@@;@@;@@;@@;@573 216@;@@;@@;@0,3@;@@;@0,56
"6403919800"@;@286 878@;@@;@75 122@;@75 122@;@75 122@;@@;@362 000@;@0@;@0@;@0,7@;@0@;@0,54
"6202900001"@;@126 640@;@435 566@;@432 487@;@503 120@;@432 487@;@@;@559 127@;@70 633@;@70 633@;@1@;@70 633@;@0,48
"8474100000"@;@@;@@;@6 739 151@;@6 739 151@;@6 539 446@;@154 053@;@6 539 446@;@0@;@@;@0,3@;@@;@
"2302309000"@;@10 642 911@;@@;@8 452 816@;@13 030 841@;@7 877 760@;@228 181@;@18 867 546@;@4 578 025@;@4 578 025@;@0,3@;@1 373 407,5@;@0,47
"8414809000"@;@5 077 519@;@13 972@;@63 707@;@63 707@;@63 707@;@@;@5 127 254@;@0@;@0@;@1@;@0@;@0,7
"1806905002"@;@3 896 684@;@7 712@;@@;@@;@@;@@;@3 896 684@;@@;@@;@0,3@;@@;@0,56
"9504500001"@;@151 655@;@@;@@;@@;@@;@@;@151 655@;@@;@@;@0@;@@;@0,5
"2701190000"@;@58 601 604@;@2 045 624@;@@;@@;@@;@@;@58 601 604@;@@;@@;@0,3@;@@;@0,56
"9405110021"@;@154 644@;@@;@@;@@;@@;@@;@154 644@;@@;@@;@0@;@@;@0,5
"1201900000"@;@13 615 857@;@87 700@;@@;@@;@@;@@;@13 615 857@;@@;@@;@0,3@;@@;@0,56
"8606990000"@;@40 000@;@@;@49 158@;@49 158@;@1 084 296@;@3 581 393@;@1 084 296@;@0@;@0@;@0,3@;@0@;@0,08
"7208250000"@;@84 641@;@@;@5 475@;@8 517@;@5 475@;@@;@90 116@;@3 042@;@3 042@;@0,3@;@912,6@;@0,54
"9015801900"@;@483 007@;@@;@@;@@;@@;@@;@483 007@;@@;@@;@0@;@@;@0,5
"7211238000"@;@487 306@;@@;@@;@@;@@;@@;@487 306@;@@;@@;@0@;@@;@0,5
"5205230006"@;@257 879@;@3 495 977@;@@;@@;@@;@@;@257 879@;@@;@@;@0,3@;@@;@0,56
"8481309901"@;@3 976@;@@;@553@;@553@;@553@;@@;@4 529@;@0@;@0@;@0,3@;@0@;@0,5
"4418992000"@;@391 564@;@@;@@;@@;@@;@@;@391 564@;@@;@@;@0@;@@;@0,5
"2933998001"@;@62 329@;@10@;@@;@@;@@;@@;@62 329@;@@;@@;@0,3@;@@;@0,56
"1006309600"@;@816 674@;@146 581@;@@;@@;@@;@@;@816 674@;@@;@@;@0,7@;@@;@0,64
"6203310000"@;@719 112@;@2 407 993@;@391 420@;@422 117@;@370 427@;@33 916@;@1 076 616@;@30 697@;@30 697@;@1@;@30 697@;@0,55
"1302329000"@;@188 051@;@@;@3 114 992@;@3 131 063@;@3 114 992@;@@;@3 303 043@;@16 071@;@16 071@;@0,3@;@4 821,3@;@0,11
"7315111000"@;@360 390@;@@;@37 420@;@53 733@;@37 420@;@@;@397 810@;@16 313@;@16 313@;@0,3@;@4 893,9@;@0,53
"8715001000"@;@7 654 878@;@114 443@;@@;@@;@@;@@;@7 654 878@;@@;@@;@0,3@;@@;@0,56
"2712903900"@;@1 131 017@;@1 826 967@;@@;@@;@@;@@;@1 131 017@;@@;@@;@0,3@;@@;@0,56
"8413910009"@;@@;@@;@318 818@;@318 818@;@318 818@;@@;@318 818@;@0@;@@;@0,3@;@@;@
"9021219000"@;@48 316@;@@;@68 297@;@68 297@;@68 297@;@@;@116 613@;@0@;@0@;@0,3@;@0@;@0,27
"7312108908"@;@1 156 993@;@@;@@;@@;@@;@@;@1 156 993@;@@;@@;@0@;@@;@0,5
"0201209000"@;@@;@@;@@;@@;@@;@@;@0@;@@;@@;@0,4@;@@;@
"7008002000"@;@754 695@;@971 577@;@1 251 905@;@1 251 905@;@812 795@;@439 110@;@1 567 490@;@0@;@0@;@0,6@;@0@;@0,36
"7318156900"@;@704 907@;@52 492@;@21 304@;@24 567@;@20 751@;@553@;@673 166@;@3 263@;@3 263@;@0,6@;@1 957,8@;@0,64
"0813501500"@;@2 994@;@3 881 907@;@@;@@;@@;@@;@2 994@;@@;@@;@0,3@;@@;@0,56
"7202411000"@;@@;@@;@790@;@790@;@790@;@@;@790@;@0@;@@;@0,3@;@@;@
"8467810000"@;@3 520 017@;@628 219@;@@;@@;@@;@@;@3 520 017@;@@;@@;@0,3@;@@;@0,56
"7308905900"@;@10 437 529@;@850 497@;@127 965 413@;@132 076 897@;@121 021 461@;@10 353 608@;@128 049 334@;@4 111 484@;@4 111 484@;@1@;@4 111 484@;@0,36
"8506400000"@;@145@;@@;@@;@@;@@;@@;@145@;@@;@@;@0@;@@;@0,5
"2511100000"@;@2 882 665@;@@;@72 958 729@;@72 973 934@;@592 149@;@72 366 582@;@3 474 812@;@15 205@;@15 205@;@0,7@;@10 643,5@;@0,56
"401509100"@;@@;@@;@6 609 239@;@6 776 124@;@6 350 065@;@259 175@;@6 350 065@;@166 885@;@@;@0,3@;@@;@
"6208190001"@;@@;@167 719@;@@;@@;@@;@@;@0@;@@;@@;@0,3@;@@;@
"8460231008"@;@66 700@;@@;@@;@@;@@;@@;@66 700@;@@;@@;@0@;@@;@0,5
"4403938000"@;@864@;@@;@@;@@;@@;@@;@864@;@@;@@;@0@;@@;@0,5
"8428310000"@;@@;@@;@2 244 808@;@2 264 558@;@2 045 103@;@75 051@;@2 045 103@;@19 750@;@@;@0,3@;@@;@
"4810929001"@;@865 688@;@@;@7 988@;@10 582@;@7 988@;@@;@873 676@;@2 594@;@2 594@;@0,3@;@778,2@;@0,56
"6202400001"@;@620 203@;@1 211 897@;@372 629@;@372 629@;@372 629@;@@;@992 832@;@0@;@0@;@0,6@;@0@;@0,43
"6310900000"@;@135 014@;@434 330@;@15 026@;@15 026@;@15 026@;@@;@150 040@;@0@;@0@;@0,6@;@0@;@0,57
"8413702909"@;@@;@@;@@;@@;@@;@@;@0@;@@;@@;@0,4@;@@;@
"3907991000"@;@486 142@;@@;@@;@@;@@;@@;@486 142@;@@;@@;@0@;@@;@0,5
"4011500000"@;@2 942 257@;@1 870@;@@;@@;@@;@@;@2 942 257@;@@;@@;@0,3@;@@;@0,56
"5904900000"@;@@;@@;@1 327@;@1 327@;@1 327@;@@;@1 327@;@0@;@@;@0,3@;@@;@
"5602109000"@;@232 898@;@181@;@76 095@;@76 095@;@76 095@;@@;@308 812@;@0@;@0@;@0,6@;@0@;@0,5
"8708949909"@;@6 742 637@;@1 172 070@;@4 945@;@29 670@;@4 945@;@@;@5 575 512@;@24 725@;@24 725@;@0,6@;@14 835@;@0,73
"5603941001"@;@1@;@@;@107 413@;@107 413@;@107 413@;@@;@107 414@;@0@;@0@;@0,3@;@0@;@0,06
"5112301000"@;@427 633@;@@;@22 575@;@365 221@;@15 909@;@26 666@;@423 542@;@342 646@;@342 646@;@0,3@;@102 793,8@;@0,81
"8536700004"@;@9 275@;@@;@@;@@;@@;@@;@9 275@;@@;@@;@0@;@@;@0,5
"7218998000"@;@198 326@;@@;@@;@@;@@;@@;@198 326@;@@;@@;@0@;@@;@0,5
"8427900001"@;@870@;@@;@@;@@;@@;@@;@870@;@@;@@;@0@;@@;@0,5
"6201990000"@;@@;@@;@186 443@;@186 443@;@186 370@;@23 122@;@186 370@;@0@;@@;@0,3@;@@;@
"4408101503"@;@@;@@;@@;@@;@@;@@;@0@;@@;@@;@0,4@;@@;@
"4910000000"@;@124 000@;@1@;@@;@@;@@;@@;@124 000@;@@;@@;@0,7@;@@;@0,64
"8421197009"@;@1 733 139@;@1 500@;@@;@@;@@;@@;@1 733 139@;@@;@@;@0,3@;@@;@0,56
"8481309108"@;@3 198 341@;@11 424@;@18 420@;@96 227@;@16 083@;@3 886@;@3 201 451@;@77 807@;@77 807@;@0,6@;@46 684,2@;@0,63
"4102109000"@;@23 818@;@@;@1 185@;@2 370@;@1 185@;@@;@25 003@;@1 185@;@1 185@;@0,3@;@355,5@;@0,55
"7314190000"@;@547 981@;@43 451@;@4 603@;@4 603@;@4 603@;@@;@509 133@;@0@;@0@;@0,6@;@0@;@0,66
"0808108006"@;@6 735 450@;@6 258 562@;@@;@@;@@;@@;@6 735 450@;@@;@@;@0,7@;@@;@0,64
"7411290000"@;@3 187 403@;@329@;@@;@@;@@;@@;@3 187 403@;@@;@@;@0,3@;@@;@0,56
"5516920000"@;@21 643@;@290@;@1 558@;@1 558@;@1 558@;@@;@22 911@;@0@;@0@;@0,6@;@0@;@0,59
"8539390000"@;@108 714@;@@;@@;@@;@@;@@;@108 714@;@@;@@;@0@;@@;@0,5
"4411141000"@;@28 834 702@;@@;@@;@@;@@;@@;@28 834 702@;@@;@@;@0,4@;@@;@0,58
"8414807300"@;@2 994 551@;@125 002@;@111 684@;@111 684@;@111 684@;@@;@2 981 233@;@0@;@0@;@0,6@;@0@;@0,62
"6211334100"@;@6 158@;@@;@4 682@;@4 682@;@4 682@;@@;@10 840@;@0@;@0@;@0,3@;@0@;@0,34
"8409910002"@;@1 009 399@;@@;@@;@@;@@;@@;@1 009 399@;@@;@@;@0@;@@;@0,5
"8543706000"@;@30 276@;@@;@@;@@;@@;@@;@30 276@;@@;@@;@0@;@@;@0,5
"4202210000"@;@1 432 708@;@42 600@;@18 188 237@;@18 334 286@;@5 854 566@;@12 548 017@;@7 072 928@;@146 049@;@146 049@;@0,6@;@87 629,4@;@0,25
"8706001110"@;@29 910@;@@;@@;@@;@@;@@;@29 910@;@@;@@;@0@;@@;@0,5
"8501408009"@;@7 120 417@;@5 453@;@31 724@;@31 724@;@31 215@;@509@;@7 146 179@;@0@;@0@;@0,6@;@0@;@0,62
"7223009900"@;@44 245@;@255@;@@;@@;@@;@@;@44 245@;@@;@@;@0,3@;@@;@0,56
"8509800000"@;@2 908 130@;@9 269@;@2 311@;@2 311@;@1 178@;@1 133@;@2 900 039@;@0@;@0@;@0,6@;@0@;@0,62
"2002903100"@;@317 036@;@2 963@;@3 687 346@;@3 716 759@;@2 592 541@;@1 855 238@;@2 149 144@;@29 413@;@29 413@;@0,6@;@17 647,8@;@0,22
"9102210000"@;@2 958 691@;@768 003@;@@;@@;@@;@@;@2 958 691@;@@;@@;@0,3@;@@;@0,56
"5803002000"@;@@;@@;@462@;@462@;@462@;@@;@462@;@0@;@@;@0,3@;@@;@
"2933320000"@;@30 277@;@@;@@;@@;@@;@@;@30 277@;@@;@@;@0@;@@;@0,5
"6505900500"@;@@;@@;@115 160@;@230 320@;@115 160@;@@;@115 160@;@115 160@;@@;@0,3@;@@;@
"6006420000"@;@99 024@;@@;@@;@@;@@;@@;@99 024@;@@;@@;@0@;@@;@0,5
"8215910000"@;@176@;@@;@@;@@;@@;@@;@176@;@@;@@;@0@;@@;@0,5
"9004101000"@;@193@;@@;@26 021@;@26 066@;@26 021@;@@;@26 214@;@45@;@45@;@0,3@;@13,5@;@0,13
"8479790000"@;@20 197@;@1 250@;@@;@@;@@;@@;@20 197@;@@;@@;@0,3@;@@;@0,56
"5112308009"@;@22 990@;@@;@694 160@;@889 949@;@608 817@;@85 342@;@631 808@;@195 789@;@22 990@;@0,3@;@6 897@;@2,63
"4818201000"@;@389 365@;@14 759@;@20 038 780@;@22 194 427@;@12 468 582@;@1 237 344@;@19 190 801@;@2 155 647@;@389 365@;@0,6@;@233 619@;@1,79
"2812900000"@;@39 179@;@@;@@;@@;@@;@@;@39 179@;@@;@@;@0@;@@;@0,5
"2903420000"@;@49 812@;@@;@@;@@;@@;@@;@49 812@;@@;@@;@0@;@@;@0,5
"3702440000"@;@61 105@;@@;@@;@@;@@;@@;@61 105@;@@;@@;@0@;@@;@0,5
"4403231200"@;@177 685@;@@;@@;@@;@@;@@;@177 685@;@@;@@;@0@;@@;@0,5
"6204520000"@;@375 977@;@761 023@;@752 801@;@947 072@;@1 181 168@;@195 829@;@932 949@;@194 271@;@194 271@;@0,6@;@116 562,6@;@0,48
"8482109002"@;@143 085@;@@;@@;@@;@@;@@;@143 085@;@@;@@;@0,4@;@@;@0,58
"2009395900"@;@3 729@;@@;@@;@@;@@;@@;@3 729@;@@;@@;@0@;@@;@0,5
"2922180000"@;@4 742@;@@;@@;@@;@@;@@;@4 742@;@@;@@;@0@;@@;@0,5
"6304193000"@;@@;@@;@549 934@;@549 934@;@307 944@;@398 631@;@307 944@;@0@;@@;@0,7@;@@;@
"2009902902"@;@@;@25 824@;@@;@@;@@;@@;@0@;@@;@@;@0,3@;@@;@
"7312900000"@;@4 382 051@;@156 522@;@230 503@;@545 553@;@233 353@;@2 702@;@4 453 330@;@315 050@;@315 050@;@1@;@315 050@;@0,71
"8424829900"@;@936 778@;@927@;@@;@@;@@;@@;@936 778@;@@;@@;@0,3@;@@;@0,56
"5205130000"@;@@;@@;@136 256 543@;@132 343 938@;@123 469 607@;@41 287 359@;@123 469 607@;@-3 912 605@;@@;@0,3@;@@;@
"4418211000"@;@80 893@;@@;@@;@@;@@;@@;@80 893@;@@;@@;@0,4@;@@;@0,58
"2711140009"@;@145 369@;@@;@@;@@;@@;@@;@145 369@;@@;@@;@0@;@@;@0,5
"7318141100"@;@650 288@;@13 510@;@6 703@;@8 674@;@6 703@;@@;@643 481@;@1 971@;@1 971@;@0,6@;@1 182,6@;@0,63
"1511109008"@;@4 719@;@@;@@;@@;@@;@@;@4 719@;@@;@@;@0@;@@;@0,5
"7005292500"@;@5 590 434@;@115 252@;@@;@@;@@;@@;@5 590 434@;@@;@@;@0,3@;@@;@0,56
"7312108108"@;@880 984@;@68@;@@;@@;@@;@@;@880 984@;@@;@@;@0,3@;@@;@0,56
"5506100000"@;@@;@@;@1 466 030@;@1 587 517@;@1 467 653@;@3 543@;@1 467 653@;@121 487@;@@;@0,3@;@@;@
"9405911000"@;@64 369@;@994@;@221 899@;@221 899@;@221 899@;@@;@286 268@;@0@;@0@;@1@;@0@;@0,31
"8424411000"@;@24 048@;@@;@@;@@;@@;@@;@24 048@;@@;@@;@0@;@@;@0,5
"0713350009"@;@44@;@22 000@;@@;@@;@@;@@;@44@;@@;@@;@0,3@;@@;@0,56
"8521109500"@;@@;@@;@153 857@;@161 955@;@153 857@;@@;@153 857@;@8 098@;@@;@0,3@;@@;@
"9303209500"@;@189 027@;@@;@@;@@;@@;@@;@189 027@;@@;@@;@0@;@@;@0,5
"8501330005"@;@1 082 302@;@@;@485 859@;@660 921@;@485 859@;@@;@1 568 161@;@175 062@;@175 062@;@0,7@;@122 543,4@;@0,53
"2701129000"@;@43 049 744@;@2@;@@;@@;@@;@@;@43 049 744@;@@;@@;@0,3@;@@;@0,56
"8506109801"@;@295@;@@;@@;@@;@@;@@;@295@;@@;@@;@0@;@@;@0,5
"1806901900"@;@61 287 992@;@5 234 643@;@17 336 975@;@23 956 269@;@13 812 108@;@1 707 071@;@71 683 253@;@6 619 294@;@6 619 294@;@0,6@;@3 971 576,4@;@0,58
"3921904300"@;@133 498@;@35 516@;@3 056 494@;@3 116 553@;@2 674 160@;@310 070@;@2 879 922@;@60 059@;@60 059@;@0,6@;@36 035,4@;@0,28
"6104520000"@;@42 534@;@806 010@;@14 825@;@14 825@;@17 518@;@@;@57 359@;@0@;@0@;@0,6@;@0@;@0,49
"4804510000"@;@809 572@;@@;@383 913@;@383 913@;@383 913@;@78 797@;@1 114 688@;@0@;@0@;@0,3@;@0@;@0,42
"8507908000"@;@997 126@;@129@;@1 710 799@;@1 721 231@;@1 710 799@;@@;@2 707 925@;@10 432@;@10 432@;@0,6@;@6 259,2@;@0,31
"8703211096"@;@@;@@;@@;@@;@@;@@;@0@;@@;@@;@0,4@;@@;@
"9201900000"@;@4 047@;@@;@@;@@;@@;@@;@4 047@;@@;@@;@0@;@@;@0,5
"2301100000"@;@48 934@;@@;@418 313@;@443 128@;@417 466@;@1 166@;@466 081@;@24 815@;@24 815@;@0,3@;@7 444,5@;@0,26
"8481803900"@;@3 404 805@;@8 659@;@5 129@;@5 129@;@4 538@;@592@;@3 400 683@;@0@;@0@;@0,6@;@0@;@0,62
"7408199000"@;@5 975@;@613 813@;@@;@@;@@;@@;@5 975@;@@;@@;@0,3@;@@;@0,56
"8411222008"@;@@;@37 993@;@@;@@;@@;@@;@0@;@@;@@;@0,3@;@@;@
"6206300000"@;@1 095 624@;@830 291@;@@;@@;@@;@@;@1 095 624@;@@;@@;@0,3@;@@;@0,56
"4705000000"@;@364 797@;@@;@@;@@;@@;@@;@364 797@;@@;@@;@0@;@@;@0,5
"0708100000"@;@10 674@;@18 122@;@@;@@;@@;@@;@10 674@;@@;@@;@0,3@;@@;@0,56
"8517620009"@;@65 318 856@;@655 929@;@13 905 954@;@14 174 664@;@13 896 796@;@1 211 820@;@77 357 061@;@268 710@;@268 710@;@1@;@268 710@;@0,62
"5510200000"@;@36 763@;@64 206@;@@;@@;@@;@@;@36 763@;@@;@@;@0,3@;@@;@0,56
"2009419209"@;@17 483@;@@;@@;@@;@@;@@;@17 483@;@@;@@;@0@;@@;@0,5
"6810193100"@;@@;@@;@1 127@;@1 409@;@1 127@;@@;@1 127@;@282@;@@;@0,3@;@@;@
"3924900009"@;@4 428 877@;@6 566 130@;@104 484@;@107 860@;@104 484@;@@;@4 533 361@;@3 376@;@3 376@;@1@;@3 376@;@0,69
"8525813000"@;@1 249 245@;@266 500@;@104 038@;@104 038@;@103 625@;@414@;@1 086 369@;@0@;@0@;@1@;@0@;@0,77
"8215209000"@;@147 504@;@1 731@;@@;@@;@@;@@;@147 504@;@@;@@;@0,3@;@@;@0,56
"5608191100"@;@34 377@;@@;@59 136@;@59 136@;@59 136@;@@;@93 513@;@0@;@0@;@0,3@;@0@;@0,24
"8703249098"@;@182 754@;@@;@@;@@;@@;@@;@182 754@;@@;@@;@0@;@@;@0,5
"802129000"@;@@;@@;@164 434@;@164 434@;@164 434@;@@;@164 434@;@0@;@@;@0,3@;@@;@
"2853909000"@;@9 040@;@@;@@;@@;@@;@@;@9 040@;@@;@@;@0@;@@;@0,5
"2933499000"@;@184 162@;@@;@@;@@;@@;@@;@184 162@;@@;@@;@0@;@@;@0,5
"7202291000"@;@@;@@;@5 900@;@7 603@;@5 900@;@@;@5 900@;@1 703@;@@;@0,3@;@@;@
"9405409501"@;@@;@@;@16 590@;@33 180@;@16 590@;@@;@16 590@;@16 590@;@@;@0,3@;@@;@
"0307329100"@;@5 214@;@@;@@;@@;@@;@@;@5 214@;@@;@@;@0@;@@;@0,5
"8476890000"@;@77 865@;@160@;@@;@@;@@;@@;@77 865@;@@;@@;@0,3@;@@;@0,56
"1604142800"@;@14 284@;@@;@@;@@;@@;@@;@14 284@;@@;@@;@0@;@@;@0,5
"8486209009"@;@793 153@;@@;@@;@@;@@;@@;@793 153@;@@;@@;@0@;@@;@0,5
"6108210000"@;@305 818@;@7 260 469@;@37 064 070@;@38 823 031@;@36 132 837@;@12 027 071@;@25 342 817@;@1 758 961@;@305 818@;@1@;@305 818@;@1,93
"9006990000"@;@1 171@;@@;@@;@@;@@;@@;@1 171@;@@;@@;@0@;@@;@0,5
"3917390002"@;@953@;@@;@@;@@;@@;@@;@953@;@@;@@;@0@;@@;@0,5
"3506910000"@;@17 929 974@;@543 427@;@776 336@;@1 127 213@;@633 952@;@24 837@;@18 138 046@;@350 877@;@350 877@;@0,6@;@210 526,2@;@0,62
"4404100002"@;@13 842@;@@;@@;@@;@@;@@;@13 842@;@@;@@;@0@;@@;@0,5
"3105600000"@;@442 053@;@@;@@;@@;@@;@@;@442 053@;@@;@@;@0@;@@;@0,5
"8477100000"@;@@;@@;@1 666 564@;@1 682 193@;@1 666 564@;@@;@1 666 564@;@15 629@;@@;@0,3@;@@;@
"0305520000"@;@306@;@@;@@;@@;@@;@@;@306@;@@;@@;@0@;@@;@0,5
"7317002000"@;@147 811@;@@;@2 480 401@;@2 742 745@;@2 248 944@;@238 084@;@2 390 128@;@262 344@;@147 811@;@0,3@;@44 343,3@;@0,62
"2007993300"@;@400 534@;@23 138@;@3 438@;@6 876@;@3 312@;@1 896@;@378 938@;@3 438@;@3 438@;@1@;@3 438@;@0,73
"8411128000"@;@17 026 500@;@25 764 453@;@@;@@;@@;@@;@17 026 500@;@@;@@;@0,3@;@@;@0,56
"3701100000"@;@667 776@;@37 636@;@293 714@;@293 714@;@293 714@;@@;@923 854@;@0@;@0@;@1@;@0@;@0,56
"6211433100"@;@396@;@188@;@@;@@;@@;@@;@396@;@@;@@;@0,3@;@@;@0,56
"8542323100"@;@1 932@;@@;@@;@@;@@;@@;@1 932@;@@;@@;@0@;@@;@0,5
"2009791908"@;@35 193@;@66 756@;@@;@@;@@;@@;@35 193@;@@;@@;@0,3@;@@;@0,56
"2916150000"@;@16 976@;@@;@@;@@;@@;@@;@16 976@;@@;@@;@0@;@@;@0,5
"8483908909"@;@12 684 376@;@232 063@;@6 657 656@;@6 709 051@;@5 638 249@;@911 015@;@18 198 954@;@51 395@;@51 395@;@1@;@51 395@;@0,55
"6108920000"@;@83 841@;@2 508 042@;@@;@@;@@;@@;@83 841@;@@;@@;@0,3@;@@;@0,56
"8111009000"@;@19 152 909@;@@;@@;@@;@@;@@;@19 152 909@;@@;@@;@0@;@@;@0,5
"1102909009"@;@40 256@;@@;@@;@@;@@;@@;@40 256@;@@;@@;@0@;@@;@0,5
"2905393000"@;@3 090@;@@;@@;@@;@@;@@;@3 090@;@@;@@;@0@;@@;@0,5
"7411211000"@;@572 847@;@742@;@@;@@;@@;@@;@572 847@;@@;@@;@0,7@;@@;@0,64
"8714991000"@;@647 318@;@1 904@;@@;@@;@@;@@;@647 318@;@@;@@;@0,3@;@@;@0,56
"0811109000"@;@37 811@;@203 314@;@@;@@;@@;@@;@37 811@;@@;@@;@0,3@;@@;@0,56
"208300000"@;@@;@@;@209 047@;@213 195@;@224 676@;@7 814@;@224 676@;@4 148@;@@;@0,3@;@@;@
"2005996000"@;@3 512@;@@;@@;@@;@@;@@;@3 512@;@@;@@;@0,4@;@@;@0,58
"3505109000"@;@2 786 168@;@34 988@;@@;@@;@@;@@;@2 786 168@;@@;@@;@0,3@;@@;@0,56
"8480500000"@;@2 407 521@;@@;@@;@@;@@;@@;@2 407 521@;@@;@@;@0@;@@;@0,5
"2401106000"@;@1 883 267@;@3 725 171@;@@;@@;@@;@@;@1 883 267@;@@;@@;@0,3@;@@;@0,56
"8532250000"@;@948 722@;@57@;@@;@@;@@;@@;@948 722@;@@;@@;@0,3@;@@;@0,56
"2101110092"@;@137 748@;@@;@@;@@;@@;@@;@137 748@;@@;@@;@0@;@@;@0,5
"8462220009"@;@977 333@;@2 200@;@287 117@;@287 117@;@279 423@;@7 694@;@1 254 556@;@0@;@0@;@0,6@;@0@;@0,51
"2710121109"@;@5 174 954@;@20 165@;@@;@@;@@;@@;@5 174 954@;@@;@@;@0,7@;@@;@0,64
"3926909706"@;@161 405@;@7 289@;@37 648@;@37 648@;@37 648@;@@;@191 764@;@0@;@0@;@0,6@;@0@;@0,54
"8419120000"@;@847 796@;@22 910@;@628 340@;@633 912@;@584 728@;@49 555@;@1 403 671@;@5 572@;@5 572@;@1@;@5 572@;@0,5
"8461501909"@;@2 550 389@;@37 713@;@@;@@;@@;@@;@2 550 389@;@@;@@;@0,3@;@@;@0,56
"8711601000"@;@13 726 221@;@31 814@;@6 500 790@;@6 572 525@;@4 080 885@;@3 588 004@;@16 607 193@;@71 735@;@71 735@;@0,6@;@43 041@;@0,53
"8201900009"@;@390 556@;@34 394@;@7 821@;@7 821@;@5 159@;@2 662@;@361 321@;@0@;@0@;@1@;@0@;@0,74
"0303841000"@;@31 994@;@@;@@;@@;@@;@@;@31 994@;@@;@@;@0@;@@;@0,5
"5702421000"@;@204@;@@;@@;@@;@@;@@;@204@;@@;@@;@0@;@@;@0,5
"7222118909"@;@59 139@;@@;@@;@@;@@;@@;@59 139@;@@;@@;@0@;@@;@0,5
"6108290000"@;@6 501@;@38 951@;@75 654@;@103 597@;@75 654@;@31 127@;@51 028@;@27 943@;@6 501@;@1@;@6 501@;@1,55
"8504318001"@;@850@;@351@;@357 048@;@376 256@;@357 048@;@14 406@;@343 492@;@19 208@;@850@;@0,6@;@510@;@6,9
"5205430002"@;@@;@1 030 893@;@@;@@;@@;@@;@0@;@@;@@;@0,3@;@@;@
"5515221900"@;@21 986@;@@;@@;@@;@@;@@;@21 986@;@@;@@;@0@;@@;@0,5
"6403993300"@;@8 119@;@@;@84 823@;@135 634@;@84 823@;@@;@92 942@;@50 811@;@8 119@;@0,7@;@5 683,3@;@2,06
"3926909209"@;@@;@@;@@;@@;@@;@@;@0@;@@;@@;@0,4@;@@;@
"6202200000"@;@901 117@;@378 662@;@@;@@;@@;@@;@901 117@;@@;@@;@0,3@;@@;@0,56
"5111909800"@;@20 431@;@@;@33 004@;@33 004@;@33 004@;@@;@53 435@;@0@;@0@;@0,3@;@0@;@0,25
"5509520000"@;@@;@6 203@;@@;@@;@@;@@;@0@;@@;@@;@0,3@;@@;@
"2820100000"@;@14 412@;@10@;@18 275@;@73 100@;@18 275@;@@;@32 687@;@54 825@;@14 412@;@0,6@;@8 647,2@;@1,48
"8703231981"@;@254 932 616@;@@;@713 753 762@;@734 944 667@;@646 536 632@;@89 195 682@;@879 490 696@;@21 190 905@;@21 190 905@;@0,7@;@14 833 633,5@;@0,31
"2926902000"@;@1 340@;@@;@@;@@;@@;@@;@1 340@;@@;@@;@0@;@@;@0,5
"2912490000"@;@51 862@;@@;@52 013@;@233 513@;@23 049@;@14 667@;@89 208@;@181 500@;@51 862@;@0,3@;@15 558,6@;@1,4
"2710201900"@;@@;@@;@2 004 737@;@2 004 737@;@2 004 737@;@3 397@;@2 004 737@;@0@;@@;@0,3@;@@;@
"2001902000"@;@282 818@;@5 787@;@71 027@;@80 981@;@63 639@;@81 727@;@266 331@;@9 954@;@9 954@;@0,6@;@5 972,4@;@0,66
"7228608000"@;@126 257@;@@;@14 530 992@;@16 353 294@;@16 536 593@;@@;@14 657 249@;@1 822 302@;@126 257@;@0,3@;@37 877,1@;@4,39
"8505902009"@;@@;@@;@@;@@;@@;@@;@0@;@@;@@;@0,4@;@@;@
"8705908009"@;@2 358 635@;@392 266@;@@;@@;@@;@@;@2 358 635@;@@;@@;@0,3@;@@;@0,56
"8431390000"@;@7 963 883@;@44 269@;@2 096 070@;@2 199 936@;@1 872 475@;@99 123@;@9 916 561@;@103 866@;@103 866@;@1@;@103 866@;@0,61
"9404400001"@;@56 799@;@1 061 987@;@52 945@;@88 183@;@47 715@;@5 230@;@104 514@;@35 238@;@35 238@;@1@;@35 238@;@0,66
"6802911000"@;@@;@@;@58 049@;@63 236@;@58 049@;@@;@58 049@;@5 187@;@@;@0,3@;@@;@
"9004109100"@;@699 545@;@451@;@@;@@;@@;@@;@699 545@;@@;@@;@0,3@;@@;@0,56
"8483403000"@;@252 579@;@@;@5 731@;@6 774@;@5 731@;@@;@258 310@;@1 043@;@1 043@;@0,3@;@312,9@;@0,55
"3907300000"@;@11 252 027@;@60 496@;@2 291 741@;@2 300 075@;@2 291 741@;@797@;@13 482 475@;@8 334@;@8 334@;@0,6@;@5 000,4@;@0,54
"7227905000"@;@@;@@;@18 614@;@19 944@;@18 614@;@@;@18 614@;@1 330@;@@;@0,3@;@@;@
"8483902009"@;@164 088@;@272@;@206 910@;@206 910@;@206 910@;@@;@370 998@;@0@;@0@;@0,6@;@0@;@0,34
"4819300001"@;@664 796@;@@;@3 773 802@;@4 784 174@;@3 772 537@;@1 265@;@4 437 333@;@1 010 372@;@664 796@;@0,3@;@199 438,8@;@0,59
"3919101500"@;@566 711@;@851@;@2 403@;@4 806@;@@;@2 403@;@565 860@;@2 403@;@2 403@;@0,6@;@1 441,8@;@0,62
"7410220000"@;@40 529@;@@;@10 770 859@;@10 840 477@;@10 770 859@;@@;@10 811 388@;@69 618@;@40 529@;@0,3@;@12 158,7@;@0,58
"3917221000"@;@1 126 154@;@45 284@;@4 761 942@;@4 977 620@;@4 227 955@;@460 185@;@5 427 911@;@215 678@;@215 678@;@1@;@215 678@;@0,36
"9025118000"@;@128 453@;@1 054@;@@;@@;@@;@@;@128 453@;@@;@@;@0,3@;@@;@0,56
"7326909300"@;@@;@@;@790@;@790@;@790@;@@;@790@;@0@;@@;@0,3@;@@;@
"4805932000"@;@181 245@;@1 600 435@;@27 302@;@27 302@;@27 302@;@@;@208 547@;@0@;@0@;@1@;@0@;@0,63
"7408210000"@;@143 477@;@@;@11 112@;@11 112@;@@;@11 112@;@143 477@;@0@;@0@;@0,3@;@0@;@0,56
"9609901000"@;@21 173@;@@;@6 518@;@6 518@;@6 518@;@@;@27 691@;@0@;@0@;@0,3@;@0@;@0,44
"6912008500"@;@15 824@;@@;@@;@@;@@;@@;@15 824@;@@;@@;@0@;@@;@0,5
"7005100500"@;@250@;@@;@13 666 442@;@13 666 442@;@12 946 974@;@9 231 298@;@4 435 394@;@0@;@0@;@0,3@;@0@;@0,06
"2916130000"@;@31 160@;@@;@@;@@;@@;@@;@31 160@;@@;@@;@0@;@@;@0,5
"6704190000"@;@5 094@;@@;@@;@@;@@;@@;@5 094@;@@;@@;@0@;@@;@0,5
"1522009900"@;@45 647@;@54 034@;@2 024 937@;@2 433 369@;@1 623 193@;@56 996@;@2 013 588@;@408 432@;@45 647@;@0,6@;@27 388,2@;@2,82
"7304293004"@;@1 371 389@;@@;@@;@@;@@;@@;@1 371 389@;@@;@@;@0@;@@;@0,5
"9027101000"@;@12 773 470@;@195 882@;@3 282 314@;@5 385 382@;@3 282 314@;@@;@15 859 902@;@2 103 068@;@2 103 068@;@1@;@2 103 068@;@0,65
"6104291000"@;@@;@@;@1 461 526@;@1 461 526@;@1 461 526@;@@;@1 461 526@;@0@;@@;@0,7@;@@;@
"5404120000"@;@111 188@;@2 278@;@279 445@;@279 445@;@245 138@;@34 308@;@356 325@;@0@;@0@;@0,6@;@0@;@0,28
"8528722001"@;@33 005 184@;@35 509 696@;@66 349 344@;@67 046 061@;@63 340 272@;@5 267 492@;@94 087 036@;@696 717@;@696 717@;@1@;@696 717@;@0,38
"7314490000"@;@1 133 623@;@447@;@11 357 967@;@12 124 269@;@9 026 574@;@2 337 077@;@10 154 513@;@766 302@;@766 302@;@1@;@766 302@;@0,46
"6204639000"@;@89 845@;@155 511@;@@;@@;@@;@@;@89 845@;@@;@@;@0,7@;@@;@0,64
"6302531000"@;@114@;@@;@1 580@;@1 580@;@1 580@;@@;@1 694@;@0@;@0@;@0,7@;@0@;@0,17
"2912190000"@;@103 584@;@6 383@;@@;@@;@@;@@;@103 584@;@@;@@;@0,3@;@@;@0,56
"8540890000"@;@66 982@;@@;@@;@@;@@;@@;@66 982@;@@;@@;@0@;@@;@0,5
"3917310008"@;@195 414@;@51 492@;@646 836@;@713 440@;@675 276@;@22 752@;@819 498@;@66 604@;@66 604@;@1@;@66 604@;@0,42
"8459619009"@;@1 472 588@;@703@;@@;@@;@@;@@;@1 472 588@;@@;@@;@0,3@;@@;@0,56
"6403519100"@;@3 455@;@@;@127 423@;@204 737@;@127 423@;@@;@130 878@;@77 314@;@3 455@;@0,7@;@2 418,5@;@6,87
"7013289000"@;@4 933 843@;@30 817@;@@;@@;@@;@@;@4 933 843@;@@;@@;@0,3@;@@;@0,56
"8537109109"@;@@;@@;@22 120@;@22 120@;@22 120@;@@;@22 120@;@0@;@@;@0,3@;@@;@
"3204190000"@;@2 737 278@;@49 459@;@@;@@;@@;@@;@2 737 278@;@@;@@;@0,7@;@@;@0,64
"3917330000"@;@1 521 952@;@13 496@;@180 606@;@444 544@;@204 197@;@33 765@;@1 655 297@;@263 938@;@263 938@;@0,6@;@158 362,8@;@0,63
"0208101000"@;@@;@736 312@;@@;@@;@@;@@;@0@;@@;@@;@0,3@;@@;@
"8537109800"@;@107 616 116@;@1 223 165@;@5 500 237@;@6 094 595@;@5 421 543@;@91 506@;@111 801 682@;@594 358@;@594 358@;@1@;@594 358@;@0,68
"3808925000"@;@3 500 557@;@1 201 556@;@2 196 999@;@2 312 631@;@1 894 680@;@109 483@;@4 386 517@;@115 632@;@115 632@;@1@;@115 632@;@0,61
"7306308009"@;@@;@@;@@;@@;@@;@@;@0@;@@;@@;@0,4@;@@;@
"0511991000"@;@@;@1 498 462@;@@;@@;@@;@@;@0@;@@;@@;@0,3@;@@;@
"5911100000"@;@136 665@;@341@;@4 628@;@4 628@;@4 628@;@@;@140 952@;@0@;@0@;@0,6@;@0@;@0,6
"2008998500"@;@1 535@;@2 357@;@@;@@;@@;@@;@1 535@;@@;@@;@0,3@;@@;@0,56
"2611000000"@;@8 856@;@1 700@;@@;@@;@@;@@;@8 856@;@@;@@;@0,3@;@@;@0,56
"7326909804"@;@20 114@;@@;@790@;@790@;@790@;@@;@20 904@;@0@;@0@;@0,3@;@0@;@0,54
"8501402004"@;@10@;@@;@35 835@;@35 835@;@35 835@;@@;@35 845@;@0@;@0@;@0,3@;@0@;@0,06
"1209913000"@;@2 340@;@2 228@;@@;@@;@@;@@;@2 340@;@@;@@;@0,3@;@@;@0,56
"8444009000"@;@5 730 638@;@4 550@;@@;@@;@@;@@;@5 730 638@;@@;@@;@0,3@;@@;@0,56
"9104000008"@;@5 776@;@@;@@;@@;@@;@@;@5 776@;@@;@@;@0@;@@;@0,5
"2710194200"@;@@;@@;@732 552@;@732 552@;@732 552@;@@;@732 552@;@0@;@@;@0,3@;@@;@
"5206110002"@;@24 046@;@@;@@;@@;@@;@@;@24 046@;@@;@@;@0@;@@;@0,5
"6805300009"@;@1 096 709@;@2 037@;@@;@@;@@;@@;@1 096 709@;@@;@@;@0,3@;@@;@0,56
"7324900000"@;@2 712 977@;@10 342@;@828 317@;@844 450@;@828 317@;@@;@3 530 952@;@16 133@;@16 133@;@0,6@;@9 679,8@;@0,51
"8481101902"@;@40 073@;@@;@9 119@;@9 119@;@8 725@;@3 554@;@45 638@;@0@;@0@;@0,3@;@0@;@0,5
"6116102000"@;@377 319@;@76@;@1 650 435@;@1 683 779@;@1 894 562@;@638 908@;@1 388 846@;@33 344@;@33 344@;@1@;@33 344@;@0,36
"9403603000"@;@2 506 275@;@109 540@;@8 804 247@;@9 114 531@;@6 602 596@;@2 410 610@;@8 899 912@;@310 284@;@310 284@;@1@;@310 284@;@0,38
"8462900019"@;@349 157@;@@;@@;@@;@@;@@;@349 157@;@@;@@;@0@;@@;@0,5
"8434100000"@;@1 125 419@;@24 400@;@@;@@;@@;@@;@1 125 419@;@@;@@;@0,3@;@@;@0,56
"8413810000"@;@4 076 509@;@35 558@;@809 894@;@942 274@;@698 012@;@64 221@;@4 786 624@;@132 380@;@132 380@;@0,6@;@79 428@;@0,56
"5810999000"@;@106@;@@;@25 375@;@25 375@;@25 375@;@@;@25 481@;@0@;@0@;@0,3@;@0@;@0,06
"3003100009"@;@@;@@;@6 884@;@6 884@;@6 884@;@@;@6 884@;@0@;@@;@0,3@;@@;@
"0902300009"@;@5 140 844@;@126 572@;@@;@@;@@;@@;@5 140 844@;@@;@@;@0,3@;@@;@0,56
"8443160000"@;@5 327 927@;@1 743 605@;@@;@@;@@;@@;@5 327 927@;@@;@@;@0,3@;@@;@0,56
"7018105100"@;@669 328@;@2@;@@;@@;@@;@@;@669 328@;@@;@@;@0,3@;@@;@0,56
"5211420000"@;@1 687 453@;@87 678@;@1 010@;@1 010@;@1 010@;@@;@1 600 785@;@0@;@0@;@0,6@;@0@;@0,65
"8536500700"@;@1 737 534@;@515 309@;@8 144 450@;@8 144 450@;@7 944 745@;@75 051@;@9 806 933@;@0@;@0@;@1@;@0@;@0,29
"0709510000"@;@456 854@;@@;@@;@@;@@;@@;@456 854@;@@;@@;@0@;@@;@0,5
"8418109000"@;@90 651@;@@;@@;@@;@@;@@;@90 651@;@@;@@;@0@;@@;@0,5
"8529109500"@;@552 586@;@1 508@;@21 186@;@21 565@;@21 186@;@@;@572 264@;@379@;@379@;@0,6@;@227,4@;@0,6
"6909190009"@;@1 919 642@;@@;@25 043@;@25 043@;@25 043@;@@;@1 944 685@;@0@;@0@;@0,7@;@0@;@0,63
"1516209802"@;@202 814@;@@;@@;@@;@@;@@;@202 814@;@@;@@;@0@;@@;@0,5
"8451290000"@;@9 465 938@;@19 902@;@32 699@;@32 719@;@32 699@;@@;@9 478 735@;@20@;@20@;@1@;@20@;@0,7
"4408393003"@;@5 713@;@@;@@;@@;@@;@@;@5 713@;@@;@@;@0@;@@;@0,5
"0810301000"@;@@;@32@;@@;@@;@@;@@;@0@;@@;@@;@0,3@;@@;@
"9401908009"@;@@;@@;@364 910@;@364 910@;@364 910@;@@;@364 910@;@0@;@@;@0,3@;@@;@
"5702419000"@;@257 252@;@@;@@;@@;@@;@@;@257 252@;@@;@@;@0@;@@;@0,5
"9403409000"@;@228 515@;@98 109@;@6 748 760@;@7 150 288@;@6 137 136@;@775 773@;@6 201 502@;@401 528@;@228 515@;@1@;@228 515@;@0,75
"8480410000"@;@2 494 269@;@@;@@;@@;@@;@@;@2 494 269@;@@;@@;@0@;@@;@0,5
"2001909100"@;@@;@@;@544 565@;@544 565@;@576 710@;@84 802@;@576 710@;@0@;@@;@0,3@;@@;@
"4401310000"@;@376 090@;@3 264@;@134 599@;@138 823@;@134 599@;@@;@507 425@;@4 224@;@4 224@;@0,6@;@2 534,4@;@0,49
"5407613000"@;@12 129 881@;@114 325@;@2 315 512@;@2 377 133@;@1 817 803@;@606 731@;@13 724 337@;@61 621@;@61 621@;@1@;@61 621@;@0,64
"9018191000"@;@3 299 094@;@@;@@;@@;@@;@@;@3 299 094@;@@;@@;@0,4@;@@;@0,58
"8481807100"@;@215 329@;@86 212@;@307 228@;@351 585@;@309 272@;@25 557@;@497 000@;@44 357@;@44 357@;@1@;@44 357@;@0,48
"9405210039"@;@209 855@;@@;@@;@@;@@;@@;@209 855@;@@;@@;@0@;@@;@0,5
"406900100"@;@@;@@;@67 121@;@67 121@;@67 121@;@@;@67 121@;@0@;@@;@0,3@;@@;@
"8708943509"@;@1 399 652@;@353 987@;@@;@@;@@;@@;@1 399 652@;@@;@@;@0,3@;@@;@0,56
"6807109000"@;@@;@@;@1 745 702@;@1 751 678@;@1 668 444@;@83 430@;@1 668 444@;@5 976@;@@;@0,3@;@@;@
"3105902000"@;@77 074@;@90 680@;@52 230@;@52 230@;@52 230@;@@;@129 304@;@0@;@0@;@0,6@;@0@;@0,42
"2714900000"@;@22 880@;@@;@29 488 610@;@33 776 005@;@24 858 576@;@4 604 142@;@24 907 348@;@4 287 395@;@22 880@;@0,7@;@16 016@;@56,36
"2843300000"@;@22 266@;@28 381@;@@;@@;@@;@@;@22 266@;@@;@@;@0,3@;@@;@0,56
"5515119001"@;@25 022@;@@;@@;@@;@@;@@;@25 022@;@@;@@;@0,4@;@@;@0,58
"8451808001"@;@2 930 638@;@@;@@;@@;@@;@@;@2 930 638@;@@;@@;@0@;@@;@0,5
"8443192001"@;@2 848 705@;@@;@@;@@;@@;@@;@2 848 705@;@@;@@;@0@;@@;@0,5
"6809900000"@;@62 587@;@81 171@;@6 681 549@;@6 944 194@;@6 259 161@;@496 864@;@6 247 272@;@262 645@;@62 587@;@1@;@62 587@;@1,46
"1701999001"@;@14 563@;@@;@@;@@;@@;@@;@14 563@;@@;@@;@0@;@@;@0,5
"8512200001"@;@23 532 173@;@1 101 522@;@41 107@;@41 107@;@41 107@;@@;@22 471 758@;@0@;@0@;@0,6@;@0@;@0,64
"2204211700"@;@1 321@;@@;@@;@@;@@;@@;@1 321@;@@;@@;@0@;@@;@0,5
"8421110000"@;@711 641@;@22 000@;@@;@@;@@;@@;@711 641@;@@;@@;@0,3@;@@;@0,56
"0808108002"@;@5 572 417@;@3 893 097@;@@;@@;@@;@@;@5 572 417@;@@;@@;@0,3@;@@;@0,56
"8417900000"@;@11 367 666@;@109 900@;@161 302@;@161 302@;@122 535@;@38 767@;@11 380 301@;@0@;@0@;@1@;@0@;@0,7
"2930401000"@;@174 445@;@10@;@@;@@;@@;@@;@174 445@;@@;@@;@0,3@;@@;@0,56
"2503001000"@;@190 139@;@795 267@;@3 063 969@;@3 122 078@;@2 333 845@;@5 274 574@;@1 538 578@;@58 109@;@58 109@;@0,6@;@34 865,4@;@0,27
"1703100000"@;@@;@@;@351 887@;@678 702@;@328 159@;@58 561@;@328 159@;@326 815@;@@;@0,3@;@@;@
"7013491000"@;@367 978@;@8 714@;@@;@@;@@;@@;@367 978@;@@;@@;@0,3@;@@;@0,56
"8501340000"@;@5 037 957@;@@;@493 779@;@890 028@;@493 525@;@255@;@5 531 481@;@396 249@;@396 249@;@0,7@;@277 374,3@;@0,62
"8539213001"@;@2 399 073@;@@;@@;@@;@@;@@;@2 399 073@;@@;@@;@0@;@@;@0,5
"8714993000"@;@455 873@;@222@;@@;@@;@@;@@;@455 873@;@@;@@;@0,3@;@@;@0,56
"9007920000"@;@2 579@;@@;@@;@@;@@;@@;@2 579@;@@;@@;@0@;@@;@0,5
"8462299100"@;@@;@@;@79@;@79@;@79@;@@;@79@;@0@;@@;@0,3@;@@;@
"8706001190"@;@2 978@;@5 669 150@;@2 518 598@;@3 056 885@;@2 507 679@;@1 016 765@;@1 504 811@;@538 287@;@2 978@;@0,6@;@1 786,8@;@54,35
"4011201000"@;@1 000 228@;@1 144 410@;@@;@@;@@;@@;@1 000 228@;@@;@@;@0,7@;@@;@0,64
"9401300009"@;@@;@@;@1 755 164@;@1 827 006@;@1 755 164@;@2 539@;@1 755 164@;@71 842@;@@;@0,3@;@@;@
"8205909000"@;@314 477@;@8 714@;@@;@@;@@;@@;@314 477@;@@;@@;@0,7@;@@;@0,64
"8415810099"@;@@;@@;@@;@@;@@;@@;@0@;@@;@@;@0,4@;@@;@
"8542329000"@;@13 950@;@@;@@;@@;@@;@@;@13 950@;@@;@@;@0@;@@;@0,5
"3812302100"@;@@;@@;@993 538@;@1 006 478@;@993 538@;@@;@993 538@;@12 940@;@@;@0,3@;@@;@
"2404120000"@;@5 220 856@;@@;@@;@@;@@;@@;@5 220 856@;@@;@@;@0@;@@;@0,5
"6211200000"@;@16 238@;@@;@@;@@;@@;@@;@16 238@;@@;@@;@0@;@@;@0,5
"8452101900"@;@1 450 684@;@9 648@;@2 722@;@2 722@;@1 943@;@779@;@1 442 979@;@0@;@0@;@0,6@;@0@;@0,62
"7610909000"@;@8 313 276@;@957 876@;@2 717 926@;@3 273 159@;@2 678 675@;@95 988@;@9 977 338@;@555 233@;@555 233@;@1@;@555 233@;@0,64
"8454309004"@;@5 251 156@;@@;@@;@@;@@;@@;@5 251 156@;@@;@@;@0@;@@;@0,5
"8421394000"@;@@;@@;@179 769@;@179 769@;@179 769@;@@;@179 769@;@0@;@@;@0,3@;@@;@
"0902300001"@;@4 318 424@;@43 836@;@@;@@;@@;@@;@4 318 424@;@@;@@;@0,7@;@@;@0,64
"0102292900"@;@7 925 257@;@@;@@;@@;@@;@@;@7 925 257@;@@;@@;@0@;@@;@0,5
"2931490009"@;@911 400@;@45 120@;@@;@@;@@;@@;@911 400@;@@;@@;@0,3@;@@;@0,56
"0204100000"@;@51 800@;@@;@@;@@;@@;@@;@51 800@;@@;@@;@0@;@@;@0,5
"8486909008"@;@22 557@;@@;@@;@@;@@;@@;@22 557@;@@;@@;@0@;@@;@0,5
"7307239000"@;@252 551@;@@;@1 350 924@;@1 350 924@;@1 151 219@;@75 051@;@1 528 424@;@0@;@0@;@0,3@;@0@;@0,14
"0802610000"@;@3 899@;@@;@@;@@;@@;@@;@3 899@;@@;@@;@0@;@@;@0,5
"4104111000"@;@64 851@;@17 767 582@;@30 929 005@;@31 501 216@;@23 496 864@;@9 413 028@;@21 580 828@;@572 211@;@64 851@;@0,6@;@38 910,6@;@2,77
"7304191009"@;@19 602 222@;@@;@@;@@;@@;@@;@19 602 222@;@@;@@;@0@;@@;@0,5
"4823400000"@;@79 519@;@103 857@;@8 543 389@;@8 962 266@;@8 428 188@;@122 381@;@8 500 527@;@418 877@;@79 519@;@1@;@79 519@;@1,78
"5509530000"@;@5 229 484@;@2 495 298@;@@;@@;@@;@@;@5 229 484@;@@;@@;@0,3@;@@;@0,56
"2937190000"@;@107 583@;@@;@@;@@;@@;@@;@107 583@;@@;@@;@0@;@@;@0,5
"7116100000"@;@868@;@@;@@;@@;@@;@@;@868@;@@;@@;@0@;@@;@0,5
"4411940000"@;@@;@@;@417 255@;@450 275@;@401 142@;@254 709@;@401 142@;@33 020@;@@;@0,3@;@@;@
"3905300000"@;@1 478 693@;@220 877@;@@;@@;@@;@@;@1 478 693@;@@;@@;@0,3@;@@;@0,56
"2101202000"@;@799 363@;@@;@261 691@;@269 926@;@236 200@;@4 905@;@1 056 149@;@8 235@;@8 235@;@0,3@;@2 470,5@;@0,44
"8412390000"@;@525 160@;@@;@1 357 447@;@1 766 347@;@1 157 742@;@75 051@;@1 807 556@;@408 900@;@408 900@;@0,3@;@122 670@;@0,44
"703101900"@;@@;@@;@32 674@;@59 407@;@32 462@;@211@;@32 462@;@26 733@;@@;@0,3@;@@;@
"6109901000"@;@@;@@;@11 356 608@;@11 782 520@;@11 325 024@;@268 273@;@11 325 024@;@425 912@;@@;@0,3@;@@;@
"7305110002"@;@38 827@;@@;@@;@@;@@;@@;@38 827@;@@;@@;@0@;@@;@0,5
"5407510000"@;@14 928@;@@;@3 422@;@3 422@;@3 422@;@@;@18 350@;@0@;@0@;@0,3@;@0@;@0,47
"2920901000"@;@43 961@;@@;@@;@@;@@;@@;@43 961@;@@;@@;@0@;@@;@0,5
"2836200000"@;@5 110 511@;@18 689 641@;@59 824 127@;@59 824 127@;@59 338 518@;@8 422 722@;@56 511 916@;@0@;@0@;@0,6@;@0@;@0,17
"9503003900"@;@137 294@;@55 032@;@3 918@;@3 918@;@3 918@;@223@;@85 957@;@0@;@0@;@0,6@;@0@;@0,92
"7304193009"@;@6 167 012@;@@;@@;@@;@@;@@;@6 167 012@;@@;@@;@0@;@@;@0,5
"2916200000"@;@143 088@;@85@;@@;@@;@@;@@;@143 088@;@@;@@;@0,3@;@@;@0,56
"4823701000"@;@@;@2 456@;@15 268 975@;@15 768 835@;@15 557 078@;@897 638@;@14 371 337@;@499 860@;@@;@1@;@@;@
"3206190000"@;@2 971 102@;@9 125@;@32 490@;@43 320@;@32 490@;@@;@2 994 467@;@10 830@;@10 830@;@1@;@10 830@;@0,7
"5608199000"@;@476 273@;@2 407@;@@;@@;@@;@@;@476 273@;@@;@@;@0,3@;@@;@0,56
"7212506100"@;@3 482@;@@;@@;@@;@@;@@;@3 482@;@@;@@;@0@;@@;@0,5
"2009499909"@;@59 611@;@@;@@;@@;@@;@@;@59 611@;@@;@@;@0@;@@;@0,5
"9030339900"@;@641 420@;@15 637@;@50 199@;@50 199@;@50 199@;@11 637@;@664 345@;@0@;@0@;@0,6@;@0@;@0,6
"8708802009"@;@6 290 758@;@18 680 454@;@11 970@;@11 970@;@11 970@;@@;@6 302 728@;@0@;@0@;@0,6@;@0@;@0,62
"3822190009"@;@29 108 292@;@277 902@;@634 722@;@634 722@;@521 379@;@113 343@;@29 351 769@;@0@;@0@;@1@;@0@;@0,7
"7608208902"@;@@;@10 420@;@@;@@;@@;@@;@0@;@@;@@;@0,3@;@@;@
"8418302001"@;@2 598 198@;@680@;@1 158 180@;@1 169 365@;@1 505 239@;@158 993@;@3 596 705@;@11 185@;@11 185@;@1@;@11 185@;@0,56
"8205598099"@;@2 766 335@;@31 927@;@39 643@;@39 643@;@42 828@;@14 311@;@2 759 740@;@0@;@0@;@1@;@0@;@0,7
"3801209000"@;@24 679@;@28 386@;@@;@@;@@;@@;@24 679@;@@;@@;@0,3@;@@;@0,56
"7219329000"@;@309 102@;@1 686@;@@;@@;@@;@@;@309 102@;@@;@@;@0,3@;@@;@0,56
"403905302"@;@@;@@;@759 718@;@928 050@;@688 934@;@70 784@;@688 934@;@168 332@;@@;@0,3@;@@;@
"2907120000"@;@2 318@;@@;@@;@@;@@;@@;@2 318@;@@;@@;@0@;@@;@0,5
"4402200000"@;@965 346@;@5 456@;@@;@@;@@;@@;@965 346@;@@;@@;@0,3@;@@;@0,56
"2932140000"@;@76 720@;@@;@@;@@;@@;@@;@76 720@;@@;@@;@0@;@@;@0,5
"2007911000"@;@409 243@;@6 618@;@133 315@;@133 315@;@133 315@;@569@;@535 371@;@0@;@0@;@0,6@;@0@;@0,5
"2201109000"@;@214 348@;@94 211@;@2 866 632@;@4 613 285@;@1 503 323@;@704 764@;@2 376 216@;@1 746 653@;@214 348@;@1@;@214 348@;@2,69
"4202129900"@;@330 313@;@1 029@;@@;@@;@@;@@;@330 313@;@@;@@;@0,7@;@@;@0,64
"1514119009"@;@438 257@;@@;@@;@@;@@;@@;@438 257@;@@;@@;@0@;@@;@0,5
"305309090"@;@@;@@;@5 113@;@5 113@;@5 113@;@@;@5 113@;@0@;@@;@0,3@;@@;@
"3904900000"@;@269 506@;@@;@5 624 906@;@6 149 288@;@1 905 680@;@15 693 980@;@1 905 680@;@524 382@;@269 506@;@0,3@;@80 851,8@;@0,71
"8407343001"@;@6 617@;@@;@@;@@;@@;@@;@6 617@;@@;@@;@0@;@@;@0,5
"0207136000"@;@7 686@;@@;@@;@@;@@;@@;@7 686@;@@;@@;@0@;@@;@0,5
"8463300000"@;@2 773 664@;@30 699@;@@;@@;@@;@@;@2 773 664@;@@;@@;@0,3@;@@;@0,56
"8471606000"@;@2 512 234@;@1 589@;@@;@@;@@;@@;@2 512 234@;@@;@@;@0,3@;@@;@0,56
"4303109060"@;@11 178@;@15 118@;@77 888@;@116 275@;@38 387@;@39 501@;@49 565@;@38 387@;@11 178@;@0,6@;@6 706,8@;@1,26
"8703331990"@;@152 668@;@@;@@;@@;@@;@@;@152 668@;@@;@@;@0@;@@;@0,5
"8539100001"@;@5 251@;@536@;@780 050@;@780 050@;@780 050@;@242 795@;@542 506@;@0@;@0@;@0,6@;@0@;@0,12
"6505001000"@;@1 286@;@186 860@;@538 880@;@679 204@;@324 704@;@219 632@;@320 534@;@140 324@;@1 286@;@0,6@;@771,6@;@32,86
"8537109101"@;@@;@@;@18 328@;@18 328@;@18 328@;@@;@18 328@;@0@;@@;@0,3@;@@;@
"2932201000"@;@91 506@;@@;@10 655@;@10 655@;@10 655@;@@;@102 161@;@0@;@0@;@0,7@;@0@;@0,59
"7322190000"@;@14 009 952@;@3 045 542@;@27 552 804@;@27 742 457@;@23 375 142@;@2 370 429@;@39 192 327@;@189 653@;@189 653@;@1@;@189 653@;@0,38
"5501100001"@;@@;@@;@2 196 667@;@2 196 667@;@751 920@;@1 444 747@;@751 920@;@0@;@@;@0,3@;@@;@
"2818109100"@;@27 790@;@@;@17 064@;@17 064@;@17 064@;@@;@44 854@;@0@;@0@;@0,3@;@0@;@0,37
"8205510010"@;@56 883@;@5@;@@;@@;@@;@@;@56 883@;@@;@@;@0,3@;@@;@0,56
"8524910090"@;@97 587@;@@;@@;@@;@@;@@;@97 587@;@@;@@;@0@;@@;@0,5
"3005100000"@;@2 512 606@;@14 625@;@3 378 471@;@4 541 671@;@2 989 558@;@659 261@;@5 231 816@;@1 163 200@;@1 163 200@;@1@;@1 163 200@;@0,58
"8708929901"@;@257 174@;@@;@@;@@;@@;@@;@257 174@;@@;@@;@0@;@@;@0,5
"8421290001"@;@59 669@;@@;@9 286@;@9 286@;@9 286@;@@;@68 955@;@0@;@0@;@0,3@;@0@;@0,49
"9027908000"@;@1 150 046@;@535 689@;@@;@@;@@;@@;@1 150 046@;@@;@@;@0,3@;@@;@0,56
"8708805501"@;@7 875 836@;@218 598@;@@;@@;@@;@@;@7 875 836@;@@;@@;@0,3@;@@;@0,56
"2008506900"@;@1 981@;@@;@@;@@;@@;@@;@1 981@;@@;@@;@0@;@@;@0,5
"2710192100"@;@13 616 691@;@26 551 312@;@216 846 443@;@280 631 380@;@216 796 976@;@4 415 463@;@226 047 671@;@63 784 937@;@13 616 691@;@0,6@;@8 170 014,6@;@1,56
"8423900009"@;@1 054 742@;@125@;@@;@@;@@;@@;@1 054 742@;@@;@@;@0,3@;@@;@0,56
"2204210900"@;@1 714@;@@;@@;@@;@@;@@;@1 714@;@@;@@;@0@;@@;@0,5
"8407909000"@;@@;@@;@1 350 924@;@1 350 924@;@1 151 219@;@75 051@;@1 151 219@;@0@;@@;@0,3@;@@;@
"8413603909"@;@@;@@;@@;@@;@@;@@;@0@;@@;@@;@0,4@;@@;@
"2841800000"@;@14@;@@;@@;@@;@@;@@;@14@;@@;@@;@0@;@@;@0,5
"7601209900"@;@@;@@;@3 003 599@;@3 013 288@;@3 003 599@;@@;@3 003 599@;@9 689@;@@;@0,3@;@@;@
"8524110090"@;@5 016@;@5 901@;@@;@@;@@;@@;@5 016@;@@;@@;@0,3@;@@;@0,56
"0302240000"@;@27 416@;@@;@@;@@;@@;@@;@27 416@;@@;@@;@0@;@@;@0,5
"2833400000"@;@209 490@;@4 317@;@@;@@;@@;@@;@209 490@;@@;@@;@0,7@;@@;@0,64
"8501613000"@;@6 046@;@@;@3 178@;@3 178@;@3 178@;@@;@9 224@;@0@;@0@;@0,3@;@0@;@0,39
"9406101000"@;@118 476@;@1 250@;@117 633@;@117 633@;@117 633@;@@;@236 109@;@0@;@0@;@0,6@;@0@;@0,37
"7507120000"@;@2 213 863@;@@;@@;@@;@@;@@;@2 213 863@;@@;@@;@0@;@@;@0,5
"7213919000"@;@2 175 970@;@@;@10 585@;@11 908@;@10 585@;@@;@2 186 555@;@1 323@;@1 323@;@0,3@;@396,9@;@0,56
"9031809800"@;@10 323 888@;@2 533 076@;@1 900 468@;@1 900 468@;@1 700 763@;@75 051@;@9 616 229@;@0@;@0@;@0,6@;@0@;@0,66
"2936290001"@;@196 124@;@@;@@;@@;@@;@@;@196 124@;@@;@@;@0@;@@;@0,5
"2009315909"@;@26@;@@;@@;@@;@@;@@;@26@;@@;@@;@0@;@@;@0,5
"0602202000"@;@1 849 850@;@71 781@;@@;@@;@@;@@;@1 849 850@;@@;@@;@0,7@;@@;@0,64
"1504101000"@;@@;@@;@95 236@;@95 236@;@103 920@;@36 955@;@103 920@;@0@;@@;@0,3@;@@;@
"6003309000"@;@158 798@;@@;@31 339@;@31 339@;@31 339@;@3 134@;@187 003@;@0@;@0@;@0,3@;@0@;@0,48
"3906902000"@;@319 967@;@@;@4 834 325@;@5 220 609@;@4 798 739@;@35 586@;@5 118 706@;@386 284@;@319 967@;@0,3@;@95 990,1@;@0,45
"7616991009"@;@@;@@;@697 390@;@705 132@;@1 621 854@;@3 342@;@1 621 854@;@7 742@;@@;@0,3@;@@;@
"8708219009"@;@126 155@;@2 706@;@@;@@;@@;@@;@126 155@;@@;@@;@0,3@;@@;@0,56
"8201600000"@;@134 777@;@64@;@5 807@;@10 863@;@751@;@5 056@;@135 464@;@5 056@;@5 056@;@1@;@5 056@;@0,71
"8426200000"@;@23 254 715@;@131 702@;@2 271 773@;@2 271 773@;@2 271 773@;@@;@25 394 786@;@0@;@0@;@1@;@0@;@0,66
"4412999000"@;@@;@@;@1 339 848@;@1 339 848@;@718 701@;@621 147@;@718 701@;@0@;@@;@0,3@;@@;@
"8426911009"@;@1 020 559@;@@;@279 201@;@390 094@;@250 961@;@1 542@;@1 298 218@;@110 893@;@110 893@;@0,3@;@33 267,9@;@0,49
"8517692000"@;@521 785@;@@;@@;@@;@@;@@;@521 785@;@@;@@;@0@;@@;@0,5
"6103420001"@;@1 639 075@;@39 737 487@;@3 183 465@;@3 431 510@;@2 340 136@;@259 262@;@4 563 278@;@248 045@;@248 045@;@1@;@248 045@;@0,42
"9208100000"@;@632@;@@;@@;@@;@@;@@;@632@;@@;@@;@0@;@@;@0,5
"5811000000"@;@2 569 002@;@20 163@;@946 483@;@1 016 997@;@926 914@;@68 128@;@3 427 194@;@70 514@;@70 514@;@0,6@;@42 308,4@;@0,5
"8111001100"@;@337 971@;@@;@@;@@;@@;@@;@337 971@;@@;@@;@0@;@@;@0,5
"9029100001"@;@5 441 641@;@84 855@;@@;@@;@@;@@;@5 441 641@;@@;@@;@0,3@;@@;@0,56
"4504101900"@;@210 949@;@@;@@;@@;@@;@@;@210 949@;@@;@@;@0@;@@;@0,5
"403109100"@;@@;@@;@12 878 537@;@12 933 547@;@12 236 987@;@641 548@;@12 236 987@;@55 010@;@@;@0,3@;@@;@
"8542313000"@;@1 691 299@;@1 372@;@1 857 645@;@2 486 332@;@1 857 645@;@@;@3 548 944@;@628 687@;@628 687@;@0,6@;@377 212,2@;@0,47
"8601100000"@;@539 560@;@@;@16 590@;@16 590@;@16 590@;@@;@556 150@;@0@;@0@;@0,3@;@0@;@0,55
"6307200000"@;@525 005@;@25 228@;@211 648@;@216 915@;@211 648@;@@;@711 425@;@5 267@;@5 267@;@1@;@5 267@;@0,57
"8474399009"@;@@;@@;@86 902@;@86 902@;@86 902@;@@;@86 902@;@0@;@@;@0,3@;@@;@
"7218100001"@;@@;@@;@6 260 659@;@6 260 659@;@5 454 872@;@805 787@;@5 454 872@;@0@;@@;@0,3@;@@;@
"8426110000"@;@11 640 196@;@2 600@;@8 388 027@;@20 264 290@;@1 986 927@;@@;@20 025 623@;@11 876 263@;@11 640 196@;@1@;@11 640 196@;@0,8
"8208200000"@;@143 955@;@@;@@;@@;@@;@@;@143 955@;@@;@@;@0@;@@;@0,5
"3707100000"@;@247 318@;@64 822@;@@;@@;@@;@@;@247 318@;@@;@@;@0,3@;@@;@0,56
"7612903000"@;@45 356@;@@;@@;@@;@@;@@;@45 356@;@@;@@;@0@;@@;@0,5
"8483908100"@;@2 191 890@;@13 042@;@1 462 744@;@1 462 744@;@1 266 255@;@78 012@;@3 563 580@;@0@;@0@;@0,6@;@0@;@0,43
"3603600000"@;@1 084 942@;@1 250@;@@;@@;@@;@@;@1 084 942@;@@;@@;@0,3@;@@;@0,56
"7315119000"@;@2 960 778@;@8 240@;@1 390 267@;@1 407 675@;@1 190 562@;@75 051@;@4 267 754@;@17 408@;@17 408@;@1@;@17 408@;@0,55
"6206100000"@;@354 593@;@5 436@;@43 811@;@43 811@;@43 811@;@@;@392 968@;@0@;@0@;@0,6@;@0@;@0,57
"4010350000"@;@2 644 953@;@946@;@130 134@;@130 134@;@130 134@;@@;@2 774 141@;@0@;@0@;@0,6@;@0@;@0,6
"5603911000"@;@@;@@;@8 415 232@;@9 182 353@;@2 724 276@;@5 754 009@;@2 724 276@;@767 121@;@@;@0,3@;@@;@
"2404110001"@;@@;@14 782 717@;@@;@@;@@;@@;@0@;@@;@@;@0,3@;@@;@
"6104192000"@;@2 021@;@511 413@;@4 425 413@;@4 431 767@;@3 918 080@;@515 514@;@3 911 920@;@6 354@;@2 021@;@0,6@;@1 212,6@;@1,06
"3506990000"@;@3 065 068@;@48 942@;@4 204 859@;@5 838 726@;@4 032 099@;@230 786@;@7 039 141@;@1 633 867@;@1 633 867@;@1@;@1 633 867@;@0,58
"8413308001"@;@21 235 310@;@107@;@1 402 670@;@1 402 764@;@1 202 965@;@78 553@;@22 559 320@;@94@;@94@;@0,6@;@56,4@;@0,59
"5606009900"@;@531 176@;@1 326@;@@;@@;@@;@@;@531 176@;@@;@@;@0,3@;@@;@0,56
"8484100001"@;@1 807 876@;@116@;@@;@@;@@;@@;@1 807 876@;@@;@@;@0,3@;@@;@0,56
"2007995003"@;@244@;@408 862@;@@;@@;@@;@@;@244@;@@;@@;@0,3@;@@;@0,56
"1704906500"@;@17 787 754@;@2 309 638@;@5 950 100@;@6 089 701@;@5 836 576@;@582 654@;@20 845 562@;@139 601@;@139 601@;@0,6@;@83 760,6@;@0,55
"8429521009"@;@115 646 486@;@751 814@;@31 274 274@;@31 274 274@;@32 782 531@;@881 220@;@145 287 726@;@0@;@0@;@1@;@0@;@0,6
"0402291900"@;@@;@1 887@;@@;@@;@@;@@;@0@;@@;@@;@0,3@;@@;@
"8542311000"@;@@;@@;@516 120@;@524 332@;@463 997@;@52 123@;@463 997@;@8 212@;@@;@0,3@;@@;@
"2009893400"@;@@;@188@;@1 577 813@;@1 605 541@;@1 572 013@;@26 792@;@1 551 021@;@27 728@;@@;@0,6@;@@;@
"6812999008"@;@815 895@;@1 617@;@@;@@;@@;@@;@815 895@;@@;@@;@0,7@;@@;@0,64
"8536699000"@;@6 135 564@;@654 941@;@948 511@;@948 511@;@568 387@;@526 331@;@5 902 803@;@0@;@0@;@1@;@0@;@0,72
"9021109000"@;@@;@@;@159 300@;@199 125@;@124 648@;@34 652@;@124 648@;@39 825@;@@;@0,3@;@@;@
"9405310000"@;@372 625@;@@;@8 584@;@8 584@;@8 584@;@@;@381 209@;@0@;@0@;@0,7@;@0@;@0,63
"2101309900"@;@14 597@;@@;@@;@@;@@;@@;@14 597@;@@;@@;@0@;@@;@0,5
"8480490000"@;@893 444@;@@;@@;@@;@@;@@;@893 444@;@@;@@;@0@;@@;@0,5
"8467298509"@;@4 242 313@;@168 831@;@@;@@;@@;@@;@4 242 313@;@@;@@;@0,3@;@@;@0,56
"9405110011"@;@376 494@;@9 754@;@@;@@;@@;@@;@376 494@;@@;@@;@0,7@;@@;@0,64
"0406909909"@;@7 150 336@;@8 755@;@@;@@;@@;@@;@7 150 336@;@@;@@;@0,7@;@@;@0,64
"8512301001"@;@83 282@;@@;@126 424@;@172 240@;@126 424@;@@;@209 706@;@45 816@;@45 816@;@0,3@;@13 744,8@;@0,42
"8506109809"@;@502@;@@;@@;@@;@@;@@;@502@;@@;@@;@0@;@@;@0,5
"3001909100"@;@984 881@;@@;@@;@@;@@;@@;@984 881@;@@;@@;@0@;@@;@0,5
"0811209000"@;@9 972@;@@;@@;@@;@@;@@;@9 972@;@@;@@;@0@;@@;@0,5
"8525500000"@;@85 421@;@27 580@;@@;@@;@@;@@;@85 421@;@@;@@;@0,3@;@@;@0,56
"4407959900"@;@69 253@;@@;@@;@@;@@;@@;@69 253@;@@;@@;@0@;@@;@0,5
"7220110001"@;@@;@@;@44 993@;@62 483@;@44 993@;@1 849@;@44 993@;@17 490@;@@;@0,3@;@@;@
"2204228400"@;@@;@@;@225 929@;@225 929@;@200 096@;@15 134@;@200 096@;@0@;@@;@0,3@;@@;@
"6207220000"@;@535@;@@;@83 426@;@83 426@;@83 426@;@@;@83 961@;@0@;@0@;@0,3@;@0@;@0,06
"7318190008"@;@4 658 562@;@76 222@;@173 509@;@189 944@;@172 470@;@1 039@;@4 754 810@;@16 435@;@16 435@;@1@;@16 435@;@0,69
"2853903000"@;@7 423@;@@;@4 462@;@6 011@;@4 606@;@346@;@11 539@;@1 549@;@1 549@;@0,3@;@464,7@;@0,44
"8705903001"@;@7 283 913@;@@;@260 705@;@260 705@;@260 705@;@@;@7 544 618@;@0@;@0@;@0,3@;@0@;@0,54
"9508250000"@;@490@;@500@;@@;@@;@@;@@;@490@;@@;@@;@0,3@;@@;@0,56
"8415810090"@;@15 827 517@;@703 311@;@299 317@;@299 317@;@299 317@;@88 837@;@15 334 686@;@0@;@0@;@0,6@;@0@;@0,64
"1002900000"@;@75 390@;@@;@@;@@;@@;@@;@75 390@;@@;@@;@0@;@@;@0,5
"3824509000"@;@982 212@;@18 392@;@69 867 387@;@93 039 704@;@68 152 420@;@3 067 087@;@67 782 512@;@23 172 317@;@982 212@;@1@;@982 212@;@7,28
"5509410000"@;@115 674@;@22 826@;@@;@@;@@;@@;@115 674@;@@;@@;@0,3@;@@;@0,56
"0406909200"@;@84 409@;@@;@@;@@;@@;@@;@84 409@;@@;@@;@0@;@@;@0,5
"5007205100"@;@745@;@93 532@;@407 428@;@436 530@;@407 428@;@@;@408 173@;@29 102@;@745@;@0,6@;@447@;@11,84
"0909320000"@;@12 561@;@@;@@;@@;@@;@@;@12 561@;@@;@@;@0@;@@;@0,5
"8513900000"@;@1 208@;@@;@15 051@;@18 061@;@15 051@;@@;@16 259@;@3 010@;@1 208@;@0,3@;@362,4@;@0,84
"0305321900"@;@1 861@;@@;@@;@@;@@;@@;@1 861@;@@;@@;@0@;@@;@0,5
"6204231000"@;@@;@382 945@;@160 728@;@177 938@;@168 117@;@243@;@160 485@;@17 210@;@@;@1@;@@;@
"6115309000"@;@10 416@;@90 241@;@1 135 841@;@1 193 946@;@1 135 841@;@@;@1 146 257@;@58 105@;@10 416@;@0,6@;@6 249,6@;@1,8
"3204120000"@;@1 344 816@;@3 834@;@@;@@;@@;@@;@1 344 816@;@@;@@;@0,7@;@@;@0,64
"6812930000"@;@@;@@;@7 089 795@;@7 089 795@;@7 089 795@;@@;@7 089 795@;@0@;@@;@0,3@;@@;@
"0910120000"@;@75 188@;@2 208@;@@;@@;@@;@@;@75 188@;@@;@@;@0,3@;@@;@0,56
"9017203900"@;@72 864@;@82@;@@;@@;@@;@@;@72 864@;@@;@@;@0,3@;@@;@0,56
"6603200000"@;@4 224@;@@;@@;@@;@@;@@;@4 224@;@@;@@;@0@;@@;@0,5
"7606920000"@;@2 114 634@;@@;@987 253@;@987 253@;@987 253@;@@;@3 101 887@;@0@;@0@;@0,3@;@0@;@0,4
"9018491000"@;@465 441@;@@;@17 565@;@@;@17 565@;@@;@483 006@;@@;@@;@0,3@;@@;@0,54
"7413000008"@;@165 606@;@521 348@;@@;@@;@@;@@;@165 606@;@@;@@;@0,3@;@@;@0,56
"2306300000"@;@26 606 854@;@@;@15 302 589@;@15 454 096@;@5 077 566@;@10 350 456@;@31 558 987@;@151 507@;@151 507@;@0,3@;@45 452,1@;@0,48
"5402110000"@;@16 257@;@@;@13 634 433@;@13 768 082@;@10 115 304@;@4 698 498@;@8 952 192@;@133 649@;@16 257@;@0,3@;@4 877,1@;@2,53
"9612102000"@;@4 620@;@4 993@;@2 279 871@;@2 489 290@;@2 279 871@;@@;@2 284 491@;@209 419@;@4 620@;@0,6@;@2 772@;@13,72
"401509900"@;@@;@@;@1 236 653@;@1 248 150@;@1 055 216@;@181 437@;@1 055 216@;@11 497@;@@;@0,3@;@@;@
"7013339100"@;@3 026@;@@;@@;@@;@@;@@;@3 026@;@@;@@;@0@;@@;@0,5
"8411810008"@;@429@;@@;@@;@@;@@;@@;@429@;@@;@@;@0@;@@;@0,5
"4106401000"@;@@;@@;@48 394@;@48 394@;@48 394@;@@;@48 394@;@0@;@@;@0,3@;@@;@
"9403609000"@;@7 046 652@;@1 588 093@;@70 695 732@;@85 586 933@;@69 310 583@;@4 580 124@;@73 162 260@;@14 891 201@;@7 046 652@;@1@;@7 046 652@;@0,88
"2501001000"@;@3 333@;@45@;@959 470@;@980 139@;@817 573@;@141 896@;@820 907@;@20 669@;@3 333@;@1@;@3 333@;@2,06
"6203419000"@;@2 036@;@@;@38 887@;@47 913@;@38 887@;@@;@40 923@;@9 026@;@2 036@;@0,3@;@610,8@;@1,41
"5604909000"@;@31 143@;@83 280@;@40 972@;@40 972@;@40 972@;@@;@72 115@;@0@;@0@;@0,6@;@0@;@0,34
"3909100000"@;@402 217@;@@;@2 926 254@;@3 492 889@;@2 906 864@;@31 846@;@3 296 625@;@566 635@;@402 217@;@0,7@;@281 551,9@;@0,62
"8414302004"@;@792 340@;@@;@@;@@;@@;@@;@792 340@;@@;@@;@0@;@@;@0,5
"5605000000"@;@219 057@;@@;@96 401@;@96 401@;@96 401@;@@;@315 458@;@0@;@0@;@0,3@;@0@;@0,41
"3824810000"@;@25 980@;@@;@@;@@;@@;@@;@25 980@;@@;@@;@0@;@@;@0,5
"8501310000"@;@11 579 200@;@6 090@;@31 446@;@31 446@;@31 446@;@@;@11 604 556@;@0@;@0@;@0,6@;@0@;@0,62
"2008303900"@;@21 682@;@@;@@;@@;@@;@@;@21 682@;@@;@@;@0@;@@;@0,5
"7326909802"@;@@;@@;@790@;@790@;@790@;@@;@790@;@0@;@@;@0,3@;@@;@
"3703200000"@;@816 028@;@374@;@@;@@;@@;@@;@816 028@;@@;@@;@0,3@;@@;@0,56
"2710124110"@;@301 362@;@@;@530 701 386@;@530 701 386@;@458 336 514@;@2 732 694@;@528 270 054@;@0@;@0@;@0,3@;@0@;@0,06
"2917340000"@;@3 069 068@;@@;@@;@@;@@;@@;@3 069 068@;@@;@@;@0@;@@;@0,5
"8441103000"@;@600 690@;@10 000@;@@;@@;@@;@@;@600 690@;@@;@@;@0,3@;@@;@0,56
"1511909908"@;@139 113@;@@;@@;@@;@@;@@;@139 113@;@@;@@;@0@;@@;@0,5
"8421192001"@;@402 234@;@@;@21 757@;@22 227@;@21 757@;@@;@423 991@;@470@;@470@;@0,3@;@141@;@0,53
"2813100000"@;@7 724@;@@;@@;@@;@@;@@;@7 724@;@@;@@;@0@;@@;@0,5
"9025198009"@;@1 964 903@;@28 732@;@@;@@;@@;@@;@1 964 903@;@@;@@;@0,3@;@@;@0,56
"3003410000"@;@@;@@;@17 784 131@;@20 741 147@;@14 291 763@;@1 933 220@;@14 291 763@;@2 957 016@;@@;@0,3@;@@;@
"2822000000"@;@85@;@@;@@;@@;@@;@@;@85@;@@;@@;@0@;@@;@0,5
"0805220000"@;@121@;@@;@@;@@;@@;@@;@121@;@@;@@;@0@;@@;@0,5
"8479907000"@;@5 364 875@;@62 287@;@@;@@;@@;@@;@5 364 875@;@@;@@;@0,3@;@@;@0,56
"2909500000"@;@2 844@;@@;@@;@@;@@;@@;@2 844@;@@;@@;@0@;@@;@0,5
"2008994800"@;@133 787@;@@;@@;@@;@@;@@;@133 787@;@@;@@;@0@;@@;@0,5
"8410900009"@;@3 685 621@;@@;@@;@@;@@;@@;@3 685 621@;@@;@@;@0@;@@;@0,5
"8443919100"@;@25 040@;@@;@@;@@;@@;@@;@25 040@;@@;@@;@0@;@@;@0,5
"3925200000"@;@466 025@;@36 910@;@41 810 789@;@42 985 227@;@42 011 965@;@3 972 454@;@38 304 360@;@1 174 438@;@466 025@;@1@;@466 025@;@0,96
"2905168500"@;@1 047 536@;@@;@@;@@;@@;@@;@1 047 536@;@@;@@;@0@;@@;@0,5
"5111308009"@;@48 947@;@@;@@;@@;@@;@@;@48 947@;@@;@@;@0@;@@;@0,5
"8483109509"@;@@;@@;@@;@@;@@;@@;@0@;@@;@@;@0,4@;@@;@
"7219321009"@;@346 486@;@@;@14 576@;@14 576@;@14 576@;@@;@361 062@;@0@;@0@;@0,3@;@0@;@0,54
"7307929000"@;@351 274@;@40 870@;@1 373 376@;@1 373 376@;@1 173 671@;@75 051@;@1 649 599@;@0@;@0@;@0,6@;@0@;@0,23
"7008008900"@;@877 673@;@@;@2 844 989@;@4 025 094@;@2 789 585@;@58 557@;@3 664 105@;@1 180 105@;@877 673@;@0,3@;@263 301,9@;@0,58
"5607410000"@;@332 443@;@23 655@;@575 341@;@681 993@;@516 090@;@510 150@;@397 634@;@106 652@;@106 652@;@1@;@106 652@;@0,71
"2826300000"@;@@;@11 539@;@@;@@;@@;@@;@0@;@@;@@;@0,3@;@@;@
"6006220000"@;@688 187@;@103 414 659@;@140 371 639@;@159 575 910@;@127 147 875@;@10 994 939@;@130 064 887@;@19 204 271@;@688 187@;@1@;@688 187@;@8,57
"8703231987"@;@@;@@;@@;@@;@@;@@;@0@;@@;@@;@0,4@;@@;@
"1205109000"@;@335 347@;@10 680@;@@;@@;@@;@@;@335 347@;@@;@@;@0,3@;@@;@0,56
"0806101000"@;@74 289@;@173 242 538@;@@;@@;@@;@@;@74 289@;@@;@@;@0,3@;@@;@0,56
"6902201000"@;@520 443@;@@;@12 815 873@;@13 026 484@;@7 808 045@;@5 980 474@;@7 355 842@;@210 611@;@210 611@;@0,3@;@63 183,3@;@0,22
"8422110000"@;@1 390 646@;@2 520@;@@;@@;@@;@@;@1 390 646@;@@;@@;@0,3@;@@;@0,56
"9507201000"@;@6 119@;@@;@@;@@;@@;@@;@6 119@;@@;@@;@0@;@@;@0,5
"1905313000"@;@74 226@;@35 752@;@3 966 812@;@3 976 484@;@3 956 756@;@13 423@;@4 027 615@;@9 672@;@9 672@;@0,6@;@5 803,2@;@0,17
"5603949000"@;@79 871@;@3 129 330@;@1 283 021@;@1 548 096@;@1 269 446@;@67 811@;@1 295 081@;@265 075@;@79 871@;@1@;@79 871@;@1,23
"2917139000"@;@1 740@;@@;@@;@@;@@;@@;@1 740@;@@;@@;@0@;@@;@0,5
"2008805000"@;@403 711@;@@;@@;@@;@@;@@;@403 711@;@@;@@;@0@;@@;@0,5
"2913000000"@;@52@;@@;@@;@@;@@;@@;@52@;@@;@@;@0@;@@;@0,5
"6302590000"@;@@;@@;@599 507@;@625 503@;@371 782@;@52 371@;@371 782@;@25 996@;@@;@0,3@;@@;@
"8607190109"@;@@;@@;@111 432@;@111 432@;@111 432@;@@;@111 432@;@0@;@@;@0,3@;@@;@
"3301241000"@;@2 738@;@@;@@;@@;@@;@@;@2 738@;@@;@@;@0@;@@;@0,5
"9506610000"@;@235 132@;@432@;@@;@@;@@;@@;@235 132@;@@;@@;@0,3@;@@;@0,56
"3209900000"@;@3 356 331@;@150 449@;@1 794 595@;@1 873 929@;@1 645 508@;@301 191@;@4 699 286@;@79 334@;@79 334@;@1@;@79 334@;@0,56
"4206000000"@;@@;@@;@192 506@;@245 562@;@136 421@;@56 164@;@136 421@;@53 056@;@@;@0,3@;@@;@
"8466912000"@;@17 488@;@@;@322 321@;@322 321@;@322 321@;@115 653@;@224 156@;@0@;@0@;@0,3@;@0@;@0,1
"6115109000"@;@35 094@;@219 508@;@1 360 778@;@1 422 081@;@668 480@;@1 040 338@;@355 534@;@61 303@;@35 094@;@0,6@;@21 056,4@;@0,69
"5206220000"@;@@;@@;@15 892 386@;@27 829 209@;@3 208 948@;@12 683 438@;@3 208 948@;@11 936 823@;@@;@0,3@;@@;@
"7320909001"@;@7 508 988@;@113 731@;@@;@@;@@;@@;@7 508 988@;@@;@@;@0,3@;@@;@0,56
"2208906909"@;@499 581@;@@;@15 964 659@;@17 364 886@;@13 142 903@;@588 843@;@15 875 397@;@1 400 227@;@499 581@;@0,3@;@149 874,3@;@0,92
"5407100010"@;@69 850@;@2 550@;@1 997 794@;@2 022 055@;@1 180 669@;@1 060 059@;@1 007 585@;@24 261@;@24 261@;@0,6@;@14 556,6@;@0,26
"7222208100"@;@@;@@;@790@;@2 765@;@790@;@@;@790@;@1 975@;@@;@0,3@;@@;@
"2830100000"@;@1 432 124@;@1 576 070@;@1 962 801@;@1 962 801@;@1 962 801@;@@;@3 394 925@;@0@;@0@;@1@;@0@;@0,41
"5208329600"@;@14 095@;@212 550@;@@;@@;@@;@@;@14 095@;@@;@@;@0,7@;@@;@0,64
"4407959100"@;@50 944@;@@;@@;@@;@@;@@;@50 944@;@@;@@;@0@;@@;@0,5
"3101000000"@;@989 455@;@43 620@;@1 045 812@;@1 136 784@;@1 037 124@;@46 667@;@1 988 600@;@90 972@;@90 972@;@1@;@90 972@;@0,48
"2928001000"@;@@;@542@;@@;@@;@@;@@;@0@;@@;@@;@0,3@;@@;@
"5303900000"@;@4 416@;@36 026@;@366 777@;@437 739@;@147 256@;@26 486@;@344 707@;@70 962@;@4 416@;@0,6@;@2 649,6@;@4,95
"8415830009"@;@@;@@;@@;@@;@@;@@;@0@;@@;@@;@0,4@;@@;@
"8501510005"@;@@;@@;@@;@@;@@;@@;@0@;@@;@@;@0,4@;@@;@
"8432301100"@;@@;@@;@72 960@;@121 600@;@52 412@;@20 549@;@52 412@;@48 640@;@@;@0,3@;@@;@
"8443150000"@;@322 725@;@@;@@;@@;@@;@@;@322 725@;@@;@@;@0@;@@;@0,5
"4808100000"@;@94 229@;@15 627@;@5 484 929@;@6 050 331@;@5 206 750@;@371 683@;@5 207 475@;@565 402@;@94 229@;@1@;@94 229@;@2,01
"0307119000"@;@242 877@;@@;@@;@@;@@;@@;@242 877@;@@;@@;@0@;@@;@0,5
"4002193000"@;@1 277 886@;@@;@@;@@;@@;@@;@1 277 886@;@@;@@;@0@;@@;@0,5
"8428208001"@;@10 561@;@@;@16 764@;@19 558@;@16 764@;@@;@27 325@;@2 794@;@2 794@;@0,3@;@838,2@;@0,33
"5911311100"@;@39 130@;@@;@271 751@;@271 751@;@275 005@;@@;@310 881@;@0@;@0@;@0,3@;@0@;@0,12
"8416201000"@;@1 047 073@;@53 871@;@@;@@;@@;@@;@1 047 073@;@@;@@;@0,3@;@@;@0,56
"8423813000"@;@36 851@;@@;@@;@@;@@;@@;@36 851@;@@;@@;@0@;@@;@0,5
"1520000000"@;@2 742@;@452@;@217 947@;@219 300@;@178 446@;@57 341@;@163 348@;@1 353@;@1 353@;@0,6@;@811,8@;@0,28
"5503300000"@;@210 092@;@@;@@;@@;@@;@@;@210 092@;@@;@@;@0@;@@;@0,5
"0406908900"@;@1 050 028@;@@;@@;@@;@@;@@;@1 050 028@;@@;@@;@0,4@;@@;@0,58
"2526200000"@;@411 000@;@138 875@;@13 329@;@13 329@;@13 329@;@@;@285 454@;@0@;@0@;@0,6@;@0@;@0,84
"8714101000"@;@110 778@;@45@;@@;@@;@@;@@;@110 778@;@@;@@;@0,3@;@@;@0,56
"8501320009"@;@@;@@;@41 198@;@41 198@;@41 198@;@@;@41 198@;@0@;@@;@0,7@;@@;@
"3004500006"@;@410 318@;@4@;@@;@@;@@;@@;@410 318@;@@;@@;@0,3@;@@;@0,56
"3002140000"@;@134 393@;@@;@@;@@;@@;@@;@134 393@;@@;@@;@0@;@@;@0,5
"3004900000"@;@@;@@;@434 132@;@434 132@;@266 193@;@184 714@;@266 193@;@0@;@@;@0,3@;@@;@
"8536303000"@;@@;@@;@181 263@;@181 263@;@181 263@;@@;@181 263@;@0@;@@;@0,3@;@@;@
"7222191000"@;@123@;@@;@@;@@;@@;@@;@123@;@@;@@;@0@;@@;@0,5
"5407300000"@;@515@;@750@;@10 691@;@11 879@;@10 691@;@@;@11 206@;@1 188@;@515@;@0,6@;@309@;@0,84
"8419818000"@;@4 894 916@;@66 304@;@131 295@;@131 295@;@131 295@;@5 698@;@4 954 209@;@0@;@0@;@0,6@;@0@;@0,61
"3920995200"@;@@;@@;@8 454@;@11 528@;@8 454@;@@;@8 454@;@3 074@;@@;@0,3@;@@;@
"2008703900"@;@81@;@@;@@;@@;@@;@@;@81@;@@;@@;@0@;@@;@0,5
"5516430000"@;@9 613@;@@;@1 586@;@1 586@;@1 586@;@@;@11 199@;@0@;@0@;@0,3@;@0@;@0,49
"4408393009"@;@72 690@;@@;@@;@@;@@;@@;@72 690@;@@;@@;@0@;@@;@0,5
"7211290000"@;@234 702@;@@;@@;@@;@@;@@;@234 702@;@@;@@;@0@;@@;@0,5
"1515906909"@;@3 480@;@@;@@;@@;@@;@@;@3 480@;@@;@@;@0@;@@;@0,5
"6005361000"@;@132 500@;@@;@@;@@;@@;@@;@132 500@;@@;@@;@0@;@@;@0,5
"2208308800"@;@15 377@;@@;@@;@@;@@;@@;@15 377@;@@;@@;@0@;@@;@0,5
"7307119000"@;@830 573@;@@;@122 896@;@127 804@;@76 584@;@51 401@;@902 068@;@4 908@;@4 908@;@0,3@;@1 472,4@;@0,52
"701909000"@;@@;@@;@546 462@;@601 452@;@546 462@;@@;@546 462@;@54 990@;@@;@0,3@;@@;@
"7019800002"@;@4 599 775@;@1 750 482@;@1 383@;@1 844@;@1 383@;@@;@2 850 676@;@461@;@461@;@1@;@461@;@1,01
"7306307200"@;@735 770@;@@;@@;@@;@@;@@;@735 770@;@@;@@;@0@;@@;@0,5
"5211520000"@;@13 459@;@@;@@;@@;@@;@@;@13 459@;@@;@@;@0@;@@;@0,5
"8519816109"@;@3 849@;@@;@@;@@;@@;@@;@3 849@;@@;@@;@0@;@@;@0,5
"8704329209"@;@2 399 300@;@137 952@;@28 280 887@;@31 623 995@;@16 633 912@;@11 646 975@;@19 033 212@;@3 343 108@;@2 399 300@;@0,6@;@1 439 580@;@0,6
"3503008009"@;@147 016@;@@;@@;@@;@@;@@;@147 016@;@@;@@;@0@;@@;@0,5
"8530100000"@;@1 079 181@;@102 901@;@1 117 028@;@1 117 028@;@1 117 963@;@@;@2 196 209@;@0@;@0@;@1@;@0@;@0,45
"8429190009"@;@490 461@;@@;@447 367@;@447 367@;@235 737@;@445 873@;@491 955@;@0@;@0@;@0,3@;@0@;@0,56
"7323910000"@;@113 052@;@3 110 226@;@332 038@;@362 714@;@321 515@;@10 524@;@434 566@;@30 676@;@30 676@;@1@;@30 676@;@0,41
"7209161000"@;@5 983 020@;@@;@@;@@;@@;@@;@5 983 020@;@@;@@;@0@;@@;@0,5
"2807000009"@;@@;@494@;@@;@@;@@;@@;@0@;@@;@@;@0,3@;@@;@
"8716800000"@;@2 138 896@;@72 116@;@2 424 576@;@2 508 401@;@2 799 897@;@24 178@;@4 539 294@;@83 825@;@83 825@;@1@;@83 825@;@0,45
"1602329000"@;@9 409@;@484@;@24 253@;@24 253@;@24 253@;@@;@33 662@;@0@;@0@;@0,6@;@0@;@0,26
"8443321002"@;@291 316@;@34 421@;@@;@@;@@;@@;@291 316@;@@;@@;@0,3@;@@;@0,56
"9405190039"@;@1 356 300@;@3 698@;@@;@@;@@;@@;@1 356 300@;@@;@@;@0,3@;@@;@0,56
"3917310009"@;@@;@@;@74 259@;@300 190@;@65 221@;@56 283@;@65 221@;@225 931@;@@;@0,3@;@@;@
"2921210000"@;@25 528@;@2 326@;@@;@@;@@;@@;@25 528@;@@;@@;@0,7@;@@;@0,64
"7304318000"@;@9 383 590@;@6 832@;@302 117@;@303 378@;@302 117@;@@;@9 678 875@;@1 261@;@1 261@;@0,6@;@756,6@;@0,6
"7212408000"@;@2 987 046@;@81 637@;@@;@@;@@;@@;@2 987 046@;@@;@@;@0,3@;@@;@0,56
"2201900000"@;@485 599@;@180 467@;@1 433 322@;@1 458 845@;@1 400 956@;@116 482@;@1 802 439@;@25 523@;@25 523@;@1@;@25 523@;@0,35
"9401390000"@;@9 753 984@;@171 011@;@1 818 579@;@1 967 834@;@597 428@;@1 221 151@;@10 180 401@;@149 255@;@149 255@;@1@;@149 255@;@0,68
"8471410000"@;@60 950 013@;@1 599 932@;@18 399 239@;@18 636 989@;@13 255 474@;@5 215 489@;@72 533 831@;@237 750@;@237 750@;@1@;@237 750@;@0,62
"8302420009"@;@@;@@;@255 735@;@255 735@;@237 726@;@66 306@;@237 726@;@0@;@@;@0,3@;@@;@
"4015120009"@;@858 361@;@556 809@;@9 164@;@9 164@;@9 164@;@@;@310 716@;@0@;@0@;@1@;@0@;@1,58
"1104224000"@;@1 946@;@@;@14 882@;@14 882@;@27 378@;@1 479@;@15 349@;@0@;@0@;@0,3@;@0@;@0,12
"3307900001"@;@454 014@;@@;@@;@@;@@;@@;@454 014@;@@;@@;@0@;@@;@0,5
"1702309009"@;@370 955@;@@;@@;@@;@@;@@;@370 955@;@@;@@;@0@;@@;@0,5
"4911109000"@;@230 758@;@11 293@;@@;@@;@@;@@;@230 758@;@@;@@;@0,7@;@@;@0,64
"405105000"@;@@;@@;@225 311@;@225 311@;@225 311@;@1 264@;@225 311@;@0@;@@;@0,3@;@@;@
"2901220000"@;@4 031@;@@;@@;@@;@@;@@;@4 031@;@@;@@;@0@;@@;@0,5
"305410000"@;@@;@@;@72 052@;@72 052@;@43 126@;@22 801@;@43 126@;@0@;@@;@0,3@;@@;@
"3917310001"@;@434 990@;@@;@6 191 112@;@6 260 786@;@6 201 322@;@407 407@;@6 218 695@;@69 674@;@69 674@;@0,3@;@20 902,2@;@0,14
@;@@;@@;@659 773@;@@;@659 773@;@@;@@;@@;@@;@@;@@;@
